fire,site,plot,unique_site_id,date.x,official_fire_scar,latitude,longitude,lat_NAD83,lon_NAD83,elevation,slope,aspect,moisture_class,moisture_numeric,moist,recent_burn,second_burn,triple_burn,reburn_age_original_estimate,triple_age,std_age_max,std_age_min,std_age_avg,StdAge,reburn_class_original,reburn_class_final,pre_fire_vegetation,site_notes,dens.trees,basal.area.trees,dens.shrubs,basal.area.shrubs,ForestType,prefire.trees.biomass,prefire.trees.carbon,combustion.trees.biomass,combustion.trees.carbon,postfire.trees.biomass,postfire.trees.carbon,prefire.shrubs.biomass,prefire.shrubs.carbon,combustion.shrubs.biomass,combustion.shrubs.carbon,postfire.shrubs.biomass,postfire.shrubs.carbon,prefire.snags.biomass,prefire.snags.carbon,combustion.snags.biomass,combustion.snags.carbon,postfire.snags.biomass,postfire.snags.carbon,post.cwd.carbon,pre.cwd.carbon,combustion.cwd.carbon,as.pre.ba,br.pre.ba,bs.pre.ba,bp.pre.ba,ws.pre.ba,uc.pre.ba,ud.pre.ba,unk.pre.ba,as.pre.dens,br.pre.dens,bs.pre.dens,bp.pre.dens,ws.pre.dens,uc.pre.dens,ud.pre.dens,unk.pre.dens,as.pre.biomass,br.pre.biomass,bp.pre.biomass,bs.pre.biomass,ws.pre.biomass,uc.pre.biomass,ud.pre.biomass,unk.pre.biomass,as.comb.biomass,br.comb.biomass,bp.comb.biomass,bs.comb.biomass,ws.comb.biomass,uc.comb.biomass,ud.comb.biomass,unk.comb.biomass,as.post.biomass,br.post.biomass,bp.post.biomass,bs.post.biomass,ws.post.biomass,uc.post.biomass,ud.post.biomass,unk.post.biomass,prefire.above,postfire.above,combustion.above,thaw_d,residualSOL_depth,burn_depth,prefireSOL_depth,residualSOL.C,SOL.C.Combusted,prefireSOL.C,totalC.combusted,prefire.carbon.total,postfire.carbon.total
Aggie,103,A,43,7/18/2021,Aggie Creek,65.24142,-148.14252,1710039.281,273601.108,313,7,249,mesic-subxeric,3,moist,2015,NA,NA,100,NA,96,89,92.7,92.7,LONG,LONG,Black spruce,Hit rock;  residual pockets of deep sohagnum burned out,0.85,4.063650097,NA,NA,Spruce,1197.844,598.922,354.7644235,177.3822118,843.0795765,421.5397882,0,0,0,0,0,0,0,0,0,0,0,0,0,0,0,0,0,4.063650097,0,0,0,0,0,0,0,0.85,0,0,0,0,0,0,0,0,1197.844,0,0,0,0,0,0,0,346.4100985,0,0,0,0,0,0,0,851.4339015,0,0,0,0,598.922,421.5397882,177.3822118,35.66666667,18.25,19.97777778,38.22777778,8381.249078,4070.350676,12451.59975,4247.732888,13050.52175,8802.788866
Aggie,103,B,43,7/18/2021,Aggie Creek,65.24142,-148.14252,1710039.281,273601.108,313,7,249,mesic-subxeric,3,moist,2015,NA,NA,100,NA,96,89,92.7,92.7,LONG,LONG,Black spruce,Hit rock;  residual pockets of deep sohagnum burned out,1.6,9.360375311,NA,NA,Spruce,2407.49665,1203.748325,954.8643974,477.4321987,1452.632253,726.3161263,0,0,0,0,0,0,0,0,0,0,0,0,0,0,0,0,0,9.360375311,0,0,0,0,0,0,0,1.6,0,0,0,0,0,0,0,0,2407.49665,0,0,0,0,0,0,0,904.2590974,0,0,0,0,0,0,0,1503.237553,0,0,0,0,1203.748325,726.3161263,477.4321987,46.66666667,12.83333333,19.64444444,32.47777778,5476.079101,3972.17194,9448.251041,4449.604138,10651.99937,6202.395227
Aggie,111,C,40,7/17/2021,Aggie Creek,65.23943,-148.13654,1709843.016,273899.2616,344,9,23,mesic-subxeric,3,moist,2015,NA,NA,100,NA,104,90,97.7,97.7,LONG,LONG,Black spruce; unburned birch and spruce nearby,Most trees down;  severe burn; a little grassy; lots of birch and spruce regeneration ,1.6,13.72208401,NA,NA,Spruce,3548.50545,1774.252725,1033.83984,516.9199202,2514.66561,1257.332805,0,0,0,0,0,0,0,0,0,0,0,0,28,112,84,0,0,13.72208401,0,0,0,0,0,0,0,1.6,0,0,0,0,0,0,0,0,3548.50545,0,0,0,0,0,0,0,977.6650904,0,0,0,0,0,0,0,2570.84036,0,0,0,0,1886.252725,1285.332805,600.9199202,43,7.916666667,19.53333333,27.45,2965.277046,3967.343705,6932.620751,4568.263625,8818.873476,4250.609851
Aggie,89,A,41,7/18/2021,Aggie Creek,65.2315,-148.13765,1708958.101,273925.4582,376,2,259,subhygric,6,wet,2015,NA,NA,100,NA,90,89,89.7,89.7,LONG,LONG,Black spruce and tussocks,Soils collected intertussock; low severity,0.85,9.440878623,1.3,0.324369441,Spruce,2403.097,1201.5485,406.4702084,203.2351042,1996.626792,998.3133958,8.099668939,4.04983447,6.633114466,3.316557233,1.466554473,0.733277237,0,0,0,0,0,0,0,0,0,0,0,9.440878623,0,0,0,0,0,0,0,0.85,0,0,0,0,0,0,0,0,2403.097,0,0,0,0,0,0,0,388.3184834,0,0,0,0,0,0,0,2014.778517,0,0,0,0,1205.598334,999.046673,206.5516614,65.5,16.16666667,14.64444445,30.81111111,6118.73515,2789.822977,8908.558127,2996.374639,10114.15646,7117.781823
Aggie,89,B,41,7/18/2021,Aggie Creek,65.2315,-148.13765,1708958.101,273925.4582,376,2,259,subhygric,6,wet,2015,NA,NA,100,NA,90,89,89.7,89.7,LONG,LONG,Black spruce and tussocks,Soils collected intertussock; low severity,0.8,1.061858317,2.1,0.487732259,Spruce,227.2391,113.61955,65.31267796,32.65633898,161.926422,80.96321102,12.05689126,6.028445628,11.64643031,5.823215153,0.410460949,0.205230474,0,0,0,0,0,0,0,0,0,0,0,1.061858317,0,0,0,0,0,0,0,0.8,0,0,0,0,0,0,0,0,227.2391,0,0,0,0,0,0,0,62.51540296,0,0,0,0,0,0,0,164.723697,0,0,0,0,119.6479956,81.16844149,38.47955413,65,14.83333333,8.45,23.28333333,5514.14563,1449.385977,6963.531608,1487.865531,7083.179603,5595.314072
Aggie,89,C,41,7/18/2021,Aggie Creek,65.2315,-148.13765,1708958.101,273925.4582,376,2,259,subhygric,6,wet,2015,NA,NA,100,NA,90,89,89.7,89.7,LONG,LONG,Black spruce and tussocks,Soils collected intertussock; low severity,1.8,6.889905388,0.2,0.045749443,Spruce,1976.57085,988.285425,282.7653355,141.3826677,1693.805515,846.9027573,1.154084372,0.577042186,1.154084372,0.577042186,0,0,0,0,0,0,0,0,0,0,0,0,0,6.889905388,0,0,0,0,0,0,0,1.8,0,0,0,0,0,0,0,0,1976.57085,0,0,0,0,0,0,0,282.7653355,0,0,0,0,0,0,0,1693.805515,0,0,0,0,988.8624672,846.9027573,141.9597099,44,23.25,7.922222222,31.17222222,9492.881285,1332.149064,10825.03035,1474.108774,11813.89282,10339.78404
Aggie,103,C,43,7/18/2021,Aggie Creek,65.24142,-148.14252,1710039.281,273601.108,313,7,249,mesic-subxeric,3,moist,2015,NA,NA,100,NA,96,89,92.7,92.7,LONG,LONG,Black spruce,Hit rock;  residual pockets of deep sohagnum burned out,1.6,6.254125575,NA,NA,Spruce,1588.3246,794.1623,581.044943,290.5224715,1007.279657,503.6398285,0,0,0,0,0,0,0,0,0,0,0,0,0,0,0,0,0,6.254125575,0,0,0,0,0,0,0,1.6,0,0,0,0,0,0,0,0,1588.3246,0,0,0,0,0,0,0,548.420893,0,0,0,0,0,0,0,1039.903707,0,0,0,0,794.1623,503.6398285,290.5224715,43,11.16666667,25.7,36.86666667,4628.548071,5541.290415,10169.83849,5831.812887,10964.00079,5132.1879
Aggie,109,A,44,7/18/2021,Aggie Creek,65.23398,-148.13544,1709242.533,274004.0791,352,3,223,mesic,4,moist,2015,NA,NA,100,NA,97,94,95,95,LONG,LONG,Black spruce,High severity. Humid later. Spruce and birch regen. Most trees fallen. Deep burning. ,1,11.48291385,NA,NA,Spruce,2969.0089,1484.50445,763.8123272,381.9061636,2205.196573,1102.598286,0,0,0,0,0,0,0,0,0,0,0,0,0,0,0,0,0,11.48291385,0,0,0,0,0,0,0,1,0,0,0,0,0,0,0,0,2969.0089,0,0,0,0,0,0,0,724.3289772,0,0,0,0,0,0,0,2244.679923,0,0,0,0,1484.50445,1102.598286,381.9061636,69,12.33333333,24.64444445,36.97777778,5367.80411,5232.813955,10600.61806,5614.720118,12085.12251,6470.402396
Aggie,109,B,44,7/18/2021,Aggie Creek,65.23398,-148.13544,1709242.533,274004.0791,352,3,223,mesic,4,moist,2015,NA,NA,100,NA,97,94,95,95,LONG,LONG,Black spruce,High severity. Humid later. Spruce and birch regen. Most trees fallen. Deep burning. ,0.95,8.419075613,NA,NA,Spruce,2171.22855,1085.614275,678.3789987,339.1894994,1492.849551,746.4247756,0,0,0,0,0,0,0,0,0,0,0,0,0,0,0,0,0,8.419075613,0,0,0,0,0,0,0,0.95,0,0,0,0,0,0,0,0,2171.22855,0,0,0,0,0,0,0,645.8614987,0,0,0,0,0,0,0,1525.367051,0,0,0,0,1085.614275,746.4247756,339.1894994,68.5,12.25,24.31111111,36.56111111,5323.996674,5133.628299,10457.62497,5472.817799,11543.23925,6070.421449
Aggie,109,C,44,7/18/2021,Aggie Creek,65.23398,-148.13544,1709242.533,274004.0791,352,3,223,mesic,4,moist,2015,NA,NA,100,NA,97,94,95,95,LONG,LONG,Black spruce,High severity. Humid later. Spruce and birch regen. Most trees fallen. Deep burning. ,1.85,9.954529022,NA,NA,Spruce,2397.99235,1198.996175,887.3993141,443.699657,1510.593036,755.296518,0,0,0,0,0,0,0,0,0,0,0,0,0,0,0,0,0,9.954529022,0,0,0,0,0,0,0,1.85,0,0,0,0,0,0,0,0,2397.99235,0,0,0,0,0,0,0,848.3825391,0,0,0,0,0,0,0,1549.609811,0,0,0,0,1198.996175,755.296518,443.699657,73,11.08333333,12.7,23.78333333,4717.377608,2354.074979,7071.452587,2797.774636,8270.448762,5472.674126
Aggie,110,A,45,7/18/2021,Aggie Creek,65.23412,-148.13985,1709239.886,273797.1952,367,2.5,206,mesic-subhygric,5,wet,2015,NA,NA,100,NA,101,54,83,83,LONG,LONG,Black spruce,Starts at tenge of tussock patch. High severity. Deep burning. Spruce and birch regeneration.low drainage. ,1.5,4.331470871,NA,NA,Spruce,1174.3538,587.1769,523.3914643,261.6957321,650.9623357,325.4811679,0,0,0,0,0,0,0,0,0,0,0,0,28,112,84,0,0,4.331470871,0,0,0,0,0,0,0,1.5,0,0,0,0,0,0,0,0,1174.3538,0,0,0,0,0,0,0,502.0005393,0,0,0,0,0,0,0,672.3532607,0,0,0,0,699.1769,353.4811679,345.6957321,NA,13.66666667,18.42222222,32.08888889,5628.102849,3676.067564,9304.170412,4021.763296,10003.34731,5981.584017
Aggie,110,B,45,7/18/2021,Aggie Creek,65.23412,-148.13985,1709239.886,273797.1952,367,2.5,206,mesic-subhygric,5,wet,2015,NA,NA,100,NA,101,54,83,83,LONG,LONG,Black spruce,Starts at tenge of tussock patch. High severity. Deep burning. Spruce and birch regeneration.low drainage. ,2.05,12.73483852,NA,NA,Spruce,3368.5096,1684.2548,1353.015649,676.5078247,2015.493951,1007.746975,0,0,0,0,0,0,0,0,0,0,0,0,0,0,0,0,0,12.73483852,0,0,0,0,0,0,0,2.05,0,0,0,0,0,0,0,0,3368.5096,0,0,0,0,0,0,0,1275.174174,0,0,0,0,0,0,0,2093.335426,0,0,0,0,1684.2548,1007.746975,676.5078247,NA,11.75,13.7,25.45,4688.578382,2576.081843,7264.660226,3252.589668,8948.915026,5696.325357
Aggie,110,C,45,7/18/2021,Aggie Creek,65.23412,-148.13985,1709239.886,273797.1952,367,2.5,206,mesic-subhygric,5,wet,2015,NA,NA,100,NA,101,54,83,83,LONG,LONG,Black spruce,Starts at tenge of tussock patch. High severity. Deep burning. Spruce and birch regeneration.low drainage. ,1.45,5.472261703,NA,NA,Spruce,1358.72685,679.363425,632.4725335,316.2362667,726.2543165,363.1271583,0,0,0,0,0,0,0,0,0,0,0,0,0,0,0,0,0,5.472261703,0,0,0,0,0,0,0,1.45,0,0,0,0,0,0,0,0,1358.72685,0,0,0,0,0,0,0,592.5100835,0,0,0,0,0,0,0,766.2167665,0,0,0,0,679.363425,363.1271583,316.2362667,70.33333333,10.41666667,16.75555556,27.17222222,4053.358264,3284.767231,7338.125494,3601.003497,8017.488919,4416.485422
Aggie,111,A,40,7/17/2021,Aggie Creek,65.23943,-148.13654,1709843.016,273899.2616,344,9,23,mesic-subxeric,3,moist,2015,NA,NA,100,NA,104,90,97.7,97.7,LONG,LONG,Black spruce; unburned birch and spruce nearby,Most trees down;  severe burn; a little grassy; lots of birch and spruce regeneration ,0.75,7.282997169,NA,NA,Spruce,1765.2266,882.6133,539.082695,269.5413475,1226.143905,613.0719525,0,0,0,0,0,0,0,0,0,0,0,0,0,0,0,0,0,7.282997169,0,0,0,0,0,0,0,0.75,0,0,0,0,0,0,0,0,1765.2266,0,0,0,0,0,0,0,498.63607,0,0,0,0,0,0,0,1266.59053,0,0,0,0,882.6133,613.0719525,269.5413475,43.33333333,9.791666667,24.97777778,34.76944445,3833.944682,5349.033834,9182.978516,5618.575182,10065.59182,4447.016634
Aggie,111,B,40,7/17/2021,Aggie Creek,65.23943,-148.13654,1709843.016,273899.2616,344,9,23,mesic-subxeric,3,moist,2015,NA,NA,100,NA,104,90,97.7,97.7,LONG,LONG,Black spruce; unburned birch and spruce nearby,Most trees down;  severe burn; a little grassy; lots of birch and spruce regeneration ,0.75,11.47859416,NA,NA,Spruce,2965.107,1482.5535,750.7883254,375.3941627,2214.318675,1107.159337,0,0,0,0,0,0,0,0,0,0,0,0,28,112,84,0,0,11.47859416,0,0,0,0,0,0,0,0.75,0,0,0,0,0,0,0,0,2965.107,0,0,0,0,0,0,0,719.2485504,0,0,0,0,0,0,0,2245.85845,0,0,0,0,1594.5535,1135.159337,459.3941627,34.33333333,12.33333333,20.64444444,32.97777778,5067.41829,4218.895788,9286.314078,4678.289951,10880.86758,6202.577627
Aggie,93,A,38,7/17/2021,Aggie Creek,65.23635,-148.1286,1709533.869,274299.5037,358,11,38,mesic,4,moist,2015,NA,NA,100,NA,98,86,94,94,LONG,LONG,Black spruce,Low combustion of trees; rocky; most organic hit rock before mineral; generally small org layers; ,0.95,6.459114496,NA,NA,Spruce,1728.69045,864.345225,330.0078378,165.0039189,1398.682612,699.3413061,0,0,0,0,0,0,0,0,0,0,0,0,0,0,0,0,0,6.459114496,0,0,0,0,0,0,0,0.95,0,0,0,0,0,0,0,0,1728.69045,0,0,0,0,0,0,0,323.1628378,0,0,0,0,0,0,0,1405.527612,0,0,0,0,864.345225,699.3413061,165.0039189,48,17.33333333,15.2,32.53333333,6421.360598,2970.484096,9391.844694,3135.488015,10256.18992,7120.701904
Aggie,93,B,38,7/17/2021,Aggie Creek,65.23635,-148.1286,1709533.869,274299.5037,358,11,38,mesic,4,moist,2015,NA,NA,100,NA,98,86,94,94,LONG,LONG,Black spruce,Low combustion of trees; rocky; most organic hit rock before mineral; generally small org layers; ,0.7,3.42551409,NA,NA,Spruce,869.52045,434.760225,144.5074288,72.2537144,725.0130212,362.5065106,0,0,0,0,0,0,0,0,0,0,0,0,0,0,0,0,0,3.42551409,0,0,0,0,0,0,0,0.7,0,0,0,0,0,0,0,0,869.52045,0,0,0,0,0,0,0,142.9778788,0,0,0,0,0,0,0,726.5425712,0,0,0,0,434.760225,362.5065106,72.2537144,23,8.583333333,14.14444445,22.72777778,2745.991604,2699.439178,5445.430782,2771.692893,5880.191007,3108.498114
Aggie,93,C,38,7/17/2021,Aggie Creek,65.23635,-148.1286,1709533.869,274299.5037,358,11,38,mesic,4,moist,2015,NA,NA,100,NA,98,86,94,94,LONG,LONG,Black spruce,Low combustion of trees; rocky; most organic hit rock before mineral; generally small org layers; ,0.95,14.64767575,NA,NA,Spruce,3662.4028,1831.2014,647.3227604,323.6613802,3015.08004,1507.54002,0,0,0,0,0,0,0,0,0,0,0,0,0,0,0,0,0,14.64767575,0,0,0,0,0,0,0,0.95,0,0,0,0,0,0,0,0,3662.4028,0,0,0,0,0,0,0,642.9456854,0,0,0,0,0,0,0,3019.457115,0,0,0,0,1831.2014,1507.54002,323.6613802,20,10.95833333,12.47777778,23.43611111,3998.353528,2440.058619,6438.412147,2763.72,8269.613547,5505.893548
Aggie,94,A,39,7/17/2021,Aggie Creek,65.23642,-148.1326,1709525.124,274112.4304,369,10.5,334,mesic-subhygric,5,wet,2015,NA,NA,100,NA,91,87,89,89,LONG,LONG,Black spruce - a few live ones ,Humid layer is thick. Patches of sphagnum. Small back spruce. Rocky soils. Some spruce regeneration and birch. Low severity. ,1.3,4.830198705,NA,NA,Spruce,1290.71635,645.358175,384.4765002,192.2382501,906.2398498,453.1199249,0,0,0,0,0,0,0,0,0,0,0,0,0,0,0,0,0,4.830198705,0,0,0,0,0,0,0,1.3,0,0,0,0,0,0,0,0,1290.71635,0,0,0,0,0,0,0,366.7678752,0,0,0,0,0,0,0,923.9484748,0,0,0,0,645.358175,453.1199249,192.2382501,58,16.04166667,19.53333333,35.575,6650.463949,3942.533958,10592.99791,4134.772208,11238.35608,7103.583874
Aggie,94,B,39,7/17/2021,Aggie Creek,65.23642,-148.1326,1709525.124,274112.4304,369,10.5,334,mesic-subhygric,5,wet,2015,NA,NA,100,NA,91,87,89,89,LONG,LONG,Black spruce - a few live ones ,Humid layer is thick. Patches of sphagnum. Small back spruce. Rocky soils. Some spruce regeneration and birch. Low severity. ,2.45,3.019463239,NA,NA,Spruce,1076.950312,538.475156,308.6383251,154.3191625,768.3119869,384.1559934,0,0,0,0,0,0,0,0,0,0,0,0,0,0,0,0,0.000392699,3.01907054,0,0,0,0,0,0,0.05,2.4,0,0,0,0,0,0,139.477837,0,937.472475,0,0,0,0,0,16.64004655,0,285.4320535,0,0,0,0,0,122.8377904,0,652.0404215,0,0,0,0,538.475156,384.1559934,154.3191625,55,25.54166667,14.36666667,39.90833333,11668.35767,2749.534096,14417.89177,2903.853258,14956.36692,12052.51367
Aggie,94,C,39,7/17/2021,Aggie Creek,65.23642,-148.1326,1709525.124,274112.4304,369,10.5,334,mesic-subhygric,5,wet,2015,NA,NA,100,NA,91,87,89,89,LONG,LONG,Black spruce - a few live ones ,Humid layer is thick. Patches of sphagnum. Small back spruce. Rocky soils. Some spruce regeneration and birch. Low severity. ,2,5.132576998,NA,NA,Spruce,1476.433306,738.2166529,337.640677,168.8203385,1138.792629,569.3963144,0,0,0,0,0,0,0,0,0,0,0,0,0,0,0,0,0.000392699,5.132184299,0,0,0,0,0,0,0.05,1.95,0,0,0,0,0,0,37.74530589,0,1438.688,0,0,0,0,0,1.345992477,0,325.9112095,0,0,0,0,0,36.39931342,0,1112.77679,0,0,0,0,738.2166529,569.3963144,168.8203385,36,17.45833333,17.86666667,35.325,7366.747363,3544.690352,10911.43772,3713.51069,11649.65437,7936.143678
Aggie,99,A,42,7/18/2021,Aggie Creek,65.24432,-148.14642,1710345.158,273390.9624,285,3,58,subhygric,6,wet,2015,NA,NA,100,NA,102,83,91.3,91.3,LONG,LONG,Black spruce and tussocks,Soils collected inter tussock; hit ice; unburned sphagnum; low severity,0.7,0.118202424,4.7,0.332223423,Spruce,70.8036,35.4018,19.3254151,9.662707551,51.4781849,25.73909245,6.118120353,3.059060176,6.118120353,3.059060176,0,0,0,0,0,0,0,0,0,0,0,0,0,0.118202424,0,0,0,0,0,0,0,0.7,0,0,0,0,0,0,0,0,70.8036,0,0,0,0,0,0,0,19.3254151,0,0,0,0,0,0,0,51.4781849,0,0,0,0,38.46086018,25.73909245,12.72176773,37,29.91666667,12.14444445,42.06111111,8784.394504,2240.388703,11024.78321,2253.110471,11063.24407,8810.133597
Aggie,99,B,42,7/18/2021,Aggie Creek,65.24432,-148.14642,1710345.158,273390.9624,285,3,58,subhygric,6,wet,2015,NA,NA,100,NA,102,83,91.3,91.3,LONG,LONG,Black spruce and tussocks,Soils collected inter tussock; hit ice; unburned sphagnum; low severity,0.9,0.775580686,2,0.251327412,Spruce,266.969,133.4845,69.22821438,34.61410719,197.7407856,98.87039281,5.265560132,2.632780066,5.265560132,2.632780066,0,0,0,0,0,0,0,0,38.03424774,152.136991,114.1027432,0,0,0.775580686,0,0,0,0,0,0,0,0.9,0,0,0,0,0,0,0,0,266.969,0,0,0,0,0,0,0,68.58696438,0,0,0,0,0,0,0,198.3820356,0,0,0,0,288.254271,136.9046406,151.3496305,47,22.375,12.47777778,34.85277778,6183.490518,2305.633747,8489.124264,2456.983377,8777.378535,6320.395158
Aggie,99,C,42,7/18/2021,Aggie Creek,65.24432,-148.14642,1710345.158,273390.9624,285,3,58,subhygric,6,wet,2015,NA,NA,100,NA,102,83,91.3,91.3,LONG,LONG,Black spruce and tussocks,Soils collected inter tussock; hit ice; unburned sphagnum; low severity,1.65,6.90639875,0.6,0.117809725,Spruce,1885.7879,942.89395,498.9049521,249.452476,1386.882948,693.441474,2.749738031,1.374869015,2.749738031,1.374869015,0,0,0,0,0,0,0,0,0,0,0,0,0,6.90639875,0,0,0,0,0,0,0,1.65,0,0,0,0,0,0,0,0,1885.7879,0,0,0,0,0,0,0,484.3080271,0,0,0,0,0,0,0,1401.479873,0,0,0,0,944.268819,693.441474,250.827345,35.33333333,23.04166667,13.81111111,36.85277778,6406.86673,2634.883852,9041.750582,2885.711197,9986.019401,7100.308204
BearFish,68274,B,57,7/19/2022,Bearnose Hill,66.52227216,-143.8054394,1875375.674,453133.9751,168,0,0,xeric,1,dry,2019,1969,NA,50,NA,103,102,102.3,102.3,LONG,LONG,Aspen with large white spruce,All trees killed,0.15,6.440657639,NA,NA,Decid,1853.931933,926.9659663,162.5330241,81.26651205,1691.398909,845.6994543,0,0,0,0,0,0,0,0,0,0,0,0,34.13600074,136.544003,102.4080022,6.440657639,0,0,0,0,0,0,0,0.15,0,0,0,0,0,0,0,1853.931933,0,0,0,0,0,0,0,162.5330241,0,0,0,0,0,0,0,1691.398909,0,0,0,0,0,0,0,1063.509969,879.835455,183.6745143,NA,0,7.654302243,7.654302243,0,3016.487978,3016.487978,3200.162493,4079.997948,879.835455
BearFish,68274,C,57,7/19/2022,Bearnose Hill,66.52227216,-143.8054394,1875375.674,453133.9751,168,0,0,xeric,1,dry,2019,1969,NA,50,NA,103,102,102.3,102.3,LONG,LONG,Aspen with large white spruce,All trees killed,0.15,26.48716036,0.1,1.809557368,Mixed,11112.87364,5556.436822,2035.886236,1017.943118,9076.987407,4538.493703,111.647913,55.8239565,68.8695817,34.43479085,42.77833129,21.38916565,0,0,0,0,0,0,0,0,0,3.489131341,0,0,0,22.99802902,0,0,0,0.1,0,0,0,0.05,0,0,0,976.8497939,0,0,0,10136.02385,0,0,0,112.0028727,0,0,0,1923.883364,0,0,0,864.8469212,0,0,0,8212.140486,0,0,0,5612.260779,4559.882869,1052.377909,NA,0,9.595389425,9.595389425,0,3816.728886,3816.728886,4869.106795,9428.989665,4559.882869
BearFish,68303,A,58,7/19/2022,Bearnose Hill,66.52526618,-143.8088417,1875681.313,452933.0731,165,0,0,subxeric,2,dry,2019,1969,NA,50,NA,100,97,98,98,LONG,LONG,Aspen ,Severe burn all aspen dead and wind blown to ground. Whole fire uneven ground wo tussock looks liKE particle size impacts from drainage,0.3,15.45074537,0.3,0.53014376,Decid,4569.37274,2284.68637,482.0290131,241.0145066,4087.343727,2043.671864,26.05074902,13.02537451,14.30934149,7.154670743,11.74140753,5.870703767,0,0,0,0,0,0,0,0,0,15.45074537,0,0,0,0,0,0,0,0.3,0,0,0,0,0,0,0,4569.37274,0,0,0,0,0,0,0,482.0290131,0,0,0,0,0,0,0,4087.343727,0,0,0,0,0,0,0,2297.711745,2049.542568,248.1691773,NA,0,6.989108908,6.989108908,0,2754.341589,2754.341589,3002.510766,5052.053333,2049.542568
BearFish,6887,C,56,7/19/2022,Bearnose Hill,66.52469084,-143.8005356,1875674.793,453309.1033,168,0,0,subxeric,2,dry,2019,1969,NA,50,NA,120,85,103.3,103.3,LONG,LONG,Aspen,Aspen pre fire salix understory no spruce in area,0.35,15.02859386,1,5.430242902,Decid,4567.884713,2283.942356,133.0799109,66.53995545,4434.804802,2217.402401,300.5340885,150.2670442,51.09793477,25.54896739,249.4361537,124.7180769,1924.48644,962.2432199,0,0,1924.48644,962.2432199,0,0,0,15.02859386,0,0,0,0,0,0,0,0.35,0,0,0,0,0,0,0,4567.884713,0,0,0,0,0,0,0,133.0799109,0,0,0,0,0,0,0,4434.804802,0,0,0,0,0,0,0,3396.45262,3304.363698,92.08892284,NA,1.125,5.815995547,6.940995547,632.1252689,2292.02873,2924.153999,2384.117653,6320.606619,3936.488967
BearFish,68274,A,57,7/19/2022,Bearnose Hill,66.52227216,-143.8054394,1875375.674,453133.9751,168,0,0,xeric,1,dry,2019,1969,NA,50,NA,103,102,102.3,102.3,LONG,LONG,Aspen with large white spruce,All trees killed,0.35,18.0044675,0.3,1.158462291,Decid,5886.082746,2943.041373,380.3811082,190.1905541,5505.701638,2752.850819,61.51021741,30.7551087,6.194988912,3.097494456,55.3152285,27.65761425,0,0,0,0,0,0,0,0,0,17.99465002,0,0,0,0.009817477,0,0,0,0.3,0,0,0,0.05,0,0,0,5885.166022,0,0,0,0.916724326,0,0,0,380.1461431,0,0,0,0.23496507,0,0,0,5505.019879,0,0,0,0.681759256,0,0,0,2973.796482,2780.508433,193.2880486,NA,0,7.104707551,7.104707551,0,2799.897918,2799.897918,2993.185967,5773.6944,2780.508433
BearFish,68303,C,58,7/19/2022,Bearnose Hill,66.52526618,-143.8088417,1875681.313,452933.0731,165,0,0,subxeric,2,dry,2019,1969,NA,50,NA,100,97,98,98,LONG,LONG,Aspen ,Severe burn all aspen dead and wind blown to ground. Whole fire uneven ground wo tussock looks liKE particle size impacts from drainage,0.2,16.7643238,NA,NA,Decid,5292.023919,2646.01196,128.1863039,64.09315197,5163.837615,2581.918808,0,0,0,0,0,0,0,0,0,0,0,0,0,0,0,16.7643238,0,0,0,0,0,0,0,0.2,0,0,0,0,0,0,0,5292.023919,0,0,0,0,0,0,0,128.1863039,0,0,0,0,0,0,0,5163.837615,0,0,0,0,0,0,0,2646.01196,2581.918808,64.09315197,NA,0.125,7.194697051,7.319697051,89.96202849,2835.361928,2925.323956,2899.45508,5571.335916,2671.880836
BearFish,6846,A,55,7/19/2022,Bearnose Hill,66.52510621,-143.7934236,1875768.976,453615.6332,172,0,0,subhygric,6,wet,2019,1969,NA,50,NA,98,90,93.7,93.7,LONG,LONG,"Aspen. White spruce survived 1969 fire. Birch, regen for all species","Low severity, living birch and one spruce",0.1,12.67082857,0.4,1.01787602,Spruce,4773.293377,2386.646689,526.6939768,263.3469884,4246.599401,2123.2997,51.56940626,25.78470313,25.71180027,12.85590014,25.85760599,12.92880299,0,0,0,0,0,0,0,0,0,0,1.979596071,0,0,10.6912325,0,0,0,0,0.05,0,0,0.05,0,0,0,0,730.5868891,0,0,4042.706488,0,0,0,0,15.12660694,0,0,511.5673699,0,0,0,0,715.4602822,0,0,3531.139118,0,0,0,2412.431392,2136.228503,276.2028885,NA,0,27.19952492,27.19952492,0,5871.359684,5871.359684,6147.562573,8283.791076,2136.228503
BearFish,6846,B,55,7/19/2022,Bearnose Hill,66.52510621,-143.7934236,1875768.976,453615.6332,172,0,0,subhygric,6,wet,2019,1969,NA,50,NA,98,90,93.7,93.7,LONG,LONG,"Aspen. White spruce survived 1969 fire. Birch, regen for all species","Low severity, living birch and one spruce",0.25,23.88749244,NA,NA,Mixed,9812.623641,4906.311821,1330.418862,665.2094311,8482.204779,4241.10239,0,0,0,0,0,0,448.7408728,224.3704364,0,0,448.7408728,224.3704364,0,0,0,0,4.533710898,0,0,19.35378154,0,0,0,0,0.2,0,0,0.05,0,0,0,0,1572.041665,0,0,8240.581977,0,0,0,0,49.00296412,0,0,1281.415898,0,0,0,0,1523.038701,0,0,6959.166079,0,0,0,5130.682257,4465.472826,665.2094311,NA,5.7,3.294323684,8.994323684,3031.393684,1310.373119,4341.766803,1975.58255,9472.44906,7496.866511
BearFish,68303,B,58,7/19/2022,Bearnose Hill,66.52526618,-143.8088417,1875681.313,452933.0731,165,0,0,subxeric,2,dry,2019,1969,NA,50,NA,100,97,98,98,LONG,LONG,Aspen ,Severe burn all aspen dead and wind blown to ground. Whole fire uneven ground wo tussock looks liKE particle size impacts from drainage,0.2,13.11614933,NA,NA,Decid,4033.250565,2016.625283,175.4847747,87.74238736,3857.765791,1928.882895,0,0,0,0,0,0,0,0,0,0,0,0,0,0,0,13.11614933,0,0,0,0,0,0,0,0.2,0,0,0,0,0,0,0,4033.250565,0,0,0,0,0,0,0,175.4847747,0,0,0,0,0,0,0,3857.765791,0,0,0,0,0,0,0,2016.625283,1928.882895,87.74238736,NA,0,7.319697051,7.319697051,0,2884.623243,2884.623243,2972.36563,4901.248526,1928.882895
BearFish,68469,A,59,7/19/2022,Bearnose Hill,66.52399791,-143.8054985,1875564.818,453102.0415,165,0,0,xeric,1,dry,2019,1969,NA,50,NA,97,74,82,82,LONG,LONG,Aspen ,Productive aspen with some salix under severe burned,0.15,10.34094492,0.9,1.01787602,Decid,3159.363701,1579.68185,210.9317703,105.4658851,2948.431931,1474.215965,48.32650162,24.16325081,34.23925141,17.11962571,14.0872502,7.043625102,0,0,0,0,0,0,0,0,0,10.34094492,0,0,0,0,0,0,0,0.15,0,0,0,0,0,0,0,3159.363701,0,0,0,0,0,0,0,210.9317703,0,0,0,0,0,0,0,2948.431931,0,0,0,0,0,0,0,1603.845101,1481.25959,122.5855108,NA,0,7.678121076,7.678121076,0,3025.874755,3025.874755,3148.460266,4629.719856,1481.25959
BearFish,68469,B,59,7/19/2022,Bearnose Hill,66.52399791,-143.8054985,1875564.818,453102.0415,165,0,0,xeric,1,dry,2019,1969,NA,50,NA,97,74,82,82,LONG,LONG,Aspen ,Productive aspen with some salix under severe burned,0.2,13.17780308,NA,NA,Decid,4022.753864,2011.376932,243.3183059,121.659153,3779.435558,1889.717779,0,0,0,0,0,0,0,0,0,0,0,0,0,0,0,13.17780308,0,0,0,0,0,0,0,0.2,0,0,0,0,0,0,0,4022.753864,0,0,0,0,0,0,0,243.3183059,0,0,0,0,0,0,0,3779.435558,0,0,0,0,0,0,0,2011.376932,1889.717779,121.659153,NA,0,7.331198801,7.331198801,0,2889.155974,2889.155974,3010.815127,4900.532906,1889.717779
BearFish,68469,C,59,7/19/2022,Bearnose Hill,66.52399791,-143.8054985,1875564.818,453102.0415,165,0,0,xeric,1,dry,2019,1969,NA,50,NA,97,74,82,82,LONG,LONG,Aspen ,Productive aspen with some salix under severe burned,0.15,12.9135166,0.4,2.642079422,Decid,4061.050051,2030.525025,102.4747521,51.23737606,3958.575298,1979.287649,146.3846226,73.19231132,146.3846226,73.19231132,0,0,0,0,0,0,0,0,0,0,0,12.9135166,0,0,0,0,0,0,0,0.15,0,0,0,0,0,0,0,4061.050051,0,0,0,0,0,0,0,102.4747521,0,0,0,0,0,0,0,3958.575298,0,0,0,0,0,0,0,2103.717336,1979.287649,124.4296874,NA,0,7.678121076,7.678121076,0,3025.874755,3025.874755,3150.304442,5129.592091,1979.287649
BearFish,6846,C,55,7/19/2022,Bearnose Hill,66.52510621,-143.7934236,1875768.976,453615.6332,172,0,0,subhygric,6,wet,2019,1969,NA,50,NA,98,90,93.7,93.7,LONG,LONG,"Aspen. White spruce survived 1969 fire. Birch, regen for all species","Low severity, living birch and one spruce",0.1,3.943484178,NA,NA,Decid,1128.110411,564.0552055,101.1882943,50.59414715,1026.922117,513.4610584,0,0,0,0,0,0,0,0,0,0,0,0,0,0,0,3.943484178,0,0,0,0,0,0,0,0.1,0,0,0,0,0,0,0,1128.110411,0,0,0,0,0,0,0,101.1882943,0,0,0,0,0,0,0,1026.922117,0,0,0,0,0,0,0,564.0552055,513.4610584,50.59414715,NA,6,1.145949064,7.145949064,3275.171066,451.6076665,3726.778732,502.2018136,4290.833938,3788.632124
BearFish,6887,B,56,7/19/2022,Bearnose Hill,66.52469084,-143.8005356,1875674.793,453309.1033,168,0,0,subxeric,2,dry,2019,1969,NA,50,NA,120,85,103.3,103.3,LONG,LONG,Aspen,Aspen pre fire salix understory no spruce in area,0.55,17.6196224,0.2,0.50893801,Decid,5143.445426,2571.722713,204.3596274,102.1798137,4939.085799,2469.542899,25.78470313,12.89235156,1.439880993,0.719940497,24.34482214,12.17241107,0,0,0,0,0,0,0,0,0,17.6196224,0,0,0,0,0,0,0,0.55,0,0,0,0,0,0,0,5143.445426,0,0,0,0,0,0,0,204.3596274,0,0,0,0,0,0,0,4939.085799,0,0,0,0,0,0,0,2584.615065,2481.71531,102.8997542,NA,0,7.052125789,7.052125789,0,2779.175945,2779.175945,2882.075699,5363.791009,2481.71531
BearFish,6887,A,56,7/19/2022,Bearnose Hill,66.52469084,-143.8005356,1875674.793,453309.1033,168,0,0,subxeric,2,dry,2019,1969,NA,50,NA,120,85,103.3,103.3,LONG,LONG,Aspen,Aspen pre fire salix understory no spruce in area,0.2,5.30693539,0.8,1.159247689,Decid,1448.569167,724.2845835,136.8729871,68.43649355,1311.69618,655.8480899,56.21277719,28.10638859,16.34833126,8.174165632,39.86444593,19.93222296,0,0,0,0,0,0,0,0,0,5.30693539,0,0,0,0,0,0,0,0.2,0,0,0,0,0,0,0,1448.569167,0,0,0,0,0,0,0,136.8729871,0,0,0,0,0,0,0,1311.69618,0,0,0,0,0,0,0,752.3909721,675.7803129,76.61065918,NA,4,3.352407356,7.352407356,2190.844585,1321.15197,3511.996555,1397.762629,4264.387527,2866.624898
BigTractor,101,B,62,7/20/2022,Tractor Trail 2,66.36802578,-143.6217759,1859702.503,463900.2245,274,0,0,subxeric,2,dry,2019,1996,NA,23,NA,23,20,22,22,SHORT,SHORT,White spruce,Severe fire near edge of unburned spruce stand,0.05,0.000392699,NA,NA,Mixed,0,0,0,0,0,0,0,0,0,0,0,0,0,0,0,0,0,0,335.893468,1033.715915,697.8224467,NA,NA,NA,NA,NA,NA,NA,NA,NA,NA,NA,NA,NA,NA,NA,NA,0,0,0,0,0,0,0,0,0,0,0,0,0,0,0,0,0,0,0,0,0,0,0,0,1033.715915,335.893468,697.8224467,NA,1.375,22.7178927,24.0928927,431.0810515,9036.427129,9467.50818,9734.249576,10501.2241,766.9745195
BigTractor,101,C,62,7/20/2022,Tractor Trail 2,66.36802578,-143.6217759,1859702.503,463900.2245,274,0,0,subxeric,2,dry,2019,1996,NA,23,NA,23,20,22,22,SHORT,SHORT,White spruce,Severe fire near edge of unburned spruce stand,0.2,2.225032997,NA,NA,Decid,623.227132,311.613566,37.22229011,18.61114505,586.0048419,293.002421,0,0,0,0,0,0,0,0,0,0,0,0,519.2659053,1622.935405,1103.6695,0,1.243285293,0,0,0.981747704,0,0,0,0,0.15,0,0,0.05,0,0,0,0,392.9563925,0,0,230.2707396,0,0,0,0,5.501389495,0,0,31.72090061,0,0,0,0,387.455003,0,0,198.549839,0,0,0,1934.548971,812.2683263,1122.280645,NA,0.75,8.677882958,9.427882958,428.8140537,3419.871438,3848.685492,4542.152083,5783.234463,1241.08238
BigTractor,101,A,62,7/20/2022,Tractor Trail 2,66.36802578,-143.6217759,1859702.503,463900.2245,274,0,0,subxeric,2,dry,2019,1996,NA,23,NA,23,20,22,22,SHORT,SHORT,White spruce,Severe fire near edge of unburned spruce stand,0.05,0.50893801,NA,NA,Spruce,104.6735003,52.33675014,22.13886249,11.06943124,82.5346378,41.2673189,0,0,0,0,0,0,0,0,0,0,0,0,423.703548,1694.814192,1271.110644,0,0,0,0,0.50893801,0,0,0,0,0,0,0,0.05,0,0,0,0,0,0,0,104.6735003,0,0,0,0,0,0,0,22.13886249,0,0,0,0,0,0,0,82.5346378,0,0,0,1747.150942,464.9708669,1282.180075,NA,0,14.77048564,14.77048564,0,3984.856962,3984.856962,5267.037037,5732.007904,464.9708669
BigTractor,262,C,65,7/20/2022,Tractor Trail 2,66.36760438,-143.613395,1859714.789,464279.0853,268,0,0,xeric,1,dry,2019,1996,NA,23,NA,24,21,22.7,22.7,SHORT,SHORT,Aspen ,Aspen w salix near edge of unburned spruce stand slight slope,0.25,6.541974002,0.1,0.34636059,Decid,1787.443642,893.7218211,37.18242734,18.59121367,1750.261215,875.1306074,18.03652722,9.018263608,18.03652722,9.018263608,0,0,0,0,0,0,0,0,721.4427754,1668.227402,946.784627,6.541974002,0,0,0,0,0,0,0,0.25,0,0,0,0,0,0,0,1787.443642,0,0,0,0,0,0,0,37.18242734,0,0,0,0,0,0,0,1750.261215,0,0,0,0,0,0,0,2570.967487,1596.573383,974.3941043,NA,0,8.956990376,8.956990376,0,3529.865027,3529.865027,4504.259131,6100.832514,1596.573383
BigTractor,39,A,60,7/20/2022,Tractor Trail 2,66.37230751,-143.6317154,1860103.373,463385.5306,270,0,45,mesic-subxeric,3,moist,2019,1996,NA,23,NA,45,16,20.6,20.6,SHORT,SHORT,Spruce aspen ,North facing a bit,0.45,6.797621104,1.1,1.716094987,Mixed,1920.709941,960.3549706,210.4076617,105.2038308,1710.30228,855.1511398,83.50004812,41.75002406,8.431009341,4.215504671,75.06903878,37.53451939,0,0,0,0,0,0,113.845933,455.3837321,341.5377991,0,2.235635872,4.561985232,0,0,0,0,0,0,0.25,0.2,0,0,0,0,0,0,753.1584912,0,1167.55145,0,0,0,0,0,10.54421888,0,191.3295678,0,0,0,0,0,742.6142723,0,976.2218822,0,0,0,0,1457.488727,1006.531592,450.9571346,NA,0,11.89582119,11.89582119,0,4731.764638,4731.764638,5182.721773,6189.253365,1006.531592
BigTractor,39,B,60,7/20/2022,Tractor Trail 2,66.37230751,-143.6317154,1860103.373,463385.5306,270,0,45,mesic-subxeric,3,moist,2019,1996,NA,23,NA,45,16,20.6,20.6,SHORT,SHORT,Spruce aspen ,North facing a bit,0.2,1.127439064,NA,NA,Spruce,301.7536104,150.8768052,24.57444753,12.28722376,277.1791629,138.5895814,0,0,0,0,0,0,0,0,0,0,0,0,63.2411557,252.9646228,189.7234671,0,0.173180295,0.954258769,0,0,0,0,0,0,0.05,0.15,0,0,0,0,0,0,44.89236038,0,256.86125,0,0,0,0,0,0.628493045,0,23.94595448,0,0,0,0,0,44.26386733,0,232.9152955,0,0,0,0,403.841428,201.8307371,202.0106908,NA,0,8.2,8.2,0,2585.765942,2585.765942,2787.776632,2989.60737,201.8307371
BigTractor,39,C,60,7/20/2022,Tractor Trail 2,66.37230751,-143.6317154,1860103.373,463385.5306,270,0,45,mesic-subxeric,3,moist,2019,1996,NA,23,NA,45,16,20.6,20.6,SHORT,SHORT,Spruce aspen ,North facing a bit,0.65,1.657190125,1.3,3.685873581,Mixed,439.1851931,219.5925966,37.21604815,18.60802408,401.969145,200.9845725,188.5164083,94.25820413,28.25300446,14.12650223,160.2634038,80.1317019,0,0,0,0,0,0,125.777764,214.6407781,88.86301407,0,1.149822911,0.507367214,0,0,0,0,0,0,0.35,0.3,0,0,0,0,0,0,304.8463431,0,134.33885,0,0,0,0,0,4.541573877,0,31.75107427,0,0,0,0,0,300.3047692,0,102.5877757,0,0,0,0,528.4915788,406.8940384,121.5975404,NA,0,10.2,10.2,0,4057.222997,4057.222997,4178.820537,4585.714576,406.8940384
BigTractor,90,A,61,7/20/2022,Tractor Trail 2,66.37074257,-143.6351275,1859907.689,463261.3209,276,0,340,subxeric,2,dry,2019,1996,NA,23,NA,24,19,22,22,SHORT,SHORT,White spruce,No trees,0.4,0.342433599,0.7,0.857654794,Mixed,70.08395306,35.04197653,6.67310627,3.336553135,63.41084679,31.7054234,41.52176755,20.76088377,40.59402816,20.29701408,0.927739386,0.463869693,0,0,0,0,0,0,0,0,0,0,0.204596222,0,0,0.137837378,0,0,0,0,0.2,0,0,0.2,0,0,0,0,45.98656538,0,0,24.09738768,0,0,0,0,1.192783643,0,0,5.480322627,0,0,0,0,44.79378174,0,0,18.61706505,0,0,0,55.8028603,32.16929309,23.63356722,NA,0,15.34919805,15.34919805,0,6105.403855,6105.403855,6129.037422,6161.206715,32.16929309
BigTractor,145,A,63,7/20/2022,Tractor Trail 2,66.36867043,-143.6329581,1859695.237,463393.3127,278,0,265,mesic,4,moist,2019,1996,NA,23,NA,21,18,19,19,SHORT,SHORT,Spruce ,Spruce with heavy salix wettest plot,0.1,0.480663676,4.2,5.264523889,Decid,133.1411765,66.57058827,2.682349266,1.341174633,130.4588273,65.22941364,252.5187025,126.2593512,252.5187025,126.2593512,0,0,0,0,0,0,0,0,55.33242579,110.6648516,55.33242579,0,0.480663676,0,0,0,0,0,0,0,0.1,0,0,0,0,0,0,0,133.1411765,0,0,0,0,0,0,0,2.682349266,0,0,0,0,0,0,0,130.4588273,0,0,0,0,0,0,303.4947911,120.5618394,182.9329516,NA,0,7.386497212,7.386497212,0,2910.948553,2910.948553,3093.881505,3214.443344,120.5618394
BigTractor,145,B,63,7/20/2022,Tractor Trail 2,66.36867043,-143.6329581,1859695.237,463393.3127,278,0,265,mesic,4,moist,2019,1996,NA,23,NA,21,18,19,19,SHORT,SHORT,Spruce ,Spruce with heavy salix wettest plot,0.15,0.35931966,1.1,3.616758542,Spruce,77.46432875,38.73216438,14.17894149,7.089470743,63.28538727,31.64269363,187.4758555,93.73792774,121.6126667,60.80633336,65.86318875,32.93159437,0,0,0,0,0,0,0,0,0,0,0,0,0,0.35931966,0,0,0,0,0,0,0,0.15,0,0,0,0,0,0,0,77.46432875,0,0,0,0,0,0,0,14.17894149,0,0,0,0,0,0,0,63.28538727,0,0,0,132.4700921,64.574288,67.8958041,NA,0.25,8.859943315,9.109943315,165.4993177,2815.248503,2980.747821,2883.144307,3113.217913,230.0736057
BigTractor,145,C,63,7/20/2022,Tractor Trail 2,66.36867043,-143.6329581,1859695.237,463393.3127,278,0,265,mesic,4,moist,2019,1996,NA,23,NA,21,18,19,19,SHORT,SHORT,Spruce ,Spruce with heavy salix wettest plot,0.05,0.30787608,0.6,1.206371579,Spruce,57.26509963,28.63254981,16.08330256,8.041651281,41.18179706,20.59089853,59.90990591,29.95495295,39.38974209,19.69487105,20.52016382,10.26008191,0,0,0,0,0,0,69.07837594,276.3135038,207.2351278,0,0,0,0,0.30787608,0,0,0,0,0,0,0,0.05,0,0,0,0,0,0,0,57.26509963,0,0,0,0,0,0,0,16.08330256,0,0,0,0,0,0,0,41.18179706,0,0,0,334.9010065,99.92935638,234.9716501,NA,0,14.82439215,14.82439215,0,4003.597917,4003.597917,4238.569567,4338.498923,99.92935638
BigTractor,158,A,64,7/20/2022,Tractor Trail 2,66.36946939,-143.6194251,1859877.475,463979.4605,281,0,0,subxeric,2,dry,2019,1996,NA,23,NA,24,23,23.3,23.3,SHORT,SHORT,Birch. But spruce b4 1996 fire.,All trees fallen over. Lots of burned spruce cwd. Aspen regen from seed. ,0.3,0.360497757,0.3,0.53014376,Decid,80.3083612,40.1541806,1.383803636,0.691901818,78.92455756,39.46227878,26.05074902,13.02537451,26.05074902,13.02537451,0,0,0,0,0,0,0,0,190.9828595,450.9917582,260.0088987,0,0.360497757,0,0,0,0,0,0,0,0.3,0,0,0,0,0,0,0,80.3083612,0,0,0,0,0,0,0,1.383803636,0,0,0,0,0,0,0,78.92455756,0,0,0,0,0,0,504.1713133,230.4451382,273.726175,NA,0,7.540431412,7.540431412,0,2971.612563,2971.612563,3245.338738,3475.783876,230.4451382
BigTractor,158,B,64,7/20/2022,Tractor Trail 2,66.36946939,-143.6194251,1859877.475,463979.4605,281,0,0,subxeric,2,dry,2019,1996,NA,23,NA,24,23,23.3,23.3,SHORT,SHORT,Birch. But spruce b4 1996 fire.,All trees fallen over. Lots of burned spruce cwd. Aspen regen from seed. ,0.2,0.613395966,NA,NA,Decid,163.6436833,81.82184165,3.438012205,1.719006102,160.2056711,80.10283555,0,0,0,0,0,0,0,0,0,0,0,0,80.02224358,320.0889743,240.0667307,0,0.58158734,0,0,0.031808626,0,0,0,0,0.15,0,0,0.05,0,0,0,0,159.8862371,0,0,3.757446175,0,0,0,0,2.23840732,0,0,1.199604885,0,0,0,0,157.6478298,0,0,2.55784129,0,0,0,401.910816,160.1250791,241.7857368,NA,0,7.333456878,7.333456878,0,2890.045861,2890.045861,3131.831597,3291.956677,160.1250791
BigTractor,158,C,64,7/20/2022,Tractor Trail 2,66.36946939,-143.6194251,1859877.475,463979.4605,281,0,0,subxeric,2,dry,2019,1996,NA,23,NA,24,23,23.3,23.3,SHORT,SHORT,Birch. But spruce b4 1996 fire.,All trees fallen over. Lots of burned spruce cwd. Aspen regen from seed. ,0.05,0.942870495,NA,NA,Decid,312.4922701,156.246135,4.374891781,2.18744589,308.1173783,154.0586891,0,0,0,0,0,0,0,0,0,0,0,0,38.97343006,155.8937202,116.9202902,0,0.942870495,0,0,0,0,0,0,0,0.05,0,0,0,0,0,0,0,312.4922701,0,0,0,0,0,0,0,4.374891781,0,0,0,0,0,0,0,308.1173783,0,0,0,0,0,0,312.1398552,193.0321192,119.1077361,NA,0,7.333456878,7.333456878,0,2890.045861,2890.045861,3009.153597,3202.185716,193.0321192
BigTractor,262,A,65,7/20/2022,Tractor Trail 2,66.36760438,-143.613395,1859714.789,464279.0853,268,0,0,xeric,1,dry,2019,1996,NA,23,NA,24,21,22.7,22.7,SHORT,SHORT,Aspen ,Aspen w salix near edge of unburned spruce stand slight slope,0.15,1.789529715,0.6,1.097986632,Decid,458.2293307,229.1146653,26.50684215,13.25342107,431.7224885,215.8612443,54.51273831,27.25636916,54.51273831,27.25636916,0,0,0,0,0,0,0,0,96.60237707,386.4095083,289.8071312,1.72316357,0,0,0,0.066366145,0,0,0,0.1,0,0,0,0.05,0,0,0,449.1474709,0,0,0,9.081859751,0,0,0,23.8247257,0,0,0,2.682116448,0,0,0,425.3227452,0,0,0,6.399743303,0,0,0,642.7805427,312.4636214,330.3169214,NA,0,13.45,13.45,0,5300.517542,5300.517542,5630.834463,5943.298085,312.4636214
BigTractor,262,B,65,7/20/2022,Tractor Trail 2,66.36760438,-143.613395,1859714.789,464279.0853,268,0,0,xeric,1,dry,2019,1996,NA,23,NA,24,21,22.7,22.7,SHORT,SHORT,Aspen ,Aspen w salix near edge of unburned spruce stand slight slope,0.1,1.18438043,1.9,2.320851573,Decid,291.2710341,145.635517,13.78431272,6.892156358,277.4867214,138.7433607,113.0169012,56.5084506,113.0169012,56.5084506,0,0,0,0,0,0,0,0,105.2912129,421.1648516,315.8736387,1.18438043,0,0,0,0,0,0,0,0.1,0,0,0,0,0,0,0,291.2710341,0,0,0,0,0,0,0,13.78431272,0,0,0,0,0,0,0,277.4867214,0,0,0,0,0,0,0,623.3088192,244.0345736,379.2742456,NA,0,9.027619493,9.027619493,0,3557.699292,3557.699292,3936.973538,4181.008112,244.0345736
BigTractor,90,B,61,7/20/2022,Tractor Trail 2,66.37074257,-143.6351275,1859907.689,463261.3209,276,0,340,subxeric,2,dry,2019,1996,NA,23,NA,24,19,22,22,SHORT,SHORT,White spruce,No trees,0.05,0.000392699,0.2,4.085641246,Mixed,0,0,0,0,0,0,255.566432,127.783216,212.5539634,106.2769817,43.0124686,21.5062343,0,0,0,0,0,0,0,0,0,NA,NA,NA,NA,NA,NA,NA,NA,NA,NA,NA,NA,NA,NA,NA,NA,0,0,0,0,0,0,0,0,0,0,0,0,0,0,0,0,0,0,0,0,0,0,0,0,127.783216,21.5062343,106.2769817,NA,1,14.34919805,15.34919805,170.2311069,5707.636895,5877.868001,5813.913876,6005.651217,191.7373412
BigTractor,90,C,61,7/20/2022,Tractor Trail 2,66.37074257,-143.6351275,1859907.689,463261.3209,276,0,340,subxeric,2,dry,2019,1996,NA,23,NA,24,19,22,22,SHORT,SHORT,White spruce,No trees,0.05,0.000392699,0.1,0.96211275,Mixed,0,0,0,0,0,0,55.40994612,27.70497306,55.40994612,27.70497306,0,0,0,0,0,0,0,0,0,0,0,NA,NA,NA,NA,NA,NA,NA,NA,NA,NA,NA,NA,NA,NA,NA,NA,0,0,0,0,0,0,0,0,0,0,0,0,0,0,0,0,0,0,0,0,0,0,0,0,27.70497306,0,27.70497306,NA,0,15.34919805,15.34919805,0,6105.403855,6105.403855,6133.108828,6133.108828,0
BitzshitiniCosnaLittle,46,A,159,7/14/2023,Bitzshitini,64.574387,-151.786093,1625352.878,106005.041,141,1,60,mesic,4,moist,2022,2011,1975,11,36,75,29,53,53,TRIPLE,TRIPLE-MID,Black spruce,"Trans bearing 72. Site in an island of black spruce, with several individuals still green. No site level topography. Peachy burn pattern, sphagnum hummocks are large and many are unburned. Forest edge is 50m to the NE. ",0.85,0.006675884,0.2,0.014137167,Spruce,18.8298,9.4149,3.832546963,1.916273482,14.99725304,7.498626518,0.260345547,0.130172773,0.011962812,0.005981406,0.248382735,0.124191367,62.97501947,31.48750973,16.38739911,8.193699557,46.58762035,23.29381018,0,0,0,0,0,0.006675884,0,0,0,0,0,0,0,0.85,0,0,0,0,0,0,0,0,18.8298,0,0,0,0,0,0,0,3.832546963,0,0,0,0,0,0,0,14.99725304,0,0,0,0,41.0325825,30.91662807,10.11595445,37,30,8.075,38.075,9099.30337,1363.84791,10463.15128,1373.963865,10504.18386,9130.219998
BitzshitiniCosnaLittle,47,A,160,7/15/2023,Bitzshitini,64.578601,-151.760071,1625864.531,107234.688,128,1,115,mesic-subxeric,3,moist,2022,2011,1975,11,36,40,36,38.3,38.3,TRIPLE,TRIPLE-MID,Black spruce. ,Trans bearing 74. Moisture class may be mesic. Mineral soils very fine clay. Site located 40m from meadow edge. Live black spruce are present at site. Uniform burn pattern. ,1.85,0.870613864,6,0.648738883,Spruce,471.4364,235.7182,151.7846201,75.89231004,319.6517799,159.82589,17.53771484,8.768857421,16.19876615,8.099383076,1.338948692,0.669474346,203.7006419,101.850321,70.35321632,35.17660816,133.3474256,66.67371281,0,0,0,0,0,0.870613864,0,0,0,0,0,0,0,1.85,0,0,0,0,0,0,0,0,471.4364,0,0,0,0,0,0,0,149.1430201,0,0,0,0,0,0,0,322.2933799,0,0,0,0,346.3373784,227.1690772,119.1683013,84.5,11.5,6.7,18.2,3533.557,1262.393626,4795.950625,1381.561927,5142.288003,3760.726077
BitzshitiniCosnaLittle,47,B,160,7/15/2023,Bitzshitini,64.578601,-151.760071,1625864.531,107234.688,128,1,115,mesic-subxeric,3,moist,2022,2011,1975,11,36,40,36,38.3,38.3,TRIPLE,TRIPLE-MID,Black spruce. ,Trans bearing 74. Moisture class may be mesic. Mineral soils very fine clay. Site located 40m from meadow edge. Live black spruce are present at site. Uniform burn pattern. ,2.7,0.819562984,2.3,1.073639289,Spruce,325.8608,162.9304,153.6126131,76.80630656,172.2481869,86.12409344,36.3932034,18.1966017,30.67168635,15.33584317,5.721517049,2.860758524,5.466632144,2.733316072,4.099974108,2.049987054,1.366658036,0.683329018,59.2875,79.05,19.7625,0,0,0.819562984,0,0,0,0,0,0,0,2.7,0,0,0,0,0,0,0,0,325.8608,0,0,0,0,0,0,0,149.3418881,0,0,0,0,0,0,0,176.5189119,0,0,0,0,262.9103178,148.955681,113.9546368,86,12.625,7.7,20.325,3947.426237,1481.867274,5429.293511,1595.821911,5692.203829,4096.381918
BitzshitiniCosnaLittle,46,B,159,7/14/2023,Bitzshitini,64.574387,-151.786093,1625352.878,106005.041,141,1,60,mesic,4,moist,2022,2011,1975,11,36,75,29,53,53,TRIPLE,TRIPLE-MID,Black spruce,"Trans bearing 72. Site in an island of black spruce, with several individuals still green. No site level topography. Peachy burn pattern, sphagnum hummocks are large and many are unburned. Forest edge is 50m to the NE. ",0.85,0.006675884,0.3,0.009424778,Spruce,43.6887,21.84435,7.960495303,3.980247652,35.7282047,17.86410235,0.146525407,0.073262704,0.060749363,0.030374681,0.085776044,0.042888022,6.212706318,3.106353159,0.054886311,0.027443155,6.157820007,3.078910004,45.8875,65.65,19.7625,0,0,0.006283185,0,0,0,0.000392699,0,0,0,0.8,0,0,0,0.05,0,0,0,0,43.6887,0,0,0,0,0,0,0,7.960495303,0,0,0,0,0,0,0,35.7282047,0,0,0,0,90.67396586,66.87340038,23.80056549,38,40,5.2,45.2,12883.14893,814.5095742,13697.6585,838.3101397,13788.33247,12950.02233
BitzshitiniCosnaLittle,46,C,159,7/14/2023,Bitzshitini,64.574387,-151.786093,1625352.878,106005.041,141,1,60,mesic,4,moist,2022,2011,1975,11,36,75,29,53,53,TRIPLE,TRIPLE-MID,Black spruce,"Trans bearing 72. Site in an island of black spruce, with several individuals still green. No site level topography. Peachy burn pattern, sphagnum hummocks are large and many are unburned. Forest edge is 50m to the NE. ",0.4,0.003141593,0.9,0.076183622,Spruce,13.7808,6.8904,0.81884618,0.40942309,12.96195382,6.48097691,1.48953969,0.744769845,0.468458411,0.234229205,1.021081279,0.510540639,16.7529483,8.376474152,0.586611936,0.293305968,16.16633637,8.083168184,33.5,40.2,6.7,0,0,0.003141593,0,0,0,0,0,0,0,0.4,0,0,0,0,0,0,0,0,13.7808,0,0,0,0,0,0,0,0.81884618,0,0,0,0,0,0,0,12.96195382,0,0,0,0,56.211644,48.57468573,7.636958263,39.5,37.25,3.7,40.95,11820.40454,531.8275837,12352.23212,539.464542,12408.44376,11868.97922
BitzshitiniCosnaLittle,44,A,157,7/14/2023,Bitzshitini,64.574079,-151.778967,1625329.928,106347.266,136,3,74,mesic,4,moist,2022,2011,1975,11,36,38,30,32.7,32.7,TRIPLE,TRIPLE-MID,"Low B glandulosa, occasional black spruce",Trans bearing 158. Site located on large open plain. Uniform burn pattern throughout. Little to no topography at site level. Unburned stand of birch in the far distance to the N. ,0.45,0.003534292,5.4,1.183595032,Spruce,80.6058,40.3029,23.91133507,11.95566754,56.69446493,28.34723246,35.53008226,17.76504113,28.42096802,14.21048401,7.109114241,3.554557121,0,0,0,0,0,0,0,0,0,0,0,0.003534292,0,0,0,0,0,0,0,0.45,0,0,0,0,0,0,0,0,80.6058,0,0,0,0,0,0,0,23.91133507,0,0,0,0,0,0,0,56.69446493,0,0,0,0,58.06794113,31.90178958,26.16615155,55.5,18.25,14.45,32.7,8430.055109,2742.453923,11172.50903,2768.620074,11230.57697,8461.956899
BitzshitiniCosnaLittle,44,B,157,7/14/2023,Bitzshitini,64.574079,-151.778967,1625329.928,106347.266,136,3,74,mesic,4,moist,2022,2011,1975,11,36,38,30,32.7,32.7,TRIPLE,TRIPLE-MID,"Low B glandulosa, occasional black spruce",Trans bearing 158. Site located on large open plain. Uniform burn pattern throughout. Little to no topography at site level. Unburned stand of birch in the far distance to the N. ,0.25,0.001963495,11.4,2.139424597,Spruce,7.3656,3.6828,2.671223054,1.335611527,4.694376946,2.347188473,52.81190495,26.40595248,50.24374834,25.12187417,2.568156617,1.284078309,0.953434848,0.476717424,0.238358712,0.119179356,0.715076136,0.357538068,0,0,0,0,0,0.001963495,0,0,0,0,0,0,0,0.25,0,0,0,0,0,0,0,0,7.3656,0,0,0,0,0,0,0,2.671223054,0,0,0,0,0,0,0,4.694376946,0,0,0,0,30.5654699,3.98880485,26.57666505,62.5,24.75,7.45,32.2,12183.0714,1237.549971,13420.62137,1264.126636,13451.18684,12187.06021
BitzshitiniCosnaLittle,44,C,157,7/14/2023,Bitzshitini,64.574079,-151.778967,1625329.928,106347.266,136,3,74,mesic,4,moist,2022,2011,1975,11,36,38,30,32.7,32.7,TRIPLE,TRIPLE-MID,"Low B glandulosa, occasional black spruce",Trans bearing 158. Site located on large open plain. Uniform burn pattern throughout. Little to no topography at site level. Unburned stand of birch in the far distance to the N. ,0.1,0.000785398,12.4,2.486570585,Spruce,38.61,19.305,18.97123485,9.485617426,19.63876515,9.819382574,70.6197534,35.3098767,62.500798,31.250399,8.118955398,4.059477699,0,0,0,0,0,0,3.35,13.4,10.05,0,0,0.000785398,0,0,0,0,0,0,0,0.1,0,0,0,0,0,0,0,0,38.61,0,0,0,0,0,0,0,18.97123485,0,0,0,0,0,0,0,19.63876515,0,0,0,0,68.0148767,17.22886027,50.78601643,50,23,7.95,30.95,11149.68933,1346.978675,12496.66801,1397.764691,12564.68288,11166.91819
BitzshitiniCosnaLittle,45,A,158,7/14/2023,Bitzshitini,64.574818,-151.781771,1625407.842,106210.302,139,2,69,mesic-subhygric,5,wet,2022,2011,1975,11,36,30,19,25,25,TRIPLE,TRIPLE-SHORT,"Very small black spruce, B glanduloSA dominant shrub. ",Transect bearing 153. Site located on large featureless plain. Upslope of site 44. Medium height tussocks. ,NA,NA,14.3,1.135685744,Spruce,NA,0,NA,0,NA,0,22.54708635,11.27354317,13.20363853,6.601819265,9.343447816,4.671723908,32.43673362,16.21836681,26.77630947,13.38815474,5.660424141,2.830212071,26.125,52.25,26.125,NA,NA,NA,NA,NA,NA,NA,NA,NA,NA,NA,NA,NA,NA,NA,NA,NA,NA,NA,NA,NA,NA,NA,NA,NA,NA,NA,NA,NA,NA,NA,NA,NA,NA,NA,NA,NA,NA,NA,NA,79.74190998,33.62693598,46.11497401,53,28.875,7.7,36.575,6692.611451,1294.065118,7986.676569,1340.180092,8066.418479,6726.238387
BitzshitiniCosnaLittle,45,B,158,7/14/2023,Bitzshitini,64.574818,-151.781771,1625407.842,106210.302,139,2,69,mesic-subhygric,5,wet,2022,2011,1975,11,36,30,19,25,25,TRIPLE,TRIPLE-SHORT,"Very small black spruce, B glanduloSA dominant shrub. ",Transect bearing 153. Site located on large featureless plain. Upslope of site 44. Medium height tussocks. ,0.05,0.000392699,13.4,0.958971158,Spruce,23.2848,11.6424,9.916308587,4.958154293,13.36849141,6.684245707,18.99274549,9.496372745,8.709749653,4.354874826,10.28299584,5.141497919,0,0,0,0,0,0,0,0,0,0,0,0.000392699,0,0,0,0,0,0,0,0.05,0,0,0,0,0,0,0,0,23.2848,0,0,0,0,0,0,0,9.916308587,0,0,0,0,0,0,0,13.36849141,0,0,0,0,21.13877275,11.82574363,9.313029119,43.5,31.25,6.2,37.45,7363.563209,1017.856605,8381.419814,1027.169634,8402.558586,7375.388952
BitzshitiniCosnaLittle,45,C,158,7/14/2023,Bitzshitini,64.574818,-151.781771,1625407.842,106210.302,139,2,69,mesic-subhygric,5,wet,2022,2011,1975,11,36,30,19,25,25,TRIPLE,TRIPLE-SHORT,"Very small black spruce, B glanduloSA dominant shrub. ",Transect bearing 153. Site located on large featureless plain. Upslope of site 44. Medium height tussocks. ,0.15,0.001178097,16.2,1.491471112,Spruce,9.3258,4.6629,1.420772516,0.710386258,7.905027484,3.952513742,30.32946363,15.16473181,19.64242706,9.821213529,10.68703657,5.343518285,8.069628036,4.034814018,0,0,8.069628036,4.034814018,0,0,0,0,0,0.001178097,0,0,0,0,0,0,0,0.15,0,0,0,0,0,0,0,0,9.3258,0,0,0,0,0,0,0,1.420772516,0,0,0,0,0,0,0,7.905027484,0,0,0,0,23.86244583,13.33084605,10.53159979,42,34.25,8.95,43.2,8226.349817,1563.786641,9790.136458,1574.318241,9813.998904,8239.680663
BitzshitiniCosnaLittle,48,C,161,7/15/2023,Bitzshitini,64.578307,-151.7637,1625825.894,107062.123,130,2,103,mesic-subxeric,3,moist,2022,2011,1975,11,36,38,36,37.3,37.3,TRIPLE,TRIPLE-MID,"Black spruce, large willow","Trans bearing 227. Site located 50 m from meadow, in spruce stand with salix spp regenerating. Small slope on a landscape level towards meadow but local topography is fairly level. Burn pattern is consistent through ground cover. ",1.4,3.158478714,3.3,10.54239955,Spruce,964.0615,482.03075,444.6569917,222.3284959,519.4045083,259.7022541,585.9353735,292.9676868,505.2381723,252.6190862,80.69720122,40.34860061,169.6341864,84.81709322,66.20042475,33.10021238,103.4337617,51.71688085,56.6125,119.25,62.6375,0,0,3.158478714,0,0,0,0,0,0,0,1.4,0,0,0,0,0,0,0,0,964.0615,0,0,0,0,0,0,0,418.3397667,0,0,0,0,0,0,0,545.7217333,0,0,0,0,979.06553,408.3802356,570.6852945,NA,9,9.2,18.2,3735.984993,2176.403154,5912.388147,2747.088449,6891.453677,4144.365229
BitzshitiniCosnaLittle,47,C,160,7/15/2023,Bitzshitini,64.578601,-151.760071,1625864.531,107234.688,128,1,115,mesic-subxeric,3,moist,2022,2011,1975,11,36,40,36,38.3,38.3,TRIPLE,TRIPLE-MID,Black spruce. ,Trans bearing 74. Moisture class may be mesic. Mineral soils very fine clay. Site located 40m from meadow edge. Live black spruce are present at site. Uniform burn pattern. ,3.2,1.527992127,2.3,3.079546199,Spruce,753.8418769,376.9209384,314.5182696,157.2591348,439.3236073,219.6618036,150.8133077,75.40665385,150.4339077,75.21695386,0.379399977,0.189699988,34.4958448,17.2479224,12.80121082,6.400605412,21.69463398,10.84731699,10.05,26.8,16.75,0,0,1.527599428,0,0,0.000392699,0,0,0,0,3.15,0,0,0.05,0,0,0,0,0,733.61935,0,20.22252689,0,0,0,0,0,301.6845881,0,6.222706482,0,0,0,0,0,431.9347619,0,13.99982041,0,0,496.3755147,240.7488206,255.6266941,89,12,9.2,21.2,3308.162977,1592.57133,4900.734307,1848.198024,5397.109822,3548.911798
BitzshitiniCosnaLittle,48,A,161,7/15/2023,Bitzshitini,64.578307,-151.7637,1625825.894,107062.123,130,2,103,mesic-subxeric,3,moist,2022,2011,1975,11,36,38,36,37.3,37.3,TRIPLE,TRIPLE-MID,"Black spruce, large willow","Trans bearing 227. Site located 50 m from meadow, in spruce stand with salix spp regenerating. Small slope on a landscape level towards meadow but local topography is fairly level. Burn pattern is consistent through ground cover. ",1.1,3.614795047,4,16.13364907,Spruce,1140.9175,570.45875,443.5035546,221.7517773,697.4139454,348.7069727,941.2835398,470.6417699,915.8686965,457.9343483,25.41484324,12.70742162,136.5671273,68.28356367,59.19951708,29.59975854,77.36761026,38.68380513,0,0,0,0,0,3.614795047,0,0,0,0,0,0,0,1.1,0,0,0,0,0,0,0,0,1140.9175,0,0,0,0,0,0,0,420.9805296,0,0,0,0,0,0,0,719.9369704,0,0,0,0,1109.384084,400.0981995,709.2858841,NA,8.5,10.2,18.7,3129.471546,2004.518618,5133.990164,2713.804502,6243.374248,3529.569746
BitzshitiniCosnaLittle,48,B,161,7/15/2023,Bitzshitini,64.578307,-151.7637,1625825.894,107062.123,130,2,103,mesic-subxeric,3,moist,2022,2011,1975,11,36,38,36,37.3,37.3,TRIPLE,TRIPLE-MID,"Black spruce, large willow","Trans bearing 227. Site located 50 m from meadow, in spruce stand with salix spp regenerating. Small slope on a landscape level towards meadow but local topography is fairly level. Burn pattern is consistent through ground cover. ",1.55,7.418871051,2.9,3.976470901,Spruce,1940.419,970.2095,810.3543398,405.1771699,1130.06466,565.0323301,195.6888636,97.84443181,166.352827,83.17641351,29.33603661,14.66801831,67.89203537,33.94601768,17.39975884,8.699879421,50.49227653,25.24613826,246.925,480.45,233.525,0,0,7.418871051,0,0,0,0,0,0,0,1.55,0,0,0,0,0,0,0,0,1940.419,0,0,0,0,0,0,0,748.5568398,0,0,0,0,0,0,0,1191.86216,0,0,0,0,1582.449949,851.8714867,730.5784628,NA,8.625,7.7,16.325,3554.64678,1723.381238,5278.028017,2453.9597,6860.477967,4406.518266
BitzshitiniCosnaLittle,49,A,162,7/15/2023,Bitzshitini,64.579701,-151.767221,1625975.657,106888.392,131,2,63,subhygric,6,wet,2022,2011,1975,11,36,40,37,38.7,38.7,TRIPLE,TRIPLE-MID,Black spruce at 0m end. Large willow dominant at site level. ,Trans bearing 346. Site located near forest edge. Standing water and large sphagnum hummocks present. Hill to the N is unburned birch trees. Variable burn pattern. ,0.45,4.326365783,6.3,4.526249616,Spruce,1086.0395,543.01975,187.0411351,93.52056755,898.9983649,449.4991824,216.1173988,108.0586994,77.33942633,38.66971317,138.7779725,69.38898624,0,0,0,0,0,0,0,0,0,0,0,4.326365783,0,0,0,0,0,0,0,0.45,0,0,0,0,0,0,0,0,1086.0395,0,0,0,0,0,0,0,187.0411351,0,0,0,0,0,0,0,898.9983649,0,0,0,0,651.0784494,518.8881686,132.1902807,52.5,26.5,9.95,36.45,9160.131877,1748.966548,10909.09842,1881.156829,11560.17687,9679.020045
BitzshitiniCosnaLittle,49,B,162,7/15/2023,Bitzshitini,64.579701,-151.767221,1625975.657,106888.392,131,2,63,subhygric,6,wet,2022,2011,1975,11,36,40,37,38.7,38.7,TRIPLE,TRIPLE-MID,Black spruce at 0m end. Large willow dominant at site level. ,Trans bearing 346. Site located near forest edge. Standing water and large sphagnum hummocks present. Hill to the N is unburned birch trees. Variable burn pattern. ,0.05,0.000392699,13.6,8.34328469,Spruce,0,0,0,0,0,0,371.5954268,185.7977134,193.5024452,96.75122262,178.0929815,89.04649076,0,0,0,0,0,0,0,0,0,NA,NA,NA,NA,NA,NA,NA,NA,NA,NA,NA,NA,NA,NA,NA,NA,0,0,0,0,0,0,0,0,0,0,0,0,0,0,0,0,0,0,0,0,0,0,0,0,185.7977134,89.04649076,96.75122262,55.5,26.5,9.45,35.95,9160.131877,1649.447884,10809.57976,1746.199106,10995.37747,9249.178367
BitzshitiniCosnaLittle,49,C,162,7/15/2023,Bitzshitini,64.579701,-151.767221,1625975.657,106888.392,131,2,63,subhygric,6,wet,2022,2011,1975,11,36,40,37,38.7,38.7,TRIPLE,TRIPLE-MID,Black spruce at 0m end. Large willow dominant at site level. ,Trans bearing 346. Site located near forest edge. Standing water and large sphagnum hummocks present. Hill to the N is unburned birch trees. Variable burn pattern. ,0.05,0.000392699,6.1,5.256669908,Spruce,0,0,0,0,0,0,246.7553807,123.3776904,94.91463695,47.45731847,151.8407438,75.92037188,0,0,0,0,0,0,0,0,0,NA,NA,NA,NA,NA,NA,NA,NA,NA,NA,NA,NA,NA,NA,NA,NA,0,0,0,0,0,0,0,0,0,0,0,0,0,0,0,0,0,0,0,0,0,0,0,0,123.3776904,75.92037188,47.45731847,69,27.625,6.95,34.575,9632.224021,1149.08321,10781.30723,1196.540528,10904.68492,9708.144393
BitzshitiniWien,40,A,153,7/12/2023,Bitzshitini,64.486401,-151.690085,1615698.473,110941.61,149,2,28,mesic,4,moist,2022,1971,NA,51,NA,40,32,36.7,36.7,MEDIUM,MID,Willows and b glandulosa. Black spruce at end of transect,Trans bearing 76. Located on other side of burnt stringer from site 39. Very substantial burnt shrub component with moderate tussock sizes. Even burn pattern. Very fine silty soils. Tree cookies were taken from tree island at the end of the plot. No other trees present at site other than these. ,0.05,0.000392699,18.8,18.34061791,Spruce,0,0,0,0,0,0,839.1507596,419.5753798,705.8503228,352.9251614,133.3004368,66.65021839,0,0,0,0,0,0,0,0,0,NA,NA,NA,NA,NA,NA,NA,NA,NA,NA,NA,NA,NA,NA,NA,NA,0,0,0,0,0,0,0,0,0,0,0,0,0,0,0,0,0,0,0,0,0,0,0,0,419.5753798,66.65021839,352.9251614,37,24.5,12.2,36.7,9270.52257,2291.952789,11562.47536,2644.877951,11982.05074,9337.172789
BitzshitiniWien,41,B,154,7/13/2023,Bitzshitini,64.476416,-151.712538,1614547.668,109902.024,173,32,10,mesic,4,moist,2022,1971,NA,51,NA,221,76,127.3,127.3,LONG,MID,Black spruce,Trans bearing 272. Site located in small drainage with running creek. Creek area unburned. Game trail runs parallel to plot and crosses at 6m - the trail is unburned for the most part. Landscape is rolling hills with small sections of >30% slope. Burn pattern is somewhat uniform. Unsure if this is a double burn. ,4.15,3.358755246,1.4,0.298451302,Spruce,1227.9238,613.9619,321.925756,160.962878,905.998044,452.999022,10.20613562,5.10306781,3.749206488,1.874603244,6.456929131,3.228464566,0,0,0,0,0,0,0,0,0,0,0,3.358755246,0,0,0,0,0,0,0,4.15,0,0,0,0,0,0,0,0,1227.9238,0,0,0,0,0,0,0,311.711106,0,0,0,0,0,0,0,916.212694,0,0,0,0,619.0649678,456.2274866,162.8374812,37.5,14.5,11.7,26.2,3731.492244,2125.007964,5856.500208,2287.845445,6475.565176,4187.719731
BitzshitiniWien,40,B,153,7/12/2023,Bitzshitini,64.486401,-151.690085,1615698.473,110941.61,149,2,28,mesic,4,moist,2022,1971,NA,51,NA,40,32,36.7,36.7,MEDIUM,MID,Willows and b glandulosa. Black spruce at end of transect,Trans bearing 76. Located on other side of burnt stringer from site 39. Very substantial burnt shrub component with moderate tussock sizes. Even burn pattern. Very fine silty soils. Tree cookies were taken from tree island at the end of the plot. No other trees present at site other than these. ,0.05,0.000392699,44,33.01813879,Spruce,0,0,0,0,0,0,1253.811507,626.9057537,980.3295189,490.1647594,273.4819885,136.7409942,0,0,0,0,0,0,0,0,0,NA,NA,NA,NA,NA,NA,NA,NA,NA,NA,NA,NA,NA,NA,NA,NA,0,0,0,0,0,0,0,0,0,0,0,0,0,0,0,0,0,0,0,0,0,0,0,0,626.9057537,136.7409942,490.1647594,47,15.75,10.2,25.95,5434.649213,1805.61129,7240.260503,2295.77605,7867.166257,5571.390207
BitzshitiniWien,40,C,153,7/12/2023,Bitzshitini,64.486401,-151.690085,1615698.473,110941.61,149,2,28,mesic,4,moist,2022,1971,NA,51,NA,40,32,36.7,36.7,MEDIUM,MID,Willows and b glandulosa. Black spruce at end of transect,Trans bearing 76. Located on other side of burnt stringer from site 39. Very substantial burnt shrub component with moderate tussock sizes. Even burn pattern. Very fine silty soils. Tree cookies were taken from tree island at the end of the plot. No other trees present at site other than these. ,0.45,0.853727804,7.8,22.16629237,Spruce,209.904762,104.952381,114.8743457,57.43717283,95.03041636,47.51520818,1279.716773,639.8583864,868.6854399,434.34272,411.0313329,205.5156665,0,0,0,0,0,0,0,0,0,0,0,0.853335105,0,0,0.000392699,0,0,0,0,0.4,0,0,0.05,0,0,0,0,0,194.6618,0,15.24296203,0,0,0,0,0,100.0802467,0,8.26407399,0,0,0,0,0,94.58155332,0,6.97888804,0,0,744.8107674,253.0308747,491.7798928,55,13,9.325,22.325,4833.229614,1796.197828,6629.427442,2287.977721,7374.23821,5086.260489
BitzshitiniWien,41,A,154,7/13/2023,Bitzshitini,64.476416,-151.712538,1614547.668,109902.024,173,32,10,mesic,4,moist,2022,1971,NA,51,NA,221,76,127.3,127.3,LONG,MID,Black spruce,Trans bearing 272. Site located in small drainage with running creek. Creek area unburned. Game trail runs parallel to plot and crosses at 6m - the trail is unburned for the most part. Landscape is rolling hills with small sections of >30% slope. Burn pattern is somewhat uniform. Unsure if this is a double burn. ,2.3,1.068534201,NA,NA,Spruce,424.6686,212.3343,140.3056109,70.15280543,284.3629891,142.1814946,0,0,0,0,0,0,0,0,0,0,0,0,0,0,0,0,0,1.068534201,0,0,0,0,0,0,0,2.3,0,0,0,0,0,0,0,0,424.6686,0,0,0,0,0,0,0,132.9442609,0,0,0,0,0,0,0,291.7243391,0,0,0,0,212.3343,142.1814946,70.15280543,47.5,16.25,11.95,28.2,4282.483246,2179.466896,6461.950142,2249.619702,6674.284442,4424.664741
BitzshitiniWien,39,A,152,7/12/2023,Bitzshitini,64.485156,-151.690794,1615558.455,110912.401,150,0,0,mesic,4,moist,2022,1971,NA,51,NA,49,37,42.7,42.7,MEDIUM,MID,Willow and b glandulosa,"Trans bearing 0. Site on a flat valley bottom. Medium to large hills rise up on either side. Tall tussocks with patches of dead sphagnum at site. Heavy shrub component here. Stringer of burned black spruce runs SW to NE north of the transect. No trees collected at site. Burned tree island between site 40 and 39 was used for tree samples. At site level, 39 had no trees or old stumps. Use same ARs as 40. ARs we’re taken well off transect for 40, in the direction of 39. ",0.05,0.000392699,12.4,6.656249435,Open,0,0,0,0,0,0,285.8694138,142.9347069,161.0643863,80.53219316,124.8050275,62.40251377,0,0,0,0,0,0,0,0,0,NA,NA,NA,NA,NA,NA,NA,NA,NA,NA,NA,NA,NA,NA,NA,NA,0,0,0,0,0,0,0,0,0,0,0,0,0,0,0,0,0,0,0,0,0,0,0,0,142.9347069,62.40251377,80.53219316,66.5,18,11.6607121,29.6607121,6804.034047,2468.21651,9272.250557,2548.748703,9415.185264,6866.436561
BitzshitiniWien,39,B,152,7/12/2023,Bitzshitini,64.485156,-151.690794,1615558.455,110912.401,150,0,0,mesic,4,moist,2022,1971,NA,51,NA,49,37,42.7,42.7,MEDIUM,MID,Willow and b glandulosa,"Trans bearing 0. Site on a flat valley bottom. Medium to large hills rise up on either side. Tall tussocks with patches of dead sphagnum at site. Heavy shrub component here. Stringer of burned black spruce runs SW to NE north of the transect. No trees collected at site. Burned tree island between site 40 and 39 was used for tree samples. At site level, 39 had no trees or old stumps. Use same ARs as 40. ARs we’re taken well off transect for 40, in the direction of 39. ",0.05,0.000392699,18.8,7.398450699,Open,0,0,0,0,0,0,297.1659367,148.5829684,243.518862,121.759431,53.64707473,26.82353737,0,0,0,0,0,0,0,0,0,NA,NA,NA,NA,NA,NA,NA,NA,NA,NA,NA,NA,NA,NA,NA,NA,0,0,0,0,0,0,0,0,0,0,0,0,0,0,0,0,0,0,0,0,0,0,0,0,148.5829684,26.82353737,121.759431,57.5,17,12.6607121,29.6607121,6426.032155,2679.88596,9105.918115,2801.645391,9254.501084,6452.855693
BitzshitiniWien,39,C,152,7/12/2023,Bitzshitini,64.485156,-151.690794,1615558.455,110912.401,150,0,0,mesic,4,moist,2022,1971,NA,51,NA,49,37,42.7,42.7,MEDIUM,MID,Willow and b glandulosa,"Trans bearing 0. Site on a flat valley bottom. Medium to large hills rise up on either side. Tall tussocks with patches of dead sphagnum at site. Heavy shrub component here. Stringer of burned black spruce runs SW to NE north of the transect. No trees collected at site. Burned tree island between site 40 and 39 was used for tree samples. At site level, 39 had no trees or old stumps. Use same ARs as 40. ARs we’re taken well off transect for 40, in the direction of 39. ",0.05,0.000392699,12.5,4.168108053,Open,0,0,0,0,0,0,141.6566079,70.82830393,86.92016048,43.46008024,54.73644737,27.36822369,0,0,0,0,0,0,0,0,0,NA,NA,NA,NA,NA,NA,NA,NA,NA,NA,NA,NA,NA,NA,NA,NA,0,0,0,0,0,0,0,0,0,0,0,0,0,0,0,0,0,0,0,0,0,0,0,0,70.82830393,27.36822369,43.46008024,56,10.5,19.1607121,29.6607121,3969.019861,4055.737382,8024.757242,4099.197462,8095.585546,3996.388084
BitzshitiniWien,41,C,154,7/13/2023,Bitzshitini,64.476416,-151.712538,1614547.668,109902.024,173,32,10,mesic,4,moist,2022,1971,NA,51,NA,221,76,127.3,127.3,LONG,MID,Black spruce,Trans bearing 272. Site located in small drainage with running creek. Creek area unburned. Game trail runs parallel to plot and crosses at 6m - the trail is unburned for the most part. Landscape is rolling hills with small sections of >30% slope. Burn pattern is somewhat uniform. Unsure if this is a double burn. ,1.1,3.037920096,3.7,3.427477585,Spruce,907.6777695,453.8388848,209.0886582,104.5443291,698.5891113,349.2945556,164.515609,82.25780448,154.7073122,77.35365608,9.808296814,4.904148407,0,0,0,0,0,0,123.1854642,164.2472856,41.06182141,0,0.001570796,3.0363493,0,0,0,0,0,0,0.2,0.9,0,0,0,0,0,0,25.69351952,0,881.98425,0,0,0,0,0,0.675776114,0,189.6727071,0,0,0,0,0,25.0177434,0,692.3115429,0,0,0,0,700.3439749,477.3841682,222.9598066,51.5,13.75,11.45,25.2,3499.479313,2090.747077,5590.226391,2313.706884,6290.570366,3976.863481
BitzshitiniWien,42,A,155,7/13/2023,Bitzshitini,64.474824,-151.713448,1614368.629,109864.435,182,3,70,mesic,4,moist,2022,1971,NA,51,NA,75,68,72,72,LONG,MID,Black spruce stand with salix spp. Burn was moderate. ,"Transect bearing 154. Site is on gentle slope, at site level the topography is pretty uniform. Several live black spruce around site. Uniformed burn pattern on ground surface. ",4.55,4.321653394,0.4,0.078539816,Spruce,1597.9361,798.96805,617.396063,308.6980315,980.540037,490.2700185,1.833158687,0.916579344,1.833158687,0.916579344,0,0,0,0,0,0,0,0,0,0,0,0,0,4.321653394,0,0,0,0,0,0,0,4.55,0,0,0,0,0,0,0,0,1597.9361,0,0,0,0,0,0,0,600.312063,0,0,0,0,0,0,0,997.624037,0,0,0,0,799.8846293,490.2700185,309.6146108,69.5,19.5,5.7,25.2,4376.520505,906.9565961,5283.477101,1216.571207,6083.36173,4866.790523
BitzshitiniWien,42,B,155,7/13/2023,Bitzshitini,64.474824,-151.713448,1614368.629,109864.435,182,3,70,mesic,4,moist,2022,1971,NA,51,NA,75,68,72,72,LONG,MID,Black spruce stand with salix spp. Burn was moderate. ,"Transect bearing 154. Site is on gentle slope, at site level the topography is pretty uniform. Several live black spruce around site. Uniformed burn pattern on ground surface. ",5.55,8.410828932,0.4,0.36363935,Spruce,2714.218,1357.109,1026.954517,513.4772584,1687.263483,843.6317416,17.0031426,8.5015713,10.7044764,5.352238201,6.298666197,3.149333099,251.1428757,125.5714378,65.70306531,32.85153265,185.4398104,92.71990518,0,0,0,0,0,8.410828932,0,0,0,0,0,0,0,5.55,0,0,0,0,0,0,0,0,2714.218,0,0,0,0,0,0,0,967.7488917,0,0,0,0,0,0,0,1746.469108,0,0,0,0,1491.182009,939.5009799,551.6810293,62,20.25,6.325,26.575,4580.787233,1018.410784,5599.198017,1570.091813,7090.380026,5520.288213
BitzshitiniWien,42,C,155,7/13/2023,Bitzshitini,64.474824,-151.713448,1614368.629,109864.435,182,3,70,mesic,4,moist,2022,1971,NA,51,NA,75,68,72,72,LONG,MID,Black spruce stand with salix spp. Burn was moderate. ,"Transect bearing 154. Site is on gentle slope, at site level the topography is pretty uniform. Several live black spruce around site. Uniformed burn pattern on ground surface. ",4.9,4.505829263,1.1,1.061072919,Spruce,1897.3468,948.6734,714.2271413,357.1135707,1183.119659,591.5598293,50.25811606,25.12905803,47.42318791,23.71159395,2.834928149,1.417464075,0,0,0,0,0,0,84,112,28,0,0,4.505829263,0,0,0,0,0,0,0,4.9,0,0,0,0,0,0,0,0,1897.3468,0,0,0,0,0,0,0,681.8901663,0,0,0,0,0,0,0,1215.456634,0,0,0,0,1085.802458,676.9772934,408.8251647,58.5,23.5,5.2,28.7,5483.705686,800.5434516,6284.249137,1209.368616,7370.051595,6160.682979
BitzshitiniWien,43,A,156,7/13/2023,Bitzshitini,64.476278,-151.705187,1614544.464,110255.597,163,2,134,mesic,4,moist,2022,1971,NA,51,NA,79,78,78.3,78.3,LONG,MID,"Short <3 m tall black spruce stand with several larger larch, birch, and aspen mixed around site. ","Transect bearing 50. Site is on the edge of a meadow.  Gradual slope towards meadow, but at site level the topography is fairly uniform. Several live black spruce in stand. Ground is burned in patches, live feather mosses and fruticose/foliose lichens growing on unburned patches throughout site. At edge of site is stand of large deciduous trees indicating wet area.  ",6.65,1.119585082,0.3,0.680940208,Spruce,1065.6181,532.80905,332.3600181,166.180009,733.2580819,366.629041,34.16222264,17.08111132,28.94933992,14.47466996,5.212882721,2.60644136,23.94957209,11.97478604,1.642676704,0.821338352,22.30689538,11.15344769,6.7,13.4,6.7,0,0,1.119585082,0,0,0,0,0,0,0,6.65,0,0,0,0,0,0,0,0,1065.6181,0,0,0,0,0,0,0,330.1954431,0,0,0,0,0,0,0,735.4226569,0,0,0,0,575.2649474,387.0889301,188.1760173,79.5,13,4.45,17.45,3384.010185,862.3779829,4246.388168,1050.554,4821.653115,3771.099115
BitzshitiniWien,43,B,156,7/13/2023,Bitzshitini,64.476278,-151.705187,1614544.464,110255.597,163,2,134,mesic,4,moist,2022,1971,NA,51,NA,79,78,78.3,78.3,LONG,MID,"Short <3 m tall black spruce stand with several larger larch, birch, and aspen mixed around site. ","Transect bearing 50. Site is on the edge of a meadow.  Gradual slope towards meadow, but at site level the topography is fairly uniform. Several live black spruce in stand. Ground is burned in patches, live feather mosses and fruticose/foliose lichens growing on unburned patches throughout site. At edge of site is stand of large deciduous trees indicating wet area.  ",9.05,0.845873822,NA,NA,Spruce,1608.1469,804.07345,518.4829973,259.2414986,1089.663903,544.8319514,0,0,0,0,0,0,6.354598146,3.177299073,1.366658036,0.683329018,4.98794011,2.493970055,0,0,0,0,0,0.845873822,0,0,0,0,0,0,0,9.05,0,0,0,0,0,0,0,0,1608.1469,0,0,0,0,0,0,0,515.2111973,0,0,0,0,0,0,0,1092.935703,0,0,0,0,807.2507491,547.3259215,259.9248276,76,11.75,5.575,17.325,3006.785309,1141.285164,4148.070473,1401.209992,4955.321222,3554.11123
BitzshitiniWien,43,C,156,7/13/2023,Bitzshitini,64.476278,-151.705187,1614544.464,110255.597,163,2,134,mesic,4,moist,2022,1971,NA,51,NA,79,78,78.3,78.3,LONG,MID,"Short <3 m tall black spruce stand with several larger larch, birch, and aspen mixed around site. ","Transect bearing 50. Site is on the edge of a meadow.  Gradual slope towards meadow, but at site level the topography is fairly uniform. Several live black spruce in stand. Ground is burned in patches, live feather mosses and fruticose/foliose lichens growing on unburned patches throughout site. At edge of site is stand of large deciduous trees indicating wet area.  ",12.5,0.929126027,NA,NA,Spruce,1613.6104,806.8052,712.182451,356.0912255,901.427949,450.7139745,0,0,0,0,0,0,15.13719342,7.568596711,10.85395012,5.42697506,4.283243303,2.141621651,0,0,0,0,0,0.929126027,0,0,0,0,0,0,0,12.5,0,0,0,0,0,0,0,0,1613.6104,0,0,0,0,0,0,0,704.062801,0,0,0,0,0,0,0,909.547599,0,0,0,0,814.3737967,452.8555962,361.5182006,64,15,6.2,21.2,3618.413455,1127.114251,4745.527706,1488.632451,5559.901503,4071.269052
Chitanana,30,C,143,7/9/2023,Chitanana,64.831622,-151.351287,1654785.512,125669.953,101,4,5,mesic-subhygric,5,wet,2022,NA,NA,100,NA,91,76,84.3,84.3,LONG,LONG,Black spruce with larch occasional. ,Transect bearing 243. Site on gentle slope with small hummocks. Live aspen on ridgetops above site. Some survivorship of small spruce at site. Fairly uniform burn pattern. ,4.1,2.490890275,3.6,1.66347331,Spruce,1190.688449,595.3442244,302.7363273,151.3681637,887.9521215,443.9760607,58.09279665,29.04639833,43.84180665,21.92090333,14.25099,7.125495,0,0,0,0,0,0,0,0,0,0,0.001963495,2.48892678,0,0,0,0,0,0,0.25,3.85,0,0,0,0,0,0,4.95564879,0,1185.7328,0,0,0,0,0,0.196177749,0,291.3854996,0,0,0,0,0,4.759471041,0,894.3473004,0,0,0,0,624.3906227,451.1015557,173.289067,46.5,33.5,7.45,40.95,14111.77512,1233.419288,15345.19441,1406.708355,15969.58503,14562.87667
Chitanana,29,C,142,7/8/2023,Chitanana,64.830883,-151.342338,1654720.125,126097.615,101,6,322,mesic-subhygric,5,wet,2022,NA,NA,100,NA,119,64,97.7,97.7,LONG,LONG,Black spruce. Larch uncommon. Possible white spruce component,Transect bearing 46. Transect runs through the tapering edge of black spruce Woodland. Open Tussock Meadow down slope. Green aspens upslope on minor ridgetop. ,1.7,14.14070123,3.2,1.760862682,Spruce,3658.85767,1829.428835,966.1147208,483.0573604,2692.742949,1346.371475,55.78515922,27.89257961,49.13107601,24.56553801,6.654083204,3.327041602,168.6616353,84.33081765,56.02712698,28.01356349,112.6345083,56.31725416,26.125,52.25,26.125,0,0.000785398,14.13991583,0,0,0,0,0,0,0.1,1.6,0,0,0,0,0,0,3.290969952,0,3655.5667,0,0,0,0,0,0.242267227,0,937.5650535,0,0,0,0,0,3.048702725,0,2718.001646,0,0,0,0,1993.902232,1432.140771,561.7614619,61.5,20.5,10.95,31.45,5522.301037,1962.65893,7484.959967,2524.420391,9478.862199,6954.441808
Chitanana,30,A,143,7/9/2023,Chitanana,64.831622,-151.351287,1654785.512,125669.953,101,4,5,mesic-subhygric,5,wet,2022,NA,NA,100,NA,91,76,84.3,84.3,LONG,LONG,Black spruce with larch occasional. ,Transect bearing 243. Site on gentle slope with small hummocks. Live aspen on ridgetops above site. Some survivorship of small spruce at site. Fairly uniform burn pattern. ,2.7,2.223069501,3.6,0.436681379,Spruce,857.0568,428.5284,190.223282,95.11164099,666.833518,333.416759,12.32964472,6.16482236,11.06967105,5.534835524,1.259973673,0.629986836,0,0,0,0,0,0,100.4121367,177.6485468,77.23641008,0,0,2.223069501,0,0,0,0,0,0,0,2.7,0,0,0,0,0,0,0,0,857.0568,0,0,0,0,0,0,0,181.273532,0,0,0,0,0,0,0,675.783268,0,0,0,0,612.3417691,434.4588825,177.8828866,35.5,28.25,5.7,33.95,11484.33192,896.5758268,12380.90775,1074.458713,12993.24952,11918.79081
Chitanana,30,B,143,7/9/2023,Chitanana,64.831622,-151.351287,1654785.512,125669.953,101,4,5,mesic-subhygric,5,wet,2022,NA,NA,100,NA,91,76,84.3,84.3,LONG,LONG,Black spruce with larch occasional. ,Transect bearing 243. Site on gentle slope with small hummocks. Live aspen on ridgetops above site. Some survivorship of small spruce at site. Fairly uniform burn pattern. ,3.55,1.906554042,8.3,2.203827246,Spruce,1002.006,501.003,232.3137157,116.1568578,769.6922843,384.8461422,60.37419679,30.18709839,41.10872336,20.55436168,19.26547343,9.632736713,0,0,0,0,0,0,0,0,0,0,0,1.906554042,0,0,0,0,0,0,0,3.55,0,0,0,0,0,0,0,0,1002.006,0,0,0,0,0,0,0,226.9591907,0,0,0,0,0,0,0,775.0468093,0,0,0,0,531.1900984,394.4788789,136.7112195,40.5,29,6.2,35.2,11853.87197,989.2005457,12843.07252,1125.911765,13374.26262,12248.35085
Chitanana,29,A,142,7/8/2023,Chitanana,64.830883,-151.342338,1654720.125,126097.615,101,6,322,mesic-subhygric,5,wet,2022,NA,NA,100,NA,119,64,97.7,97.7,LONG,LONG,Black spruce. Larch uncommon. Possible white spruce component,Transect bearing 46. Transect runs through the tapering edge of black spruce Woodland. Open Tussock Meadow down slope. Green aspens upslope on minor ridgetop. ,2.65,1.123904772,8.8,3.846880204,Spruce,561.6113842,280.8056921,187.7560463,93.87802317,373.8553379,186.927669,131.7300368,65.86501842,90.7543349,45.37716745,40.97570194,20.48785097,0,0,0,0,0,0,0,0,0,0,0.000392699,1.122726675,0,0,0,0,0.000785398,0,0.05,2.5,0,0,0,0,0.1,0,53.98602696,0,497.06905,0,0,0,10.55630729,0,5.689744379,0,159.6746381,0,0,0,20.81081387,0,48.29628258,0,337.3944119,0,0,0,-10.25450657,346.6707105,207.41552,139.2551906,39.5,22.5,12.45,34.95,6179.969548,2292.546861,8472.516409,2431.802052,8819.187119,6387.385068
Chitanana,29,B,142,7/8/2023,Chitanana,64.830883,-151.342338,1654720.125,126097.615,101,6,322,mesic-subhygric,5,wet,2022,NA,NA,100,NA,119,64,97.7,97.7,LONG,LONG,Black spruce. Larch uncommon. Possible white spruce component,Transect bearing 46. Transect runs through the tapering edge of black spruce Woodland. Open Tussock Meadow down slope. Green aspens upslope on minor ridgetop. ,1.55,9.144783516,10,3.974114707,Spruce,2416.808466,1208.404233,553.64254,276.82127,1863.165926,931.5829632,151.9309209,75.96546043,127.169644,63.58482201,24.76127684,12.38063842,211.1422045,105.5711022,86.80647547,43.40323773,124.335729,62.1678645,10.0497635,13.39968466,3.349921166,0,0.000392699,9.144390816,0,0,0,0,0,0,0.05,1.5,0,0,0,0,0,0,0.205116313,0,2416.60335,0,0,0,0,0,0.011031376,0,525.4513836,0,0,0,0,0,0.194084938,0,1891.151966,0,0,0,0,1403.34048,1016.18123,387.1592509,44,22.75,6.95,29.7,6263.062728,1134.393273,7397.456001,1521.552524,8800.796481,7279.243957
Chitanana,31,A,144,7/9/2023,Chitanana,64.830901,-151.348719,1654710.029,125794.938,102,6,349,subhygric,6,wet,2022,NA,NA,100,NA,86,77,82,82,LONG,LONG,Large birch and spruce,Transect bearing 260. Stand of mature birch and white spruce that has charring below 3m. Nearly all trees are fallen - many post fire. Live trees still persist at site. Standing and gently running water present across transect. Uniform burn pattern witching transect. ,1.35,47.74199816,0.5,22.08932335,Mixed,21213.21457,10606.60728,1245.572,622.7860002,19967.64257,9983.821285,1513.168748,756.5843739,1513.168748,756.5843739,0,0,0,0,0,0,0,0,0,0,0,0,37.47841496,8.939401896,0,1.32143241,0,0.000785398,0.001963495,0,0.55,0.35,0,0.1,0,0.1,0.25,0,17545.76841,0,2431.8742,333.0047544,0,249.3772032,653.1900035,0,471.9780216,0,547.6401552,59.54637425,0,31.72340072,112.6677985,0,17073.79039,0,1884.234045,273.4583802,0,217.6538025,540.5222049,11363.19165,9983.821285,1379.370374,63.5,8.5,8.45,16.95,3068.244624,3361.130816,6429.37544,4740.50119,17792.56709,13052.06591
Chitanana,31,B,144,7/9/2023,Chitanana,64.830901,-151.348719,1654710.029,125794.938,102,6,349,subhygric,6,wet,2022,NA,NA,100,NA,86,77,82,82,LONG,LONG,Large birch and spruce,Transect bearing 260. Stand of mature birch and white spruce that has charring below 3m. Nearly all trees are fallen - many post fire. Live trees still persist at site. Standing and gently running water present across transect. Uniform burn pattern witching transect. ,0.55,67.66362257,0.3,16.06217784,Mixed,30415.45747,15207.72874,1504.053695,752.0268476,28911.40378,14455.70189,1146.400806,573.2004029,315.3978694,157.6989347,831.0029363,415.5014681,6541.425048,3270.712524,254.6918668,127.3459334,6286.733182,3143.366591,0,0,0,0,40.87172772,3.341476486,0,23.45041836,0,0,0,0,0.2,0.25,0,0.1,0,0,0,0,19218.45889,0,1072.35015,10124.64843,0,0,0,0,269.0584245,0,137.8274587,1097.167812,0,0,0,0,18949.40047,0,934.5226913,9027.480618,0,0,0,19051.64167,18014.56995,1037.071716,80,1,12.34935515,13.34935515,170.2311069,4912.165462,5082.396569,5949.237178,24134.03824,18184.80106
Chitanana,31,C,144,7/9/2023,Chitanana,64.830901,-151.348719,1654710.029,125794.938,102,6,349,subhygric,6,wet,2022,NA,NA,100,NA,86,77,82,82,LONG,LONG,Large birch and spruce,Transect bearing 260. Stand of mature birch and white spruce that has charring below 3m. Nearly all trees are fallen - many post fire. Live trees still persist at site. Standing and gently running water present across transect. Uniform burn pattern witching transect. ,0.35,64.33274896,0.2,20.77378142,Mixed,26697.00688,13348.50344,1514.70441,757.3522052,25182.30247,12591.15124,1583.613127,791.8065636,1306.755355,653.3776776,276.8577721,138.428886,0,0,0,0,0,0,0,0,0,0,28.09015801,6.135923152,0,23.57176238,6.534905419,0,0,0,0.2,0.05,0,0.05,0.05,0,0,0,12681.93644,0,1539.38625,10440.21273,2035.471462,0,0,0,177.5471102,0,152.9582486,918.7387201,265.4603316,0,0,0,12504.38933,0,1386.428001,9521.474008,1770.011131,0,0,14140.31,12729.58013,1410.729883,72,0.75,12.45,13.2,43.84948554,4952.198658,4996.048143,6362.928541,19136.35815,12773.42961
Chitanana,32,A,145,7/9/2023,Chitanana,64.83542,-151.445774,1655033.151,121172.92,77,1,316,mesic-subhygric,5,wet,2022,NA,NA,100,NA,126,82,99,99,LONG,LONG,Black spruce and larch. ,Trans bearing 195. Site located at a low point on the landscape. Two bogs are near the site and have standing water visible. Burn pattern was patchy and incomplete. Unburned aspen and white spruce visible outside of site. ,0.75,0.005890486,0.9,0.320442451,Spruce,23.7897,11.89485,7.779141417,3.889570709,16.01055858,8.005279291,7.865836102,3.932918051,3.948846418,1.974423209,3.916989684,1.958494842,0,0,0,0,0,0,0,0,0,0,0,0.005890486,0,0,0,0,0,0,0,0.75,0,0,0,0,0,0,0,0,23.7897,0,0,0,0,0,0,0,7.779141417,0,0,0,0,0,0,0,16.01055858,0,0,0,0,15.82776805,9.963774133,5.863993918,38,33.25,7.325,40.575,12136.57459,1213.637945,13350.21254,1219.501938,13366.04031,12146.53837
Chitanana,32,B,145,7/9/2023,Chitanana,64.83542,-151.445774,1655033.151,121172.92,77,1,316,mesic-subhygric,5,wet,2022,NA,NA,100,NA,126,82,99,99,LONG,LONG,Black spruce and larch. ,Trans bearing 195. Site located at a low point on the landscape. Two bogs are near the site and have standing water visible. Burn pattern was patchy and incomplete. Unburned aspen and white spruce visible outside of site. ,1.6,0.941692398,0.5,0.035342917,Spruce,529.5159642,264.7579821,191.5362327,95.76811637,337.9797314,168.9898657,0.650863867,0.325431934,0.650863867,0.325431934,0,0,0,0,0,0,0,0,10.05,13.4,3.35,0,0,0.939728903,0,0,0.001963495,0,0,0,0,1.35,0,0,0.25,0,0,0,0,0,523.389,0,6.126964165,0,0,0,0,0,182.7470048,0,4.168152902,0,0,0,0,0,340.6419952,0,1.958811262,0,0,278.483414,179.0398657,99.4435483,33.5,34.375,6.2,40.575,12634.64873,1017.856605,13652.50534,1117.300153,13930.98875,12813.6886
Chitanana,32,C,145,7/9/2023,Chitanana,64.83542,-151.445774,1655033.151,121172.92,77,1,316,mesic-subhygric,5,wet,2022,NA,NA,100,NA,126,82,99,99,LONG,LONG,Black spruce and larch. ,Trans bearing 195. Site located at a low point on the landscape. Two bogs are near the site and have standing water visible. Burn pattern was patchy and incomplete. Unburned aspen and white spruce visible outside of site. ,1.15,3.559031777,3.7,0.973108324,Spruce,919.7433128,459.8716564,259.1145072,129.5572536,660.6288056,330.3144028,21.90458432,10.95229216,21.62367598,10.81183799,0.280908344,0.140454172,0,0,0,0,0,0,0,0,0,0,0,3.557460981,0,0,0.001570796,0,0,0,0,0.95,0,0,0.2,0,0,0,0,0,917.3508,0,2.392512752,0,0,0,0,0,234.8559441,0,1.772538056,0,0,0,0,0,682.4948559,0,0.619974696,0,0,470.8239486,330.454857,140.3690916,42.5,30.5,6.95,37.45,10934.01459,1143.161652,12077.17624,1283.530744,12548.00019,11264.46944
Chitanana,33,A,146,7/9/2023,Chitanana,64.834231,-151.442154,1654907.259,121349.674,77,0,0,mesic-subhygric,5,wet,2022,NA,NA,100,NA,75,60,67,67,LONG,MID,Black spruce occasional larch. ,Trans bearing 0. Patchy burn pattern at site. Located 30m away from river to SE. no notable topography at site level. Last plot of a long day. ,0.1,0.8552986,12.5,3.645032876,Spruce,234.0773,117.03865,56.42618081,28.2130904,177.6511192,88.8255596,79.19817307,39.59908654,76.37750484,38.18875242,2.820668239,1.410334119,0,0,0,0,0,0,0,0,0,0,0,0.8552986,0,0,0,0,0,0,0,0.1,0,0,0,0,0,0,0,0,234.0773,0,0,0,0,0,0,0,53.34848081,0,0,0,0,0,0,0,180.7288192,0,0,0,0,156.6377365,90.23589372,66.40184282,36,32.5,7.7,40.2,9427.96964,1289.326864,10717.2965,1355.728707,10873.93424,9518.205534
Chitanana,33,B,146,7/9/2023,Chitanana,64.834231,-151.442154,1654907.259,121349.674,77,0,0,mesic-subhygric,5,wet,2022,NA,NA,100,NA,75,60,67,67,LONG,MID,Black spruce occasional larch. ,Trans bearing 0. Patchy burn pattern at site. Located 30m away from river to SE. no notable topography at site level. Last plot of a long day. ,0.55,1.775392548,6.8,2.395464398,Mixed,630.464869,315.2324345,127.2136904,63.6068452,503.2511786,251.6255893,48.98429176,24.49214588,30.29517227,15.14758614,18.68911949,9.344559743,0,0,0,0,0,0,0,0,0,0,0.133910387,1.641482162,0,0,0,0,0,0,0.3,0.25,0,0,0,0,0,0,201.617719,0,428.84715,0,0,0,0,0,21.7740553,0,100.8597601,0,0,0,0,0,179.8436637,0,327.9873899,0,0,0,0,339.7245804,260.970149,78.75443134,44,35.75,9.7,45.45,6989.071176,3858.339517,10847.41069,3937.093948,11187.13527,7250.041325
Chitanana,33,C,146,7/9/2023,Chitanana,64.834231,-151.442154,1654907.259,121349.674,77,0,0,mesic-subhygric,5,wet,2022,NA,NA,100,NA,75,60,67,67,LONG,MID,Black spruce occasional larch. ,Trans bearing 0. Patchy burn pattern at site. Located 30m away from river to SE. no notable topography at site level. Last plot of a long day. ,0.55,0.00431969,6.3,2.077378142,Decid,9.237824064,4.618912032,1.024799423,0.512399712,8.21302464,4.10651232,63.2185803,31.60929015,40.46542292,20.23271146,22.75315738,11.37657869,0,0,0,0,0,0,0,0,0,0,0.003534292,0.000785398,0,0,0,0,0,0,0.45,0.1,0,0,0,0,0,0,7.752824064,0,1.485,0,0,0,0,0,0.464804727,0,0.559994697,0,0,0,0,0,7.288019337,0,0.925005303,0,0,0,0,36.22820218,15.48309101,20.74511117,44,33.75,9.7,43.45,5776.065872,3822.678078,9598.743951,3843.42319,9634.972153,5791.548963
ChitananaMooseheart,34,B,147,7/10/2023,Chitanana,64.851141,-151.454633,1656768.948,120685.673,76,0,0,mesic,4,moist,2022,2007,NA,15,NA,16,15,15.5,15.5,SHORT,SHORT,Birch and willow. Moderate to large tussocks. ,Transect bearing 5. Very open plain at site level. Minor topography in the far distance with unburned aspen stands visible. Moderate to large tussocks at site. Uniform burn pattern throughout. ,0.4,0.003141593,15.7,2.239170164,Decid,14.29225914,7.146129568,0.841519767,0.420759883,13.45073937,6.725369685,77.00896408,38.50448204,51.65082225,25.82541112,25.35814183,12.67907092,0,0,0,0,0,0,0,0,0,0,0.003141593,0,0,0,0,0,0,0,0.4,0,0,0,0,0,0,0,14.29225914,0,0,0,0,0,0,0,0.841519767,0,0,0,0,0,0,0,13.45073937,0,0,0,0,0,0,45.65061161,19.40444061,26.246171,54.5,32,0,32,5550.491534,0,5550.491534,26.246171,5596.142146,5569.895975
ChitananaMooseheart,34,C,147,7/10/2023,Chitanana,64.851141,-151.454633,1656768.948,120685.673,76,0,0,mesic,4,moist,2022,2007,NA,15,NA,16,15,15.5,15.5,SHORT,SHORT,Birch and willow. Moderate to large tussocks. ,Transect bearing 5. Very open plain at site level. Minor topography in the far distance with unburned aspen stands visible. Moderate to large tussocks at site. Uniform burn pattern throughout. ,0.05,0.000392699,23.2,14.7513483,Decid,0,0,0,0,0,0,554.1235651,277.0617826,362.0061547,181.0030774,192.1174104,96.0587052,0,0,0,0,0,0,0,0,0,NA,NA,NA,NA,NA,NA,NA,NA,NA,NA,NA,NA,NA,NA,NA,NA,0,0,0,0,0,0,0,0,0,0,0,0,0,0,0,0,0,0,0,0,0,0,0,0,277.0617826,96.0587052,181.0030774,66.5,40,0,43,6581.688508,0,6581.688508,181.0030774,6858.750291,6677.747213
ChitananaMooseheart,35,A,148,7/10/2023,Chitanana,64.852442,-151.456139,1656911.193,120608.747,76,0,0,mesic,4,moist,2022,2007,NA,15,NA,18,18,18,18,SHORT,SHORT,"Birch, alder, willow","Trans bearing ?Site located on large flat plain. No topography features, although site has less surface water than the area due north. Even burn pattern throughout site. ",0.15,0.629103929,13.5,3.805254102,Spruce,170.01,85.005,66.79042572,33.39521286,103.2195743,51.60978714,103.3764572,51.68822858,71.19582332,35.59791166,32.18063384,16.09031692,0,0,0,0,0,0,3.343742217,13.37496887,10.03122665,0,0,0.629103929,0,0,0,0,0,0,0,0.15,0,0,0,0,0,0,0,0,170.01,0,0,0,0,0,0,0,66.79042572,0,0,0,0,0,0,0,103.2195743,0,0,0,0,150.0681974,71.04384628,79.02435117,78,21,12.38578106,33.38578106,9823.691161,2275.468891,12099.16005,2354.493242,12249.22825,9894.735007
ChitananaMooseheart,38,C,151,7/12/2023,Chitanana,64.811182,-151.44364,1652335.918,121378.133,107,34,320,subxeric,2,dry,2022,2007,NA,15,NA,53,12,26.3,26.3,SHORT,SHORT,"Birch, black spruce, possible white spruce. ",Trans bearing 290. Site on the steep downslope draining in low flat area below. Multiple small drainages at site level. Uniform burn pattern. Unburned birch trees on 3 sides. Some live standing conifers at transect end. ,0.5,27.42688926,NA,NA,Mixed,8884.721245,4442.360622,1624.310261,812.1551304,7260.410984,3630.205492,0,0,0,0,0,0,283.3125045,141.6562523,70.82812613,35.41406306,212.4843784,106.2421892,170.7203522,406.6314086,235.9110565,0,8.835729338,15.40990466,0,3.180862562,0,0.000392699,0,0,0.05,0.35,0,0.05,0,0.05,0,0,4050.785427,0,3878.70095,943.8278063,0,11.40706164,0,0,699.1765861,0,819.439751,83.05684696,0,1.177555316,1.003821424,0,3351.608841,0,3059.261199,860.7709594,0,10.22950632,-1.003821424,4990.648283,3907.168033,1083.48025,56.5,19.625,7.7,27.325,6749.219762,3062.805596,9812.025358,4146.285846,14802.67364,10656.3878
ChitananaMooseheart,34,A,147,7/10/2023,Chitanana,64.851141,-151.454633,1656768.948,120685.673,76,0,0,mesic,4,moist,2022,2007,NA,15,NA,16,15,15.5,15.5,SHORT,SHORT,Birch and willow. Moderate to large tussocks. ,Transect bearing 5. Very open plain at site level. Minor topography in the far distance with unburned aspen stands visible. Moderate to large tussocks at site. Uniform burn pattern throughout. ,0.05,0.000392699,14.1,3.131382477,Decid,0,0,0,0,0,0,87.56983656,43.78491828,56.42080307,28.21040153,31.14903349,15.57451675,0,0,0,0,0,0,0,0,0,NA,NA,NA,NA,NA,NA,NA,NA,NA,NA,NA,NA,NA,NA,NA,NA,0,0,0,0,0,0,0,0,0,0,0,0,0,0,0,0,0,0,0,0,0,0,0,0,43.78491828,15.57451675,28.21040153,50.5,28.5,0,30.25,5099.342858,0,5099.342858,28.21040153,5143.127776,5114.917375
ChitananaMooseheart,35,C,148,7/10/2023,Chitanana,64.852442,-151.456139,1656911.193,120608.747,76,0,0,mesic,4,moist,2022,2007,NA,15,NA,18,18,18,18,SHORT,SHORT,"Birch, alder, willow","Trans bearing ?Site located on large flat plain. No topography features, although site has less surface water than the area due north. Even burn pattern throughout site. ",0.1,0.000785398,3.3,0.573340659,Decid,14.72290601,7.361453003,1.279056213,0.639528107,13.44384979,6.721924897,13.12388332,6.561941662,6.132045658,3.066022829,6.991837666,3.495918833,0,0,0,0,0,0,26.125,52.25,26.125,0,0.000785398,0,0,0,0,0,0,0,0.1,0,0,0,0,0,0,0,14.72290601,0,0,0,0,0,0,0,1.279056213,0,0,0,0,0,0,0,13.44384979,0,0,0,0,0,0,66.17339467,36.34284373,29.83055094,74.5,32,2.57864323,36.28932161,5550.491534,1016.218861,6566.710395,1046.049411,6632.883789,5586.834378
ChitananaMooseheart,36,A,149,7/10/2023,Chitanana,64.85146,-150.458963,1656796.635,120479.111,77,2,50,mesic,4,moist,2022,2007,NA,15,NA,25,15,20.7,20.7,SHORT,SHORT,"Larch, birch and willow",Trans bearing 324. Most elevated plot of the day. Located on a small but discernible slope. Standing dead larch at site. Small and widely spaced tussocks. Even burn pattern. ,0.05,0.066366145,21.7,8.417112117,Spruce,10.0724,5.0362,5.021618024,2.510809012,5.050781976,2.525390988,230.6849637,115.3424819,198.8255239,99.41276196,31.85943982,15.92971991,259.6626596,129.8313298,64.9156649,32.45783245,194.7469947,97.37349736,0,0,0,0,0,0.066366145,0,0,0,0,0,0,0,0.05,0,0,0,0,0,0,0,0,10.0724,0,0,0,0,0,0,0,5.021618024,0,0,0,0,0,0,0,5.050781976,0,0,0,0,250.2100117,115.8286083,134.3814034,60,25,0,25.5,7478.580002,0,7478.580002,134.3814034,7728.790014,7594.40861
ChitananaMooseheart,36,B,149,7/10/2023,Chitanana,64.85146,-150.458963,1656796.635,120479.111,77,2,50,mesic,4,moist,2022,2007,NA,15,NA,25,15,20.7,20.7,SHORT,SHORT,"Larch, birch and willow",Trans bearing 324. Most elevated plot of the day. Located on a small but discernible slope. Standing dead larch at site. Small and widely spaced tussocks. Even burn pattern. ,0.6,0.650702378,10.7,5.685497305,Spruce,133.1486,66.5743,46.52850061,23.2642503,86.62009939,43.3100497,160.7349523,80.36747615,152.4437899,76.22189494,8.291162431,4.145581216,0,0,0,0,0,0,0,0,0,0,0,0.650702378,0,0,0,0,0,0,0,0.6,0,0,0,0,0,0,0,0,133.1486,0,0,0,0,0,0,0,44.36107561,0,0,0,0,0,0,0,88.78752439,0,0,0,0,146.9417762,47.45563092,99.48614524,92,21,3.510858597,24.7554293,6057.52556,498.1162955,6555.641856,597.6024408,6702.583632,6104.981191
ChitananaMooseheart,35,B,148,7/10/2023,Chitanana,64.852442,-151.456139,1656911.193,120608.747,76,0,0,mesic,4,moist,2022,2007,NA,15,NA,18,18,18,18,SHORT,SHORT,"Birch, alder, willow","Trans bearing ?Site located on large flat plain. No topography features, although site has less surface water than the area due north. Even burn pattern throughout site. ",0.1,0.000785398,13,3.177720969,Spruce,91.23755831,45.61877915,48.37898112,24.18949056,42.85857719,21.42928859,64.97612497,32.48806248,64.61454111,32.30727055,0.36158386,0.18079193,84.43434827,42.21717414,21.10858707,10.55429353,63.3257612,31.6628806,0,0,0,0,0.000392699,0.000392699,0,0,0,0,0,0,0.05,0.05,0,0,0,0,0,0,4.632358305,0,86.6052,0,0,0,0,0,0.358306073,0,48.02067504,0,0,0,0,0,4.274052232,0,38.58452496,0,0,0,0,120.3240158,53.27296112,67.05105464,75,29,5.57864323,34.57864323,14511.39565,870.3043352,15381.69999,937.3553899,15502.02401,14564.66862
ChitananaMooseheart,37,A,150,7/12/2023,Chitanana,64.808766,-151.447426,1652059.754,121208.813,117,4,300,subxeric,2,dry,2022,2007,NA,15,NA,12,10,11,11,SHORT,SHORT,Black spruce and willow,"Transect bearing 15. Located on a minor ridgetop, with slope increasing as it rolls down to major drainage below. Uniform burn pattern. Possibly mesic-subxeric",0.35,10.4359781,5.4,6.453616709,Spruce,3097.243633,1548.621816,1088.05108,544.0255402,2009.192552,1004.596276,306.372947,153.1864735,184.1947501,92.09737506,122.1781969,61.08909843,0,0,0,0,0,0,6.7,13.4,6.7,0,0,10.4351927,0,0,0.000785398,0,0,0,0,0.25,0,0,0.1,0,0,0,0,0,2867.33985,0,229.9037829,0,0,0,0,0,989.9241664,0,98.12691395,0,0,0,0,0,1877.415684,0,131.7768689,0,0,1715.20829,1072.385374,642.8229153,NA,9.375,12.825,22.2,3125.023602,2374.415999,5499.439601,3017.238914,7214.64789,4197.408977
ChitananaMooseheart,37,B,150,7/12/2023,Chitanana,64.808766,-151.447426,1652059.754,121208.813,117,4,300,subxeric,2,dry,2022,2007,NA,15,NA,12,10,11,11,SHORT,SHORT,Black spruce and willow,"Transect bearing 15. Located on a minor ridgetop, with slope increasing as it rolls down to major drainage below. Uniform burn pattern. Possibly mesic-subxeric",0.95,0.214806398,4,7.095287008,Spruce,1362.79686,681.3984301,814.5259771,407.2629886,548.2708831,274.1354415,362.8840287,181.4420143,362.4284817,181.2142408,0.455546985,0.227773493,0,0,0,0,0,0,34.69933701,138.797348,104.098011,0,0,0.212450203,0,0.000392699,0.001570796,0,0.000392699,0,0,0.65,0,0.05,0.2,0,0.05,0,0,0,1280.5916,3.393749204,72.45217432,0,6.359336697,0,0,0,759.9861632,0.442834938,38.34344399,0,12.73823496,0,0,0,520.6054368,2.950914266,34.10873033,0,-6.378898266,1001.637792,309.062552,692.5752404,NA,9.375,13.7,23.075,3125.023602,2569.905654,5694.929256,3262.480894,6696.567048,3434.086154
ChitananaMooseheart,37,C,150,7/12/2023,Chitanana,64.808766,-151.447426,1652059.754,121208.813,117,4,300,subxeric,2,dry,2022,2007,NA,15,NA,12,10,11,11,SHORT,SHORT,Black spruce and willow,"Transect bearing 15. Located on a minor ridgetop, with slope increasing as it rolls down to major drainage below. Uniform burn pattern. Possibly mesic-subxeric",1.2,0.295309709,4.2,8.399833358,Spruce,2083.64417,1041.822085,1222.584991,611.2924953,861.0591794,430.5295897,447.6999589,223.8499795,342.7477606,171.3738803,104.9521984,52.47609919,0,0,0,0,0,0,103.7733078,240.3710691,136.5977614,0,0.000785398,0.294131612,0,0,0,0,0.000392699,0,0.1,1.05,0,0,0,0,0.05,0,29.92067079,0,2044.09165,0,0,0,9.631849156,0,1.917449427,0,1198.694085,0,0,0,20.44375632,0,28.00322136,0,845.3975652,0,0,0,-10.81190716,1506.043134,586.7789966,919.264137,NA,14.5,16.325,30.825,5293.92493,3176.617166,8470.542096,4095.881303,9976.58523,5880.703927
ChitananaMooseheart,36,C,149,7/10/2023,Chitanana,64.85146,-150.458963,1656796.635,120479.111,77,2,50,mesic,4,moist,2022,2007,NA,15,NA,25,15,20.7,20.7,SHORT,SHORT,"Larch, birch and willow",Trans bearing 324. Most elevated plot of the day. Located on a small but discernible slope. Standing dead larch at site. Small and widely spaced tussocks. Even burn pattern. ,0.25,0.001963495,23.9,5.800950835,Mixed,61.31979093,30.65989546,27.34825421,13.6741271,33.97153672,16.98576836,151.8410542,75.92052709,128.2756919,64.13784596,23.56536225,11.78268112,122.8594958,61.42974791,0,0,122.8594958,61.42974791,0,0,0,0,0,0.001178097,0,0,0.000785398,0,0,0,0,0.15,0,0,0.1,0,0,0,0,0,16.335,0,44.98479093,0,0,0,0,0,3.931039886,0,23.41721432,0,0,0,0,0,12.40396011,0,21.56757661,0,0,168.0101705,90.19819739,77.81197306,74,25,0,26.5,4938.20881,0,4938.20881,77.81197306,5106.21898,5028.407007
ChitananaMooseheart,38,B,151,7/12/2023,Chitanana,64.811182,-151.44364,1652335.918,121378.133,107,34,320,subxeric,2,dry,2022,2007,NA,15,NA,53,12,26.3,26.3,SHORT,SHORT,"Birch, black spruce, possible white spruce. ",Trans bearing 290. Site on the steep downslope draining in low flat area below. Multiple small drainages at site level. Uniform burn pattern. Unburned birch trees on 3 sides. Some live standing conifers at transect end. ,0.8,0.006283185,NA,NA,Mixed,1480.963413,740.4817064,568.6711766,284.3355883,912.2922361,456.1461181,0,0,0,0,0,0,0,0,0,0,0,0,132.8868283,399.3835268,266.4966985,0,0.000392699,0.002356194,0,0.001963495,0.000785398,0,0.000785398,0,0.05,0.3,0,0.25,0.1,0,0.1,0,8.424050833,0,341.55,73.4110034,1028.48057,0,29.09778843,0,0.16736551,0,186.6639407,11.66468243,356.8632229,0,13.311965,0,8.256685323,0,154.8860593,61.74632097,671.6173472,0,15.78582343,1139.865233,589.0329464,550.8322868,97,6.25,15.95,22.2,2092.684221,6344.38302,8437.067241,6895.215306,9576.932474,2681.717168
ChitananaMooseheart,38,A,151,7/12/2023,Chitanana,64.811182,-151.44364,1652335.918,121378.133,107,34,320,subxeric,2,dry,2022,2007,NA,15,NA,53,12,26.3,26.3,SHORT,SHORT,"Birch, black spruce, possible white spruce. ",Trans bearing 290. Site on the steep downslope draining in low flat area below. Multiple small drainages at site level. Uniform burn pattern. Unburned birch trees on 3 sides. Some live standing conifers at transect end. ,0.35,4.175962035,NA,NA,Mixed,2899.251116,1449.625558,914.2663132,457.1331566,1984.984802,992.4924012,0,0,0,0,0,0,886.6837392,443.3418696,665.0128044,332.5064022,221.6709348,110.8354674,998.3053052,1625.310364,627.0050586,0.089142692,0,0,0,0,4.086819343,0,0,0.15,0,0,0,0,0.2,0,0,1743.429092,0,0,0,0,1155.822024,0,0,499.0387519,0,0,0,0,415.2275613,0,0,1244.39034,0,0,0,0,740.5944622,0,0,3518.277791,2101.633174,1416.644617,51,9,8.2,17.2,4214.44299,3261.689076,7476.132066,4678.333693,10994.40986,6316.076164
Douglas,14,B,127,6/26/2023,Douglas,66.917751,-150.435921,1888662.679,156609.337,393,3,161,mesic,4,moist,2022,NA,NA,100,NA,112,109,110,110,LONG,LONG,Black spruce,Site is directly below a 5m rise to the north. Variable sol burn depths and frozen soil depths. Transect bearing 255. ,1.6,3.978041698,0.3,0.084823002,Spruce,1054.4773,527.23865,505.0766326,252.5383163,549.4006674,274.7003337,2.178082717,1.089041359,1.785626585,0.892813293,0.392456132,0.196228066,0,0,0,0,0,0,0,0,0,0,0,3.978041698,0,0,0,0,0,0,0,1.6,0,0,0,0,0,0,0,0,1054.4773,0,0,0,0,0,0,0,477.8538826,0,0,0,0,0,0,0,576.6234174,0,0,0,0,528.3276914,274.8965618,253.4311296,20,17,12.95,29.95,2832.244448,2460.884193,5293.128641,2714.315323,5821.456333,3107.14101
Douglas,14,C,127,6/26/2023,Douglas,66.917751,-150.435921,1888662.679,156609.337,393,3,161,mesic,4,moist,2022,NA,NA,100,NA,112,109,110,110,LONG,LONG,Black spruce,Site is directly below a 5m rise to the north. Variable sol burn depths and frozen soil depths. Transect bearing 255. ,2.45,2.223069501,NA,NA,Spruce,772.02825,386.014125,347.5421709,173.7710854,424.4860791,212.2430396,0,0,0,0,0,0,0,0,0,0,0,0,0,0,0,0,0,2.223069501,0,0,0,0,0,0,0,2.45,0,0,0,0,0,0,0,0,772.02825,0,0,0,0,0,0,0,337.4284209,0,0,0,0,0,0,0,434.5998291,0,0,0,0,386.014125,212.2430396,173.7710854,37,29.375,19.7,49.075,5485.709447,3983.250188,9468.959634,4157.021273,9854.973759,5697.952486
Douglas,14,A,127,6/26/2023,Douglas,66.917751,-150.435921,1888662.679,156609.337,393,3,161,mesic,4,moist,2022,NA,NA,100,NA,112,109,110,110,LONG,LONG,Black spruce,Site is directly below a 5m rise to the north. Variable sol burn depths and frozen soil depths. Transect bearing 255. ,1.4,6.671172,0.9,0.287455728,Spruce,1780.4616,890.2308,810.9553504,405.4776752,969.5062496,484.7531248,7.953391279,3.97669564,6.189526304,3.094763152,1.763864975,0.881932487,0,0,0,0,0,0,0,0,0,0,0,6.671172,0,0,0,0,0,0,0,1.4,0,0,0,0,0,0,0,0,1780.4616,0,0,0,0,0,0,0,759.4485754,0,0,0,0,0,0,0,1021.013025,0,0,0,0,894.2074956,485.6350573,408.5724384,65,9.25,12.075,21.325,1533.600932,2583.557205,4117.158138,2992.129644,5011.365633,2019.23599
Douglas,18,A,131,6/27/2023,Douglas,66.898437,-150.519309,1886326.862,153060.918,374,0,0,mesic,4,moist,2022,NA,NA,100,NA,120,89,106,106,LONG,LONG,Black spruce. ,Transect bearing 0. Large sphagnum bogs with surface water present around the site ~1m below transect elevation. Uniform burn severity at site level. Ericaceous shrub layer was dominant pre fire. Could be mesic subhydric because of bogs near site,1.05,3.34854507,0.2,0.039269908,Spruce,996.39095,498.195475,272.5616327,136.2808164,723.8293173,361.9146586,0.916579344,0.458289672,0.916579344,0.458289672,0,0,0,0,0,0,0,0,0,0,0,0,0,3.34854507,0,0,0,0,0,0,0,1.05,0,0,0,0,0,0,0,0,996.39095,0,0,0,0,0,0,0,253.8371077,0,0,0,0,0,0,0,742.5538423,0,0,0,0,498.6537647,361.9146586,136.7391061,25.5,32.5,3.2,35.7,7279.481953,445.4655231,7724.947476,582.2046292,8223.601241,7641.396612
Douglas,18,B,131,6/27/2023,Douglas,66.898437,-150.519309,1886326.862,153060.918,374,0,0,mesic,4,moist,2022,NA,NA,100,NA,120,89,106,106,LONG,LONG,Black spruce. ,Transect bearing 0. Large sphagnum bogs with surface water present around the site ~1m below transect elevation. Uniform burn severity at site level. Ericaceous shrub layer was dominant pre fire. Could be mesic subhydric because of bogs near site,1.25,1.230718922,0.1,0.03848451,Spruce,513.9755,256.98775,136.5717335,68.28586675,377.4037665,188.7018833,1.078266252,0.539133126,0.890046894,0.445023447,0.188219358,0.094109679,0,0,0,0,0,0,0,0,0,0,0,1.230718922,0,0,0,0,0,0,0,1.25,0,0,0,0,0,0,0,0,513.9755,0,0,0,0,0,0,0,132.9978085,0,0,0,0,0,0,0,380.9776915,0,0,0,0,257.5268831,188.795993,68.7308902,26.5,28.5,5.575,34.075,6210.947247,889.5609218,7100.508168,958.291812,7358.035051,6399.743239
Douglas,18,C,131,6/27/2023,Douglas,66.898437,-150.519309,1886326.862,153060.918,374,0,0,mesic,4,moist,2022,NA,NA,100,NA,120,89,106,106,LONG,LONG,Black spruce. ,Transect bearing 0. Large sphagnum bogs with surface water present around the site ~1m below transect elevation. Uniform burn severity at site level. Ericaceous shrub layer was dominant pre fire. Could be mesic subhydric because of bogs near site,1.25,3.713362517,0.2,0.014137167,Spruce,1060.2889,530.14445,219.3974338,109.6987169,840.8914662,420.4457331,0.260345547,0.130172773,0.260345547,0.130172773,0,0,0,0,0,0,0,0,0,0,0,0,0,3.713362517,0,0,0,0,0,0,0,1.25,0,0,0,0,0,0,0,0,1060.2889,0,0,0,0,0,0,0,206.0913838,0,0,0,0,0,0,0,854.1975162,0,0,0,0,530.2746228,420.4457331,109.8288897,37,36.5,4.575,41.075,8375.883241,693.0237558,9068.906997,802.8526454,9599.181619,8796.328974
Douglas,16,A,129,6/27/2023,Douglas,66.893834,-150.515784,1885824.61,153242.586,356,2,330,mesic-subhygric,5,wet,2022,NA,NA,100,NA,157,125,142,142,LONG,LONG,Black spruce. ,Transect bearing 73. Patchy surface burn with <50% ground surface burned. Hardpan frozen ground found throughout. Small 1.5m mounds outside the site burned with higher severity. Water began to fill in holes we dug. ,6.35,2.772455517,NA,NA,Spruce,1204.2826,602.1413,279.233018,139.616509,925.049582,462.524791,0,0,0,0,0,0,0,0,0,0,0,0,0,0,0,0,0,2.772455517,0,0,0,0,0,0,0,6.35,0,0,0,0,0,0,0,0,1204.2826,0,0,0,0,0,0,0,271.118493,0,0,0,0,0,0,0,933.164107,0,0,0,0,602.1413,462.524791,139.616509,51,53.25,5.95,59.2,26052.60914,966.0797119,27018.68885,1105.696221,27620.83015,26515.13393
Douglas,15,A,128,6/26/2023,Douglas,66.91704,-150.434094,1888588.162,156693.777,387,15,330,mesic-subhygric,5,wet,2022,NA,NA,100,NA,107,88,96,96,LONG,LONG,Black spruce,"Site upslope from small creek that did not burn. Frozen ground found throughout, no mineral soil found. Transect bearing 245. End of a long 4-plot day",0.7,6.546686391,0.3,0.02120575,Spruce,1759.9105,879.95525,431.8309684,215.9154842,1328.079532,664.0397658,0.39051832,0.19525916,0.39051832,0.19525916,0,0,0,0,0,0,0,0,0,0,0,0,0,6.546686391,0,0,0,0,0,0,0,0.7,0,0,0,0,0,0,0,0,1759.9105,0,0,0,0,0,0,0,389.4485434,0,0,0,0,0,0,0,1370.461957,0,0,0,0,880.1505092,664.0397658,216.1107434,25.5,26,10.075,36.075,6489.536779,1789.228244,8278.765023,2005.338987,9158.915532,7153.576545
Douglas,15,B,128,6/26/2023,Douglas,66.91704,-150.434094,1888588.162,156693.777,387,15,330,mesic-subhygric,5,wet,2022,NA,NA,100,NA,107,88,96,96,LONG,LONG,Black spruce,"Site upslope from small creek that did not burn. Frozen ground found throughout, no mineral soil found. Transect bearing 245. End of a long 4-plot day",0.5,3.721609197,1,0.082466807,Spruce,951.9972238,475.9986119,403.840513,201.9202565,548.1567108,274.0783554,1.641930016,0.820965008,1.100328843,0.550164422,0.541601173,0.270800586,0,0,0,0,0,0,0,0,0,0,0,3.721216498,0,0,0,0,0.000392699,0,0,0.45,0,0,0,0,0.05,0,0,0,945.641,0,0,0,6.356223797,0,0,0,357.6720233,0,0,0,12.73928973,0,0,0,587.9689767,0,0,0,-6.38306593,476.8195769,274.349156,202.4704209,28,26.75,9.2,35.95,6716.479842,1599.582221,8316.062063,1802.052642,8792.88164,6990.828998
Douglas,15,C,128,6/26/2023,Douglas,66.91704,-150.434094,1888588.162,156693.777,387,15,330,mesic-subhygric,5,wet,2022,NA,NA,100,NA,107,88,96,96,LONG,LONG,Black spruce,"Site upslope from small creek that did not burn. Frozen ground found throughout, no mineral soil found. Transect bearing 245. End of a long 4-plot day",0.95,4.475198735,0.4,0.012566371,Spruce,1193.3091,596.65455,455.3558077,227.6779039,737.9532923,368.9766461,0.19536721,0.097683605,0.136643301,0.068321651,0.058723909,0.029361954,0,0,0,0,0,0,0,0,0,0,0,4.475198735,0,0,0,0,0,0,0,0.95,0,0,0,0,0,0,0,0,1193.3091,0,0,0,0,0,0,0,419.9127077,0,0,0,0,0,0,0,773.3963923,0,0,0,0,596.7522336,369.0060081,227.7462256,27,29.5,14.45,43.95,7559.785492,2757.141737,10316.92723,2984.887962,10913.67946,7928.7915
Douglas,17,B,130,6/27/2023,Douglas,66.83831,-150.519716,1886311.842,153043.775,354,1,171,subhygric,6,wet,2022,NA,NA,100,NA,209,125,161.7,161.7,LONG,LONG,Black spruce. ,"Transect bearing 89. Very patchy burn, trees torched but very little combustion outside of branch radius. Standing water and deep sphagnum present. Frozen ground foud throughout. Large unburned patch directly N of transect. ",4.4,32.15105922,1.4,0.190066356,Spruce,8443.9572,4221.9786,2214.177281,1107.088641,6229.779919,3114.889959,4.40211527,2.201057635,3.296714991,1.648357495,1.105400279,0.552700139,0,0,0,0,0,0,0,0,0,0,0,32.15105922,0,0,0,0,0,0,0,4.4,0,0,0,0,0,0,0,0,8443.9572,0,0,0,0,0,0,0,1958.727481,0,0,0,0,0,0,0,6485.229719,0,0,0,0,4224.179658,3115.442659,1108.736998,28.5,27.25,6.075,33.325,7932.039447,965.7058785,8897.745326,2074.442877,13121.92498,11047.48211
Douglas,16,B,129,6/27/2023,Douglas,66.893834,-150.515784,1885824.61,153242.586,356,2,330,mesic-subhygric,5,wet,2022,NA,NA,100,NA,157,125,142,142,LONG,LONG,Black spruce. ,Transect bearing 73. Patchy surface burn with <50% ground surface burned. Hardpan frozen ground found throughout. Small 1.5m mounds outside the site burned with higher severity. Water began to fill in holes we dug. ,2.6,0.644811892,0.3,0.009424778,Spruce,311.7127,155.85635,70.5083481,35.25417405,241.2043519,120.602176,0.146525407,0.073262704,0.087801499,0.043900749,0.058723909,0.029361954,21.54044977,10.77022488,0,0,21.54044977,10.77022488,0,0,0,0,0,0.644811892,0,0,0,0,0,0,0,2.6,0,0,0,0,0,0,0,0,311.7127,0,0,0,0,0,0,0,68.9979731,0,0,0,0,0,0,0,242.7147269,0,0,0,0,166.6998376,131.4017628,35.2980748,34.5,31.25,7.575,38.825,13679.59155,1258.604973,14938.19652,1293.903048,15104.89636,13810.99331
Douglas,16,C,129,6/27/2023,Douglas,66.893834,-150.515784,1885824.61,153242.586,356,2,330,mesic-subhygric,5,wet,2022,NA,NA,100,NA,157,125,142,142,LONG,LONG,Black spruce. ,Transect bearing 73. Patchy surface burn with <50% ground surface burned. Hardpan frozen ground found throughout. Small 1.5m mounds outside the site burned with higher severity. Water began to fill in holes we dug. ,2.25,3.478135767,2,0.05576327,Spruce,1041.13555,520.567775,238.3898907,119.1949454,802.7456593,401.3728296,0.904473222,0.452236611,0.079001978,0.039500989,0.825471244,0.412735622,0,0,0,0,0,0,0,0,0,0,0,3.478135767,0,0,0,0,0,0,0,2.25,0,0,0,0,0,0,0,0,1041.13555,0,0,0,0,0,0,0,229.2881657,0,0,0,0,0,0,0,811.8473843,0,0,0,0,521.0200116,401.7855652,119.2344464,32,31.5,5.45,36.95,13811.9783,864.3752371,14676.35354,983.6096834,15197.37355,14213.76387
Douglas,17,A,130,6/27/2023,Douglas,66.83831,-150.519716,1886311.842,153043.775,354,1,171,subhygric,6,wet,2022,NA,NA,100,NA,209,125,161.7,161.7,LONG,LONG,Black spruce. ,"Transect bearing 89. Very patchy burn, trees torched but very little combustion outside of branch radius. Standing water and deep sphagnum present. Frozen ground foud throughout. Large unburned patch directly N of transect. ",1.45,12.85461174,1.1,0.137444679,Spruce,3321.6073,1660.80365,589.4685278,294.7342639,2732.138772,1366.069386,3.228935657,1.614467828,0.955733005,0.477866503,2.273202652,1.136601326,42.55342632,21.27671316,0,0,42.55342632,21.27671316,0,0,0,0,0,12.85461174,0,0,0,0,0,0,0,1.45,0,0,0,0,0,0,0,0,3321.6073,0,0,0,0,0,0,0,574.9383278,0,0,0,0,0,0,0,2746.668972,0,0,0,0,1683.694831,1388.4827,295.2121304,28,29.25,8.7,37.95,8640.99621,1550.055574,10191.05178,1845.267704,11874.74661,10029.47891
Douglas,17,C,130,6/27/2023,Douglas,66.83831,-150.519716,1886311.842,153043.775,354,1,171,subhygric,6,wet,2022,NA,NA,100,NA,209,125,161.7,161.7,LONG,LONG,Black spruce. ,"Transect bearing 89. Very patchy burn, trees torched but very little combustion outside of branch radius. Standing water and deep sphagnum present. Frozen ground foud throughout. Large unburned patch directly N of transect. ",1.4,1.92854519,1,0.133517688,Spruce,688.3295,344.16475,106.4995666,53.24978328,581.8299334,290.9149667,3.197914692,1.598957346,0.781036641,0.39051832,2.416878051,1.208439026,67.32303537,33.66151768,0,0,67.32303537,33.66151768,0,0,0,0,0,1.92854519,0,0,0,0,0,0,0,1.4,0,0,0,0,0,0,0,0,688.3295,0,0,0,0,0,0,0,103.6879166,0,0,0,0,0,0,0,584.6415834,0,0,0,0,379.425225,325.7849234,53.6403016,34.5,39.75,3.2,42.95,12519.20433,445.4655231,12964.66986,499.1058247,13344.09508,12844.98926
DouglasBonanza,10,A,123,6/25/2023,Douglas,66.856464,-150.54414,1881615.53,152212.398,326,2,239,mesic-subxeric,3,moist,2022,2005,NA,17,NA,16,16,16,16,SHORT,SHORT,Young birch ,Transect bearing 154. Possible B neoalaskana x B glandulosa hybrids at this site. Rocky soils. In river drainage with small depressions at site. ARs weren’t found in sufficient number to finish all data. ,9.8,0.07696902,NA,NA,Decid,1235.599216,617.7996081,69.26153669,34.63076834,1166.337679,583.1688397,0,0,0,0,0,0,0,0,0,0,0,0,191.4002788,390.5497988,199.14952,0,0.07696902,0,0,0,0,0,0,0,9.8,0,0,0,0,0,0,0,1235.599216,0,0,0,0,0,0,0,69.26153669,0,0,0,0,0,0,0,1166.337679,0,0,0,0,0,0,1008.349407,774.5691185,233.7802883,NA,1,19.45,20.45,777.3016303,7665.060683,8442.362313,7898.840971,9450.71172,1551.870749
DouglasBonanza,13,B,126,6/26/2023,Douglas,66.85002079,-150.5668378,1880849.143,151250.545,319,1,255,subhygric,6,wet,2022,2005,NA,17,NA,119,78,96.7,96.7,LONG,LONG,Black spruce with dominant Eriophorum understory,"Very similar to dobon12, standing dead black spruce and high tussocks. Standing water found in deep natural holes. Homogenous permafrost hardpan throughout site. Transect bearing 5 deg. Very deep sol samples. ",0.85,0.9837112,0.7,0.087964594,Spruce,497.87595,248.937975,210.7811773,105.3905886,287.0947727,143.5473864,1.842946046,0.921473023,0.654479674,0.327239837,1.188466373,0.594233186,0,0,0,0,0,0,0,0,0,0,0,0.9837112,0,0,0,0,0,0,0,0.85,0,0,0,0,0,0,0,0,497.87595,0,0,0,0,0,0,0,210.1527523,0,0,0,0,0,0,0,287.7231977,0,0,0,0,249.859448,144.1416196,105.7178284,32,32.5,6.825,39.325,10888.14889,1115.266158,12003.41505,1220.983987,12253.27449,11032.29051
DouglasBonanza,13,C,126,6/26/2023,Douglas,66.85002079,-150.5668378,1880849.143,151250.545,319,1,255,subhygric,6,wet,2022,2005,NA,17,NA,119,78,96.7,96.7,LONG,LONG,Black spruce with dominant Eriophorum understory,"Very similar to dobon12, standing dead black spruce and high tussocks. Standing water found in deep natural holes. Homogenous permafrost hardpan throughout site. Transect bearing 5 deg. Very deep sol samples. ",1.2,3.414518515,0.7,0.197920337,Spruce,1243.1395,621.56975,384.958199,192.4790995,858.181301,429.0906505,5.082193007,2.541096504,1.142714816,0.571357408,3.939478191,1.969739096,0,0,0,0,0,0,0,0,0,0,0,3.414518515,0,0,0,0,0,0,0,1.2,0,0,0,0,0,0,0,0,1243.1395,0,0,0,0,0,0,0,379.075849,0,0,0,0,0,0,0,864.063651,0,0,0,0,624.1108465,431.0603896,193.0504569,28,27.5,3.875,31.375,8897.37323,563.1248573,9460.498087,756.1753142,10084.60893,9328.43362
DouglasBonanza,9,A,122,6/25/2023,Douglas,66.856074,-150.547601,1881564.353,152062.347,323,0,0,mesic-subhygric,5,wet,2022,2005,NA,17,NA,122,86,104.7,104.7,LONG,LONG,Mixed white black spruce with aspen and birch.," Site in large drainage with small ridges and holes <2m high. Standing water visible outside transect. River rock present. Very little organic layer remaining overall, some trees fall post fire. Transect bearing 154deg",0.75,60.87346275,NA,NA,Mixed,19465.63766,9732.818828,2033.541398,1016.770699,17432.09626,8716.048128,0,0,0,0,0,0,2079.018715,1039.509358,1559.264036,779.6320182,519.7546788,259.8773394,0,0,0,14.77962264,14.20196229,27.25567246,0,1.608495439,3.02770992,0,0,0.05,0.15,0.35,0,0.05,0.15,0,0,5455.451408,5952.294146,0,6860.748,416.4306463,780.7134547,0,0,313.6063253,315.8535736,0,902.2689089,79.73514966,265.2360908,0,0,5141.845082,5636.440573,0,5958.479091,336.6954966,515.4773639,0,0,10772.32819,8975.925467,1796.402717,NA,0,18.125,18.125,0,7209.526159,7209.526159,9005.928876,17981.85434,8975.925467
DouglasBonanza,9,B,122,6/25/2023,Douglas,66.856074,-150.547601,1881564.353,152062.347,323,0,0,mesic-subhygric,5,wet,2022,2005,NA,17,NA,122,86,104.7,104.7,LONG,LONG,Mixed white black spruce with aspen and birch.," Site in large drainage with small ridges and holes <2m high. Standing water visible outside transect. River rock present. Very little organic layer remaining overall, some trees fall post fire. Transect bearing 154deg",0.35,30.85161796,8.3,19.42289658,Spruce,11161.14065,5580.570327,2253.151181,1126.57559,8907.989474,4453.994737,1007.512369,503.7561843,477.7909748,238.8954874,529.7213937,264.8606969,0,0,0,0,0,0,130.5023555,261.004711,130.5023555,0,0,2.150420171,0,28.70119778,0,0,0,0,0,0.05,0,0.3,0,0,0,0,0,0,546.3066,10614.83405,0,0,0,0,0,0,162.4151766,2090.736004,0,0,0,0,0,0,383.8914234,8524.09805,0,0,0,6345.331222,4849.357789,1495.973433,NA,1,15.7,16.7,260.0559759,4315.793884,4575.84986,5811.767317,10921.18108,5109.413765
DouglasBonanza,10,B,123,6/25/2023,Douglas,66.856464,-150.54414,1881615.53,152212.398,326,2,239,mesic-subxeric,3,moist,2022,2005,NA,17,NA,16,16,16,16,SHORT,SHORT,Young birch ,Transect bearing 154. Possible B neoalaskana x B glandulosa hybrids at this site. Rocky soils. In river drainage with small depressions at site. ARs weren’t found in sufficient number to finish all data. ,4,0.903207888,NA,NA,Decid,557.7689883,278.8844941,23.51869897,11.75934948,534.2502893,267.1251446,0,0,0,0,0,0,0,0,0,0,0,0,111.8280533,243.339073,131.5110197,0,0.901244392,0,0,0.001963495,0,0,0,0,3.75,0,0,0.25,0,0,0,0,554.3475949,0,0,3.421393338,0,0,0,0,23.11469971,0,0,0.403999262,0,0,0,0,531.2328952,0,0,3.017394076,0,0,0,522.2235671,378.9531979,143.2703692,NA,0.375,34.2,34.575,1474.040997,13477.89591,14951.9369,13621.16627,15474.16047,1852.994195
DouglasBonanza,10,C,123,6/25/2023,Douglas,66.856464,-150.54414,1881615.53,152212.398,326,2,239,mesic-subxeric,3,moist,2022,2005,NA,17,NA,16,16,16,16,SHORT,SHORT,Young birch ,Transect bearing 154. Possible B neoalaskana x B glandulosa hybrids at this site. Rocky soils. In river drainage with small depressions at site. ARs weren’t found in sufficient number to finish all data. ,4.65,0.036521015,0.6,0.351072979,Decid,523.5394335,261.7697167,31.19332901,15.5966645,492.3461044,246.1730522,14.13979876,7.069899378,4.025298757,2.012649378,10.1145,5.05725,0,0,0,0,0,0,364.2411452,830.9178349,466.6766898,0,0.036521015,0,0,0,0,0,0,0,4.65,0,0,0,0,0,0,0,523.5394335,0,0,0,0,0,0,0,31.19332901,0,0,0,0,0,0,0,492.3461044,0,0,0,0,0,0,1099.757451,615.4714474,484.2860036,NA,0.25,25.54139739,25.79139739,1457.928544,10065.62267,11523.55121,10549.90867,12623.30866,2073.399992
DouglasBonanza,11,A,124,6/25/2023,Douglas,66.85634886,-150.5438831,1881603.351,152224.368,324,0,0,mesic-subxeric,3,moist,2022,2005,NA,17,NA,16,14,14.7,14.7,SHORT,SHORT,Young birch with young black spruce ,"Forgot gps at lunch spot- this plot 40m north of 10. Used small Pima for ARs. Betula hybrids possible at this site as well. In drainage, no discernible topography at site. 10m away from unburned betula patch. ",4.25,0.033379422,NA,NA,Decid,755.6915351,377.8457675,31.54809258,15.77404629,724.1434425,362.0717212,0,0,0,0,0,0,0,0,0,0,0,0,28,112,84,0,0.027881635,0.005105088,0,0.000392699,0,0,0,0,3.55,0.65,0,0.05,0,0,0,0,689.2360853,0,65.9637,0.491749783,0,0,0,0,21.88503892,0,9.619779676,0.043273981,0,0,0,0,667.3510464,0,56.34392032,0.448475802,0,0,0,489.8457675,390.0717212,99.77404629,NA,0.5,5.4,5.9,293.2732436,2128.088827,2421.362071,2227.862873,2911.207838,683.3449648
DouglasBonanza,11,B,124,6/25/2023,Douglas,66.85634886,-150.5438831,1881603.351,152224.368,324,0,0,mesic-subxeric,3,moist,2022,2005,NA,17,NA,16,14,14.7,14.7,SHORT,SHORT,Young birch with young black spruce ,"Forgot gps at lunch spot- this plot 40m north of 10. Used small Pima for ARs. Betula hybrids possible at this site as well. In drainage, no discernible topography at site. 10m away from unburned betula patch. ",0.5,0.135873882,1.4,1.143539726,Decid,77.06185137,38.53092568,2.682366837,1.341183419,74.37948453,37.18974227,42.90874543,21.45437272,42.90874543,21.45437272,0,0,0,0,0,0,0,0,10.05,13.4,3.35,0,0.134303086,0.001570796,0,0,0,0,0,0,0.3,0.2,0,0,0,0,0,0,68.98345137,0,8.0784,0,0,0,0,0,1.57567423,0,1.106692607,0,0,0,0,0,67.40777714,0,6.971707393,0,0,0,0,73.3852984,47.23974227,26.14555614,NA,2,5.675,7.675,1106.518104,2236.463721,3342.981825,2262.609277,3416.367124,1153.757846
DouglasBonanza,11,C,124,6/25/2023,Douglas,66.85634886,-150.5438831,1881603.351,152224.368,324,0,0,mesic-subxeric,3,moist,2022,2005,NA,17,NA,16,14,14.7,14.7,SHORT,SHORT,Young birch with young black spruce ,"Forgot gps at lunch spot- this plot 40m north of 10. Used small Pima for ARs. Betula hybrids possible at this site as well. In drainage, no discernible topography at site. 10m away from unburned betula patch. ",2.4,2.058921285,NA,NA,Mixed,1149.250372,574.6251862,208.9613471,104.4806736,940.2890253,470.1445127,0,0,0,0,0,0,436.6806584,218.3403292,0,0,436.6806584,218.3403292,267.5946501,447.9392979,180.3446478,0,1.342245461,0.716675824,0,0,0,0,0,0,1.05,1.35,0,0,0,0,0,0,641.8531725,0,507.3972,0,0,0,0,0,17.19976964,0,191.7615775,0,0,0,0,0,624.6534028,0,315.6356225,0,0,0,0,1240.904813,956.079492,284.8253214,NA,3.5,9.175,12.675,1716.222569,3649.511862,5365.734431,3934.337184,6606.639244,2672.302061
DouglasBonanza,12,A,125,6/26/2023,Douglas,66.850796,-150.56532,1880938.57,151312.903,319,1,265,subhygric,6,wet,2022,2005,NA,17,NA,89,80,86,86,LONG,LONG,"Black spruce, Eriophorum dominant",Gently sloping plane without substantial features. Large Eriophorum tussocks dominant. Uniform permafrost found throughout the site. Small unburned patch 5 m from end of transect. Transect bearing 5 deg,1.3,1.085420262,1.3,0.317300858,Spruce,1042.6174,521.3087,500.5923644,250.2961822,542.0250356,271.0125178,9.898938201,4.9494691,2.550981517,1.275490759,7.347956684,3.673978342,0,0,0,0,0,0,0,0,0,0,0,1.085420262,0,0,0,0,0,0,0,1.3,0,0,0,0,0,0,0,0,1042.6174,0,0,0,0,0,0,0,495.9881644,0,0,0,0,0,0,0,546.6292356,0,0,0,0,526.2581691,274.6864961,251.571673,30.5,31.5,5.2,36.7,8339.458644,814.5095742,9153.968219,1066.081247,9680.226388,8614.14514
DouglasBonanza,12,B,125,6/26/2023,Douglas,66.850796,-150.56532,1880938.57,151312.903,319,1,265,subhygric,6,wet,2022,2005,NA,17,NA,89,80,86,86,LONG,LONG,"Black spruce, Eriophorum dominant",Gently sloping plane without substantial features. Large Eriophorum tussocks dominant. Uniform permafrost found throughout the site. Small unburned patch 5 m from end of transect. Transect bearing 5 deg,0.8,0.313766566,1.5,0.200276532,Spruce,319.1811,159.59055,131.2559037,65.62795187,187.9251963,93.96259813,4.796872038,2.398436019,0.792431824,0.396215912,4.004440214,2.002220107,0,0,0,0,0,0,0,0,0,0,0,0.313766566,0,0,0,0,0,0,0,0.8,0,0,0,0,0,0,0,0,319.1811,0,0,0,0,0,0,0,130.8143537,0,0,0,0,0,0,0,188.3667463,0,0,0,0,161.988986,95.96481824,66.02416778,35.5,30,3.95,33.95,7861.877641,576.6921279,8438.569769,642.7162957,8600.558755,7957.842459
DouglasBonanza,12,C,125,6/26/2023,Douglas,66.850796,-150.56532,1880938.57,151312.903,319,1,265,subhygric,6,wet,2022,2005,NA,17,NA,89,80,86,86,LONG,LONG,"Black spruce, Eriophorum dominant",Gently sloping plane without substantial features. Large Eriophorum tussocks dominant. Uniform permafrost found throughout the site. Small unburned patch 5 m from end of transect. Transect bearing 5 deg,0.65,0.005105088,1.2,0.343218997,Spruce,431.1846,215.5923,228.5906224,114.2953112,202.5939776,101.2969888,10.56739683,5.283698413,3.5182488,1.7591244,7.049148027,3.524574013,0,0,0,0,0,0,0,0,0,0,0,0.005105088,0,0,0,0,0,0,0,0.65,0,0,0,0,0,0,0,0,431.1846,0,0,0,0,0,0,0,228.5906224,0,0,0,0,0,0,0,202.5939776,0,0,0,0,220.8759984,104.8215628,116.0544356,30,32.25,5.575,37.825,8580.049623,889.5609218,9469.610545,1005.615357,9690.486543,8684.871186
DouglasBonanza,13,A,126,6/26/2023,Douglas,66.85002079,-150.5668378,1880849.143,151250.545,319,1,255,subhygric,6,wet,2022,2005,NA,17,NA,119,78,96.7,96.7,LONG,LONG,Black spruce with dominant Eriophorum understory,"Very similar to dobon12, standing dead black spruce and high tussocks. Standing water found in deep natural holes. Homogenous permafrost hardpan throughout site. Transect bearing 5 deg. Very deep sol samples. ",1.3,1.516996553,0.3,0.058904862,Spruce,786.313,393.1565,245.3023057,122.6511529,541.0106943,270.5053471,1.374869015,0.687434508,0.265476469,0.132738234,1.109392547,0.554696273,0,0,0,0,0,0,0,0,0,0,0,1.516996553,0,0,0,0,0,0,0,1.3,0,0,0,0,0,0,0,0,786.313,0,0,0,0,0,0,0,243.2713807,0,0,0,0,0,0,0,543.0416193,0,0,0,0,393.8439345,271.0600434,122.7838911,33,31.75,8.45,40.2,10585.1799,1436.766319,12021.94622,1559.55021,12415.79015,10856.23994
DouglasBonanza,9,C,122,6/25/2023,Douglas,66.856074,-150.547601,1881564.353,152062.347,323,0,0,mesic-subhygric,5,wet,2022,2005,NA,17,NA,122,86,104.7,104.7,LONG,LONG,Mixed white black spruce with aspen and birch.," Site in large drainage with small ridges and holes <2m high. Standing water visible outside transect. River rock present. Very little organic layer remaining overall, some trees fall post fire. Transect bearing 154deg",0.35,7.63760444,7.9,10.00989959,Spruce,2680.836676,1340.418338,307.2270587,153.6135294,2373.609617,1186.804809,505.8408269,252.9204135,253.6422612,126.8211306,252.1985657,126.0992828,0,0,0,0,0,0,0,0,0,0,0,0,0,7.63760444,0,0,0,0,0,0,0,0.35,0,0,0,0,0,0,0,2680.836676,0,0,0,0,0,0,0,307.2270587,0,0,0,0,0,0,0,2373.609617,0,0,0,1593.338752,1312.904092,280.43466,NA,5.5,15.075,20.575,1695.930862,3409.990869,5105.921731,3690.425529,6699.260483,3008.834954
DragonMooseheart,27,B,140,7/8/2023,Dragon,64.828649,-151.181782,1654785.264,133721.614,224,7,202,subxeric,2,dry,2022,2007,NA,15,NA,16,15,15.3,15.3,SHORT,SHORT,Birch ,Transect bearing 133. Located on a gently rolling slope down towards Lake 100 m from site. Sandy soils.,1.35,2.817223212,1.2,0.857654794,Decid,943.3849398,471.6924699,48.87027112,24.43513556,894.5146686,447.2573343,39.50243552,19.75121776,39.50243552,19.75121776,1.07E-15,5.33E-16,0,0,0,0,0,0,140.3884452,561.5537807,421.1653355,0,2.816830513,0,0,0,0,0,0.000392699,0,1.3,0,0,0,0,0,0.05,0,937.0335677,0,0,0,0,0,6.351372071,0,48.44821537,0,0,0,0,0,0.422055752,0,888.5853523,0,0,0,0,0,5.92931632,1052.997468,587.6457795,465.3516889,NA,0.25,4.34706187,4.59706187,157.7324335,1713.135888,1870.868322,2178.487577,2923.86579,745.378213
DragonMooseheart,27,C,140,7/8/2023,Dragon,64.828649,-151.181782,1654785.264,133721.614,224,7,202,subxeric,2,dry,2022,2007,NA,15,NA,16,15,15.3,15.3,SHORT,SHORT,Birch ,Transect bearing 133. Located on a gently rolling slope down towards Lake 100 m from site. Sandy soils.,2.1,6.369579105,1.8,0.691150384,Decid,1943.349655,971.6748277,90.56694883,45.28347441,1852.782707,926.3913533,30.77277517,15.38638758,30.77277517,15.38638758,3.20E-15,1.60E-15,0,0,0,0,0,0,218.1299843,603.2136433,385.0836591,0,6.369186406,0,0,0,0,0,0.000392699,0,2.05,0,0,0,0,0,0.05,0,1941.652679,0,0,0,0,0,1.69697603,0,90.47430607,0,0,0,0,0,0.092642753,0,1851.178373,0,0,0,0,0,1.604333277,1590.274859,1144.521338,445.7535211,NA,0,4.457974556,4.457974556,0,1756.845527,1756.845527,2202.599048,3347.120385,1144.521338
DragonMooseheart,28,A,141,7/8/2023,Dragon,64.82934,-151.179094,1654867.672,133845.808,225,10,330,subxeric,2,dry,2022,2007,NA,15,NA,12,11,11.7,11.7,SHORT,SHORT,Birch and spruce. ,"Transect bearing 52. Site on a gentle and even slope with significant drainage downslope. Very few trees standing at the site. Fine sandy soils. Stumps are likely live trees from first fire ~20 yrs ago, killed and burned as cwd in fire 2 and 3. Different drainage from sites 26 and 27. ",0.05,0.000392699,9.1,5.741260574,Spruce,42.9639118,21.4819559,7.316200371,3.658100186,35.64771143,17.82385571,239.3084796,119.6542398,198.3327776,99.16638881,40.97570194,20.48785097,0,0,0,0,0,0,274.2110949,1070.044379,795.8332846,0,0,0,0,0.000392699,0,0,0,0,0,0,0,0.05,0,0,0,0,0,0,0,42.9639118,0,0,0,0,0,0,0,7.316200371,0,0,0,0,0,0,0,35.64771143,0,0,0,1211.180575,312.5228016,898.6577736,NA,3,7.069867993,10.06986799,893.5138661,1542.711429,2436.225295,2441.369202,3647.40587,1206.036668
DragonMooseheart,27,A,140,7/8/2023,Dragon,64.828649,-151.181782,1654785.264,133721.614,224,7,202,subxeric,2,dry,2022,2007,NA,15,NA,16,15,15.3,15.3,SHORT,SHORT,Birch ,Transect bearing 133. Located on a gently rolling slope down towards Lake 100 m from site. Sandy soils.,0.35,0.409192443,2.5,0.801891525,Decid,164.512442,82.25622101,26.64905356,13.32452678,137.8633885,68.93169423,35.86868303,17.93434152,35.86868303,17.93434152,2.13E-15,1.07E-15,0,0,0,0,0,0,0,0,0,0,0.408407045,0.000785398,0,0,0,0,0,0,0.25,0.1,0,0,0,0,0,0,128.813042,0,35.6994,0,0,0,0,0,9.212311056,0,17.4367425,0,0,0,0,0,119.600731,0,18.2626575,0,0,0,0,100.1905625,68.93169423,31.2588683,NA,1,4.495631494,5.495631494,564.3548638,1771.685769,2336.040633,1802.944637,2436.231195,633.286558
DragonMooseheart,24,A,137,7/7/2023,Dragon,64.822845,-151.158285,1654186.08,134863.534,190,10,333,subxeric,2,dry,2022,2007,NA,15,NA,11,8,9.5,9.5,SHORT,SHORT,Willow and shrub dominant. ,Transect bearing 233. Black spruce stump holes remnant from >1 fire cycle ago. Site located on an exposed mesa that rolls down into steep drainage to the N. Small rolling hills to the south. Very few standing trees at site. ,0.25,0.001963495,NA,NA,Decid,1.107406595,0.553703297,0.061809183,0.030904591,1.045597412,0.522798706,0,0,0,0,0,0,0,0,0,0,0,0,340.3972674,661.4195348,321.0222674,0,0.001963495,0,0,0,0,0,0,0,0.25,0,0,0,0,0,0,0,1.107406595,0,0,0,0,0,0,0,0.061809183,0,0,0,0,0,0,0,1.045597412,0,0,0,0,0,0,661.9732381,340.9200661,321.053172,NA,3.75,13.91922353,17.66922353,552.2694989,5485.434087,6037.703586,5806.487259,6699.676824,893.189565
DragonMooseheart,24,B,137,7/7/2023,Dragon,64.822845,-151.158285,1654186.08,134863.534,190,10,333,subxeric,2,dry,2022,2007,NA,15,NA,11,8,9.5,9.5,SHORT,SHORT,Willow and shrub dominant. ,Transect bearing 233. Black spruce stump holes remnant from >1 fire cycle ago. Site located on an exposed mesa that rolls down into steep drainage to the N. Small rolling hills to the south. Very few standing trees at site. ,0.1,0.000785398,2.3,NA,Decid,14.11440071,7.057200357,1.174651259,0.587325629,12.93974946,6.469874728,155.1657956,77.58289782,106.6397094,53.31985472,48.5260862,24.2630431,0,0,0,0,0,0,251.1051895,847.6707579,596.5655685,0,0.000785398,0,0,0,0,0,0,0,0.1,0,0,0,0,0,0,0,14.11440071,0,0,0,0,0,0,0,1.174651259,0,0,0,0,0,0,0,12.93974946,0,0,0,0,0,0,932.3108561,281.8381073,650.4727488,NA,4,13.66922353,17.66922353,666.3591528,5386.911456,6053.270609,6037.384205,6985.581465,948.1972601
DragonMooseheart,24,C,137,7/7/2023,Dragon,64.822845,-151.158285,1654186.08,134863.534,190,10,333,subxeric,2,dry,2022,2007,NA,15,NA,11,8,9.5,9.5,SHORT,SHORT,Willow and shrub dominant. ,Transect bearing 233. Black spruce stump holes remnant from >1 fire cycle ago. Site located on an exposed mesa that rolls down into steep drainage to the N. Small rolling hills to the south. Very few standing trees at site. ,0.1,0.000785398,1.9,0.759480024,Decid,69.93103303,34.96551651,7.200223047,3.600111523,62.73080998,31.36540499,33.90543269,16.95271635,33.90543269,16.95271635,3.20E-15,1.60E-15,0,0,0,0,0,0,47.925,139.45,91.525,0,0.000785398,0,0,0,0,0,0,0,0.1,0,0,0,0,0,0,0,69.93103303,0,0,0,0,0,0,0,7.200223047,0,0,0,0,0,0,0,62.73080998,0,0,0,0,0,0,191.3682329,79.29040499,112.0778279,NA,3,14.66922353,17.66922353,210.0005371,5781.00198,5991.002517,5893.079808,6182.37075,289.2909421
DragonMooseheart,25,A,138,7/7/2023,Dragon,64.821359,-151.159987,1654017.051,134789.894,196,0,0,subxeric,2,dry,2022,2007,NA,15,NA,13,9,11,11,SHORT,SHORT,"Black spruce, birch, willow",Transect bearing 0deg. Site is on a flat step with a bench below and one above. Slightly Lower tussock meadow to the south. Significant cwd component here,NA,NA,6.5,1.383086166,Decid,NA,0,NA,0,NA,0,60.66137983,30.33068991,58.94094731,29.47047365,1.720432519,0.860216259,3.052685702,1.526342851,0,0,3.052685702,1.526342851,51.15,152.35,101.2,NA,NA,NA,NA,NA,NA,NA,NA,NA,NA,NA,NA,NA,NA,NA,NA,NA,NA,NA,NA,NA,NA,NA,NA,NA,NA,NA,NA,NA,NA,NA,NA,NA,NA,NA,NA,NA,NA,NA,NA,184.2070328,53.53655911,130.6704737,NA,3.25,14.16433047,17.41433047,324.090191,5582.028411,5906.118602,5712.698885,6090.325635,377.6267501
DragonMooseheart,25,B,138,7/7/2023,Dragon,64.821359,-151.159987,1654017.051,134789.894,196,0,0,subxeric,2,dry,2022,2007,NA,15,NA,13,9,11,11,SHORT,SHORT,"Black spruce, birch, willow",Transect bearing 0deg. Site is on a flat step with a bench below and one above. Slightly Lower tussock meadow to the south. Significant cwd component here,0.3,0.143727864,1.7,0.284314135,Decid,55.59338496,27.79669248,2.15933223,1.079666115,53.43405273,26.71702637,12.16638772,6.083193861,12.16638772,6.083193861,0,0,1188.870013,594.4350067,891.6525101,445.826255,297.2175034,148.6087517,179.7608997,719.0435989,539.2826992,0,0.143727864,0,0,0,0,0,0,0,0.3,0,0,0,0,0,0,0,55.59338496,0,0,0,0,0,0,0,2.15933223,0,0,0,0,0,0,0,53.43405273,0,0,0,0,0,0,1347.358492,355.0866778,992.2718142,NA,1.5,15.91433047,17.41433047,0,6271.686827,6271.686827,7263.958642,7619.045319,355.0866778
DragonMooseheart,25,C,138,7/7/2023,Dragon,64.821359,-151.159987,1654017.051,134789.894,196,0,0,subxeric,2,dry,2022,2007,NA,15,NA,13,9,11,11,SHORT,SHORT,"Black spruce, birch, willow",Transect bearing 0deg. Site is on a flat step with a bench below and one above. Slightly Lower tussock meadow to the south. Significant cwd component here,0.05,0.000392699,1.3,16.54362691,Decid,8.424050833,4.212025416,0.70141067,0.350705335,7.722640163,3.861320081,1103.279582,551.6397912,1103.279582,551.6397912,0,0,63.3899108,31.6949554,63.3899108,31.6949554,0,0,788.5606862,3154.242745,2365.682058,0,0.000392699,0,0,0,0,0,0,0,0.05,0,0,0,0,0,0,0,8.424050833,0,0,0,0,0,0,0,0.70141067,0,0,0,0,0,0,0,7.722640163,0,0,0,0,0,0,3741.789517,792.4220062,2949.36751,NA,3.5,13.91433047,17.41433047,438.179845,5483.50578,5921.685625,8432.873291,9663.475142,1230.601851
DragonMooseheart,26,A,139,7/8/2023,Dragon,64.82715,-151.18263,1654616.533,133688.491,218,12,139,mesic-subxeric,3,moist,2022,2007,NA,15,NA,NA,NA,17,17,SHORT,SHORT,"Young birch, willow ",Transect bearing 46. Site on a small slope running down to a small pond. Small rolling hills around the site. No conifers left standing at site. ,2.1,1.739264233,0.1,0.254469005,Decid,1507.342843,753.6714214,138.4047222,69.20236109,1368.938121,684.4690603,12.89235156,6.446175782,12.89235156,6.446175782,0,0,0,0,0,0,0,0,143.1735979,261.4943915,118.3207937,0.002356194,1.735729941,0,0,0,0,0.000785398,0.000392699,0.3,1.65,0,0,0,0,0.1,0.05,21.03832966,1441.774483,0,0,0,0,33.64457058,10.8854595,2.269107141,129.2274401,0,0,0,0,3.159235501,3.748939467,18.76922252,1312.547043,0,0,0,0,30.48533508,7.136520034,1021.611989,827.6426582,193.9693305,NA,0,5.07315681,5.07315681,0,1999.283023,1999.283023,2193.252354,3020.895012,827.6426582
DragonMooseheart,26,B,139,7/8/2023,Dragon,64.82715,-151.18263,1654616.533,133688.491,218,12,139,mesic-subxeric,3,moist,2022,2007,NA,15,NA,NA,NA,17,17,SHORT,SHORT,"Young birch, willow ",Transect bearing 46. Site on a small slope running down to a small pond. Small rolling hills around the site. No conifers left standing at site. ,0.4,0.50029863,NA,NA,Decid,860.0855331,430.0427666,107.5827208,53.7913604,752.5028123,376.2514062,0,0,0,0,0,0,0,0,0,0,0,0,35.8875,47.85,11.9625,0,0.50029863,0,0,0,0,0,0,0,0.4,0,0,0,0,0,0,0,860.0855331,0,0,0,0,0,0,0,107.5827208,0,0,0,0,0,0,0,752.5028123,0,0,0,0,0,0,477.8927666,412.1389062,65.7538604,NA,2,3.940251265,5.940251265,1106.518104,1552.815684,2659.333788,1618.569544,3137.226555,1518.65701
DragonMooseheart,26,C,139,7/8/2023,Dragon,64.82715,-151.18263,1654616.533,133688.491,218,12,139,mesic-subxeric,3,moist,2022,2007,NA,15,NA,NA,NA,17,17,SHORT,SHORT,"Young birch, willow ",Transect bearing 46. Site on a small slope running down to a small pond. Small rolling hills around the site. No conifers left standing at site. ,0.2,0.001570796,0.6,0.169646003,Mixed,52.43590742,26.21795371,3.911956492,1.955978246,48.52395092,24.26197546,7.408801881,3.704400941,7.408801881,3.704400941,0,0,0,0,0,0,0,0,219.2829147,877.1316589,657.8487442,0,0,0,0,0,0,0,0.001570796,0,0,0,0,0,0,0,0.2,0,0,0,0,0,0,0,52.43590742,0,0,0,0,0,0,0,3.911956492,0,0,0,0,0,0,0,48.52395092,907.0540136,243.5448902,663.5091234,NA,1,5.082847983,6.082847983,824.5388766,2021.788993,2846.327869,2685.298116,3753.381883,1068.083767
DragonMooseheart,28,B,141,7/8/2023,Dragon,64.82934,-151.179094,1654867.672,133845.808,225,10,330,subxeric,2,dry,2022,2007,NA,15,NA,12,11,11.7,11.7,SHORT,SHORT,Birch and spruce. ,"Transect bearing 52. Site on a gentle and even slope with significant drainage downslope. Very few trees standing at the site. Fine sandy soils. Stumps are likely live trees from first fire ~20 yrs ago, killed and burned as cwd in fire 2 and 3. Different drainage from sites 26 and 27. ",0.1,0.000785398,10,3.974114707,Mixed,24.19890731,12.09945365,1.979180207,0.989590104,22.2197271,11.10986355,151.9309209,75.96546043,127.169644,63.58482201,24.76127684,12.38063842,0,0,0,0,0,0,331.1078509,1297.631404,966.5235527,0,0,0,0,0,0,0.000392699,0.000392699,0,0,0,0,0,0,0.05,0.05,0,0,0,0,0,0,1.079936803,23.1189705,0,0,0,0,0,0,0.074009435,1.905170772,0,0,0,0,0,0,1.005927367,21.21379973,1385.696318,354.5983529,1031.097965,NA,1.75,8.319867993,10.06986799,549.375971,3309.368603,3858.744574,4340.466568,5244.440892,903.9743238
DragonMooseheart,28,C,141,7/8/2023,Dragon,64.82934,-151.179094,1654867.672,133845.808,225,10,330,subxeric,2,dry,2022,2007,NA,15,NA,12,11,11.7,11.7,SHORT,SHORT,Birch and spruce. ,"Transect bearing 52. Site on a gentle and even slope with significant drainage downslope. Very few trees standing at the site. Fine sandy soils. Stumps are likely live trees from first fire ~20 yrs ago, killed and burned as cwd in fire 2 and 3. Different drainage from sites 26 and 27. ",0.5,0.003926991,3.5,1.812698961,Decid,87.39204096,43.69602048,9.590874879,4.795437439,77.80116608,38.90058304,58.00561032,29.00280516,51.35152712,25.67576356,6.654083204,3.327041602,0,0,0,0,0,0,417.685089,1643.940356,1226.255267,0,0.002748894,0,0,0.001178097,0,0,0,0,0.35,0,0,0.15,0,0,0,0,60.03676363,0,0,27.35527733,0,0,0,0,5.278392215,0,0,4.312482664,0,0,0,0,54.75837142,0,0,23.04279466,0,0,0,1716.639182,459.9127137,1256.726468,NA,0.75,9.319867993,10.06986799,0,3672.871657,3672.871657,4929.598125,5389.510839,459.9127137
DryMooseheart,21,A,134,7/6/2023,Dry Creek,64.891201,-150.802512,1662567.884,151368.785,105,4,300,mesic,4,moist,2021,2018,NA,3,NA,508,54,206.3,206.3,LONG,LONG,"Black spruce dominant, birch occasional.",Transect bearing 25. Small to moderate tussocks. Site is on a very small ridge between two lower wet meadows. Uniform burn pattern at site. Large shrubs were present pre fire,1.25,0.410763239,5.6,3.790331537,Spruce,142.5436384,71.27181919,48.31608033,24.15804017,94.22755805,47.11377902,173.4322496,86.71612482,150.7570367,75.37851836,22.67521292,11.33760646,0,0,0,0,0,0,0,0,0,0,0.000785398,0.409977841,0,0,0,0,0,0,0.1,1.15,0,0,0,0,0,0,8.06493838,0,134.4787,0,0,0,0,0,0.645819485,0,47.67026085,0,0,0,0,0,7.419118895,0,86.80843915,0,0,0,0,157.987944,58.45138548,99.53655853,35,25.5,7.95,33.45,7610.139588,1333.819216,8943.958804,1433.355774,9101.946748,7668.590974
DryMooseheart,22,A,135,7/7/2023,Dry Creek,64.892365,-150.833988,1662626.147,149873.663,113,2,113,mesic-subxeric,3,moist,2021,2018,NA,3,NA,89,51,72.7,72.7,LONG,LONG,Black spruce dominant. Larch occasional,Transect bearing 20. small wet meadow NW of transect. Little to no topography at site level. Forbe dominant understory. Uniform burn pattern. ,1.4,1.588467785,8.4,14.06176872,Spruce,641.0776859,320.5388429,242.9675503,121.4837752,398.1101356,199.0550678,746.6795105,373.3397552,688.9896569,344.4948284,57.68985362,28.84492681,0.014617699,0.00730885,0.006059432,0.003029716,0.008558267,0.004279134,0,0,0,0,0.000392699,1.587682387,0,0,0,0,0.000392699,0,0.05,1.3,0,0,0,0,0.05,0,15.31933148,0,623.1056,0,0,0,2.65275438,0,1.203962629,0,236.2894511,0,0,0,4.702686586,0,14.11536886,0,386.8161489,0,0,0,-2.049932205,693.885907,227.9042737,465.9816333,72.5,19.125,16.45,35.575,5761.144777,3205.426253,8966.57103,3671.407886,9660.456937,5989.049051
DryMooseheart,22,B,135,7/7/2023,Dry Creek,64.892365,-150.833988,1662626.147,149873.663,113,2,113,mesic-subxeric,3,moist,2021,2018,NA,3,NA,89,51,72.7,72.7,LONG,LONG,Black spruce dominant. Larch occasional,Transect bearing 20. small wet meadow NW of transect. Little to no topography at site level. Forbe dominant understory. Uniform burn pattern. ,1.6,0.721780912,6,9.009302332,Spruce,600.5457476,300.2728738,282.7667016,141.3833508,317.7790461,158.889523,506.542049,253.2710245,465.4249281,232.712464,41.11712091,20.55856046,0,0,0,0,0,0,0,0,0,0,0.000392699,0.720602815,0,0,0,0.000392699,0.000392699,0,0.05,1.45,0,0,0,0.05,0.05,0,0.205116313,0,598.7873,0,0,8.89E-06,1.553322428,0,0.011031376,0,277.2789319,0,0,4.13E-07,2.555487917,0,0.194084938,0,321.5083681,0,0,8.48E-06,-1.002165489,553.5438983,179.4480835,374.0958148,60.5,21.5,11.2,32.7,6636.753172,2023.579035,8660.332207,2397.67485,9213.876106,6816.201256
DryMooseheart,21,B,134,7/6/2023,Dry Creek,64.891201,-150.802512,1662567.884,151368.785,105,4,300,mesic,4,moist,2021,2018,NA,3,NA,508,54,206.3,206.3,LONG,LONG,"Black spruce dominant, birch occasional.",Transect bearing 25. Small to moderate tussocks. Site is on a very small ridge between two lower wet meadows. Uniform burn pattern at site. Large shrubs were present pre fire,0.95,0.139408174,1.4,1.486758723,Spruce,93.49773336,46.74886668,33.14478117,16.57239059,60.35295219,30.17647609,70.77117451,35.38558725,68.57326502,34.28663251,2.197909489,1.098954745,0,0,0,0,0,0,6.689761805,13.37952361,6.689761805,0,0.001178097,0.138230077,0,0,0,0,0,0,0.15,0.8,0,0,0,0,0,0,5.933933363,0,87.5638,0,0,0,0,0,0.427330668,0,32.71745051,0,0,0,0,0,5.506602695,0,54.84634949,0,0,0,0,95.51397754,37.96519264,57.54878491,39.5,32.75,8.95,41.7,10297.78418,1545.619517,11843.4037,1603.168302,11938.91768,10335.74937
DryMooseheart,21,C,134,7/6/2023,Dry Creek,64.891201,-150.802512,1662567.884,151368.785,105,4,300,mesic,4,moist,2021,2018,NA,3,NA,508,54,206.3,206.3,LONG,LONG,"Black spruce dominant, birch occasional.",Transect bearing 25. Small to moderate tussocks. Site is on a very small ridge between two lower wet meadows. Uniform burn pattern at site. Large shrubs were present pre fire,0.45,0.389557489,11.5,9.138107631,Mixed,321.655671,160.8278355,58.78452832,29.39226416,262.8711427,131.4355713,395.3206262,197.6603131,383.6098106,191.8049053,11.71081557,5.855407784,0,0,0,0,0,0,0,0,0,0,0.001963495,0.387593994,0,0,0,0,0,0,0.25,0.2,0,0,0,0,0,0,191.172921,0,130.48275,0,0,0,0,0,17.81930301,0,39.87082531,0,0,0,0,0,173.353618,0,90.61192469,0,0,0,0,358.4881486,137.2909791,221.1971695,37.5,30.75,11.7,42.45,6035.181704,4653.873438,10689.05514,4875.070607,11047.54329,6172.472683
DryMooseheart,19,A,132,7/6/2023,Dry Creek,64.892506,-150.798798,1662721.709,151537.457,103,4,60,mesic-subhygric,5,wet,2021,2018,NA,3,NA,103,95,99.3,99.3,LONG,LONG,"Black spruce dominant, uncommon aspen",Transect bearing 164. Site located on a small ridge above low swampy areas. Small rise to the SW of transect has live aspen and shrub. Uniform burn pattern at site. ,1.95,13.2147168,0.2,0.025132741,Spruce,3579.57015,1789.785075,1375.687329,687.8436643,2203.882821,1101.941411,1.064132197,0.532066098,0.68473222,0.34236611,0.379399977,0.189699988,2045.782485,1022.891243,1436.903437,718.4517187,608.8790481,304.439524,0,0,0,0,0,13.2147168,0,0,0,0,0,0,0,1.95,0,0,0,0,0,0,0,0,3579.57015,0,0,0,0,0,0,0,1310.778179,0,0,0,0,0,0,0,2268.791971,0,0,0,0,2813.208384,1406.570635,1406.637749,45.75,18.125,11.825,29.95,5634.459738,2154.317227,7788.776965,3560.954976,10601.98535,7041.030373
DryMooseheart,19,B,132,7/6/2023,Dry Creek,64.892506,-150.798798,1662721.709,151537.457,103,4,60,mesic-subhygric,5,wet,2021,2018,NA,3,NA,103,95,99.3,99.3,LONG,LONG,"Black spruce dominant, uncommon aspen",Transect bearing 164. Site located on a small ridge above low swampy areas. Small rise to the SW of transect has live aspen and shrub. Uniform burn pattern at site. ,1.75,14.28678529,NA,NA,Spruce,3669.73015,1834.865075,1007.147475,503.5737376,2662.582675,1331.291337,0,0,0,0,0,0,133.7182567,66.85912836,33.42956418,16.71478209,100.2886925,50.14434627,84,112,28,0,0,14.28678529,0,0,0,0,0,0,0,1.75,0,0,0,0,0,0,0,0,3669.73015,0,0,0,0,0,0,0,947.5563001,0,0,0,0,0,0,0,2722.17385,0,0,0,0,2013.724203,1465.435683,548.2885197,40.5,17.375,7.95,25.325,5353.880843,1337.740304,6691.621147,1886.028823,8705.345351,6819.316527
DryMooseheart,19,C,132,7/6/2023,Dry Creek,64.892506,-150.798798,1662721.709,151537.457,103,4,60,mesic-subhygric,5,wet,2021,2018,NA,3,NA,103,95,99.3,99.3,LONG,LONG,"Black spruce dominant, uncommon aspen",Transect bearing 164. Site located on a small ridge above low swampy areas. Small rise to the SW of transect has live aspen and shrub. Uniform burn pattern at site. ,1.3,7.940768131,0.7,0.259966792,Spruce,2000.890447,1000.445224,627.3719441,313.685972,1373.518503,686.7592517,11.58249154,5.791245769,8.476077074,4.238038537,3.106414464,1.553207232,721.8791675,360.9395838,541.4093756,270.7046878,180.4697919,90.23489594,237.0936696,333.5415594,96.44788986,0,0.002748894,7.938019237,0,0,0,0,0,0,0.35,0.95,0,0,0,0,0,0,4.990297375,0,1995.90015,0,0,0,0,0,0.135072499,0,607.4614466,0,0,0,0,0,4.855224876,0,1388.438703,0,0,0,0,1700.717613,1015.641024,685.0765882,38.5,18.25,15.45,33.7,5681.461691,2991.75597,8673.217661,3676.832558,10373.93527,6697.102716
DryMooseheart,20,A,133,7/6/2023,Dry Creek,64.891863,-150.795388,1662657.875,151702.212,103,1,245,subhygric,6,wet,2021,2018,NA,3,NA,69,34,49.7,49.7,MEDIUM,MID,Black spruce and larch codominant. Birch present uncommon,Transect bearing 345. Medium sized tussocks dominant understory. Heavy shrub regen. Transect is in between two large treeless patches. Larch found to be codominant here. Standing water present. Grass pollen was irritating all of us. ,0.4,2.049496507,4.8,0.948760981,Spruce,561.4131036,280.7065518,77.99931141,38.99965571,483.4137921,241.7068961,25.34623433,12.67311717,20.79154333,10.39577166,4.554691007,2.277345503,255.5935899,127.796795,76.16241234,38.08120617,179.4311776,89.71558878,0,0,0,0,0.000392699,2.049103808,0,0,0,0,0,0,0.05,0.35,0,0,0,0,0,0,0.334353552,0,561.07875,0,0,0,0,0,0.018988159,0,73.17884825,0,0,0,0,0,0.315365393,0,487.8999017,0,0,0,0,421.176464,333.6998304,87.47663354,77.5,28.25,6.2,34.45,10199.03914,995.6018419,11194.64098,1083.078475,11615.81744,10532.73897
DryMooseheart,20,B,133,7/6/2023,Dry Creek,64.891863,-150.795388,1662657.875,151702.212,103,1,245,subhygric,6,wet,2021,2018,NA,3,NA,69,34,49.7,49.7,MEDIUM,MID,Black spruce and larch codominant. Birch present uncommon,Transect bearing 345. Medium sized tussocks dominant understory. Heavy shrub regen. Transect is in between two large treeless patches. Larch found to be codominant here. Standing water present. Grass pollen was irritating all of us. ,0.85,0.006675884,11.5,10.69947918,Mixed,213.8186786,106.9093393,30.10076657,15.05038329,183.717912,91.858956,372.9558882,186.4779441,349.8224,174.9112,23.13348811,11.56674406,210.1780281,105.0890141,23.14408566,11.57204283,187.0339425,93.51697123,0,0,0,0,0.005105088,0.001570796,0,0,0,0,0,0,0.65,0.2,0,0,0,0,0,0,91.33587857,0,122.4828,0,0,0,0,0,7.931547772,0,22.1692188,0,0,0,0,0,83.4043308,0,100.3135812,0,0,0,0,398.4762975,196.9426713,201.5336261,98,20.75,12.45,33.2,4127.402758,4952.198658,9079.601416,5153.732284,9478.077714,4324.345429
DryMooseheart,20,C,133,7/6/2023,Dry Creek,64.891863,-150.795388,1662657.875,151702.212,103,1,245,subhygric,6,wet,2021,2018,NA,3,NA,69,34,49.7,49.7,MEDIUM,MID,Black spruce and larch codominant. Birch present uncommon,Transect bearing 345. Medium sized tussocks dominant understory. Heavy shrub regen. Transect is in between two large treeless patches. Larch found to be codominant here. Standing water present. Grass pollen was irritating all of us. ,0.65,0.947582884,15.1,10.78430218,Mixed,377.1765719,188.588286,91.9029503,45.95147515,285.2736216,142.6368108,459.4562906,229.7281453,431.3606703,215.6803352,28.09562028,14.04781014,30.9285128,15.4642564,7.732128199,3.8660641,23.1963846,11.5981923,0,0,0,0,0.00431969,0.943263194,0,0,0,0,0,0,0.55,0.1,0,0,0,0,0,0,74.25952192,0,302.91705,0,0,0,0,0,6.321281462,0,85.58166884,0,0,0,0,0,67.93824046,0,217.3353812,0,0,0,0,433.7806877,168.2828132,265.4978745,NA,24.125,12.45,36.575,4771.278152,4952.198658,9723.47681,5217.696532,10157.2575,4939.560966
DryMooseheart,23,C,136,7/7/2023,Dry Creek,64.893043,-150.832182,1662705.743,149955.486,111,4,318,mesic-subxeric,3,moist,2021,2018,NA,3,NA,103,101,101.7,101.7,LONG,LONG,Black spruce,Transect bearing 206. Wet meadows within sight of the transect. Very small topographical features with transect on a small rise. Live black spruce at site. Appears to be 2 age classes of trees present. ,1.25,8.223904169,NA,NA,Spruce,2425.856,1212.928,579.4318819,289.7159409,1846.424118,923.2120591,0,0,0,0,0,0,208.4690714,104.2345357,0,0,208.4690714,104.2345357,26.125,52.25,26.125,0,0,8.223904169,0,0,0,0,0,0,0,1.25,0,0,0,0,0,0,0,0,2425.856,0,0,0,0,0,0,0,550.1661319,0,0,0,0,0,0,0,1875.689868,0,0,0,0,1369.412536,1053.571595,315.8409409,71,12,15.2,27.2,3310.697411,2918.419464,6229.116875,3234.260404,7598.529411,4364.269006
DryMooseheart,22,C,135,7/7/2023,Dry Creek,64.892365,-150.833988,1662626.147,149873.663,113,2,113,mesic-subxeric,3,moist,2021,2018,NA,3,NA,89,51,72.7,72.7,LONG,LONG,Black spruce dominant. Larch occasional,Transect bearing 20. small wet meadow NW of transect. Little to no topography at site level. Forbe dominant understory. Uniform burn pattern. ,0.8,4.605967529,3.6,6.075840192,Spruce,1280.851604,640.4258018,193.4691947,96.73459734,1087.382409,543.6912044,306.6317382,153.3158691,292.0718388,146.0359194,14.55989933,7.279949666,0,0,0,0,0,0,0,0,0,0,0.000392699,4.60557483,0,0,0,0,0,0,0.05,0.75,0,0,0,0,0,0,0.334353552,0,1280.51725,0,0,0,0,0,0.018988159,0,193.0086565,0,0,0,0,0,0.315365393,0,1087.508593,0,0,0,0,793.7416709,550.9711541,242.7705167,58,14.5,13.45,27.95,4122.704553,2521.804139,6644.508693,2764.574656,7438.250363,4673.675707
DryMooseheart,23,A,136,7/7/2023,Dry Creek,64.893043,-150.832182,1662705.743,149955.486,111,4,318,mesic-subxeric,3,moist,2021,2018,NA,3,NA,103,101,101.7,101.7,LONG,LONG,Black spruce,Transect bearing 206. Wet meadows within sight of the transect. Very small topographical features with transect on a small rise. Live black spruce at site. Appears to be 2 age classes of trees present. ,1.9,7.984357729,0.7,0.36756634,Spruce,2211.32985,1105.664925,702.8768774,351.4384387,1508.452973,754.2264863,17.29005165,8.645025825,4.161707128,2.080853564,13.12834452,6.564172261,0,0,0,0,0,0,0,0,0,0,0,7.984357729,0,0,0,0,0,0,0,1.9,0,0,0,0,0,0,0,0,2211.32985,0,0,0,0,0,0,0,686.2643774,0,0,0,0,0,0,0,1525.065473,0,0,0,0,1114.309951,760.7906586,353.5192923,34.5,29.25,9.7,38.95,9718.98235,1795.019629,11514.00198,2148.538922,12628.31193,10479.77301
DryMooseheart,23,B,136,7/7/2023,Dry Creek,64.893043,-150.832182,1662705.743,149955.486,111,4,318,mesic-subxeric,3,moist,2021,2018,NA,3,NA,103,101,101.7,101.7,LONG,LONG,Black spruce,Transect bearing 206. Wet meadows within sight of the transect. Very small topographical features with transect on a small rise. Live black spruce at site. Appears to be 2 age classes of trees present. ,1.45,22.61357662,0.7,0.285884931,Spruce,6043.2851,3021.64255,1228.897533,614.4487666,4814.387567,2407.193783,13.03326439,6.516632197,4.854514393,2.427257197,8.17875,4.089375,52.47977212,26.23988606,0,0,52.47977212,26.23988606,0,0,0,0,0,22.61357662,0,0,0,0,0,0,0,1.45,0,0,0,0,0,0,0,0,6043.2851,0,0,0,0,0,0,0,1184.987858,0,0,0,0,0,0,0,4858.297242,0,0,0,0,3054.399068,2437.523044,616.8760238,37.5,25.875,3.2,29.075,8380.361619,445.4655231,8825.827142,1062.341547,11880.22621,10817.88466
FrozenBlackCalf,188,B,91,7/25/2022,Frozen Calf,66.71070409,-142.7713893,1903424.953,495154.4592,421,2,250,mesic-subxeric,3,moist,2019,1985,1959,34,26,27,26,26.3,26.3,TRIPLE,TRIPLE-MID,Most betula gland few spruce,Most betula glam overstory with few spruce from post 88 fire no spruce regen goes to full shrub,0.05,2.389181213,5.1,14.65395893,Spruce,669.4802842,334.7401421,79.73653555,39.86826777,589.7437487,294.8718743,691.8170443,345.9085222,430.8212311,215.4106156,260.9958132,130.4979066,0,0,0,0,0,0,0,0,0,0,0,0,0,2.389181213,0,0,0,0,0,0,0,0.05,0,0,0,0,0,0,0,669.4802842,0,0,0,0,0,0,0,79.73653555,0,0,0,0,0,0,0,589.7437487,0,0,0,680.6486643,425.3697809,255.2788834,NA,0.125,10.99167283,11.11667283,27.98938864,2723.495808,2751.485197,2978.774691,3432.133861,453.3591695
FrozenBlackCalf,188,C,91,7/25/2022,Frozen Calf,66.71070409,-142.7713893,1903424.953,495154.4592,421,2,250,mesic-subxeric,3,moist,2019,1985,1959,34,26,27,26,26.3,26.3,TRIPLE,TRIPLE-MID,Most betula gland few spruce,Most betula glam overstory with few spruce from post 88 fire no spruce regen goes to full shrub,0.05,0.000392699,5.4,17.51673524,Spruce,0,0,0,0,0,0,1483.046487,741.5232436,1316.805874,658.4029368,166.2406136,83.12030682,0,0,0,0,0,0,0,0,0,NA,NA,NA,NA,NA,NA,NA,NA,NA,NA,NA,NA,NA,NA,NA,NA,0,0,0,0,0,0,0,0,0,0,0,0,0,0,0,0,0,0,0,0,0,0,0,0,741.5232436,83.12030682,658.4029368,NA,1.25,14.18480421,15.43480421,413.1220223,3782.520773,4195.642795,4440.92371,4937.166039,496.2423291
FrozenBlackCalf,36,A,90,7/25/2022,Frozen Calf,66.71096619,-142.7759275,1903419.825,494951.3476,405,4,248,mesic-subxeric,3,moist,2019,1985,1959,34,26,27,22,24,24,TRIPLE,TRIPLE-MID,Hybrid tree-shrub birch,Birch are hybridization tree and shrub,0.05,0.000392699,2.5,15.42836152,Decid,0,0,0,0,0,0,2777.064479,1388.532239,1248.817895,624.4089477,1528.246583,764.1232917,0,0,0,0,0,0,0,0,0,NA,NA,NA,NA,NA,NA,NA,NA,NA,NA,NA,NA,NA,NA,NA,NA,0,0,0,0,0,0,0,0,0,0,0,0,0,0,0,0,0,0,0,0,0,0,0,0,1388.532239,764.1232917,624.4089477,NA,1.5,6.6790023,8.1790023,835.436484,2632.131513,3467.567997,3256.540461,4856.100236,1599.559776
FrozenBlackCalf,36,B,90,7/25/2022,Frozen Calf,66.71096619,-142.7759275,1903419.825,494951.3476,405,4,248,mesic-subxeric,3,moist,2019,1985,1959,34,26,27,22,24,24,TRIPLE,TRIPLE-MID,Hybrid tree-shrub birch,Birch are hybridization tree and shrub,0.05,0.000392699,1.5,8.765043504,Decid,0,0,0,0,0,0,986.5784011,493.2892005,596.8878982,298.4439491,389.6905029,194.8452514,0,0,0,0,0,0,0,0,0,NA,NA,NA,NA,NA,NA,NA,NA,NA,NA,NA,NA,NA,NA,NA,NA,0,0,0,0,0,0,0,0,0,0,0,0,0,0,0,0,0,0,0,0,0,0,0,0,493.2892005,194.8452514,298.4439491,NA,3.5,4.6790023,8.1790023,1919.762965,1843.950466,3763.713431,2142.394415,4257.002632,2114.608216
FrozenBlackCalf,36,C,90,7/25/2022,Frozen Calf,66.71096619,-142.7759275,1903419.825,494951.3476,405,4,248,mesic-subxeric,3,moist,2019,1985,1959,34,26,27,22,24,24,TRIPLE,TRIPLE-MID,Hybrid tree-shrub birch,Birch are hybridization tree and shrub,0.35,4.181067123,2.4,22.23226581,Decid,1296.958996,648.4794979,95.53067801,47.765339,1201.428318,600.7141589,3717.233937,1858.616969,1822.673337,911.3366685,1894.5606,947.2803002,0,0,0,0,0,0,35.09080786,140.3632314,105.2724236,0,4.181067123,0,0,0,0,0,0,0,0.35,0,0,0,0,0,0,0,1296.958996,0,0,0,0,0,0,0,95.53067801,0,0,0,0,0,0,0,1201.428318,0,0,0,0,0,0,2647.459698,1583.085267,1064.374431,NA,4.75,3.180972091,7.930972091,2597.467015,1253.590957,3851.057972,2317.965388,6498.517671,4180.552282
FrozenBlackCalf,1018,A,95,7/25/2022,Frozen Calf,66.71679916,-142.7803668,1904025.489,494648.5037,403,2,235,mesic,4,moist,2019,1985,1959,34,26,29,22,25.7,25.7,TRIPLE,TRIPLE-MID,Birch shrub,Birch shrub hybrid over 10 ft high. One spruce prefire no spruce regen all birch sprouts,0.3,7.127488333,3.6,16.28601632,Decid,2442.71087,1221.355435,60.69795381,30.34897691,2382.012916,1191.006458,1358.288504,679.1442519,985.9352103,492.9676052,372.3532935,186.1766468,0,0,0,0,0,0,0,0,0,0,7.127488333,0,0,0,0,0,0,0,0.3,0,0,0,0,0,0,0,2442.71087,0,0,0,0,0,0,0,60.69795381,0,0,0,0,0,0,0,2382.012916,0,0,0,0,0,0,1900.499687,1377.183105,523.3165821,NA,2.5,5.266159619,7.766159619,1377.599724,2075.343602,3452.943326,2598.660184,5353.443013,2754.782829
FrozenBlackCalf,1018,B,95,7/25/2022,Frozen Calf,66.71679916,-142.7803668,1904025.489,494648.5037,403,2,235,mesic,4,moist,2019,1985,1959,34,26,29,22,25.7,25.7,TRIPLE,TRIPLE-MID,Birch shrub,Birch shrub hybrid over 10 ft high. One spruce prefire no spruce regen all birch sprouts,0.05,0.000392699,3.3,12.43520912,Decid,0,0,0,0,0,0,1024.676409,512.3382044,882.9213229,441.4606614,141.7550859,70.87754294,0,0,0,0,0,0,0,0,0,NA,NA,NA,NA,NA,NA,NA,NA,NA,NA,NA,NA,NA,NA,NA,NA,0,0,0,0,0,0,0,0,0,0,0,0,0,0,0,0,0,0,0,0,0,0,0,0,512.3382044,70.87754294,441.4606614,NA,6.65,1.579249488,9.014624744,3627.577172,622.3672576,4249.94443,1063.827919,4762.282634,3698.454715
FrozenBlackCalf,1018,C,95,7/25/2022,Frozen Calf,66.71679916,-142.7803668,1904025.489,494648.5037,403,2,235,mesic,4,moist,2019,1985,1959,34,26,29,22,25.7,25.7,TRIPLE,TRIPLE-MID,Birch shrub,Birch shrub hybrid over 10 ft high. One spruce prefire no spruce regen all birch sprouts,0.2,5.253135616,4.6,15.2665695,Mixed,1626.617348,813.3086742,164.9438091,82.47190457,1461.673539,730.8367696,1215.940479,607.9702396,1018.318367,509.1591835,197.6221123,98.81105617,0,0,0,0,0,0,0,0,0,0,0.92362824,0,0,4.329507376,0,0,0,0,0.15,0,0,0.05,0,0,0,0,260.257589,0,0,1366.359759,0,0,0,0,6.520164024,0,0,158.4236451,0,0,0,0,253.7374249,0,0,1207.936114,0,0,0,1421.278914,829.6478258,591.6310881,NA,1.125,6.151650048,7.276650048,883.2318236,2446.923142,3330.154965,3038.55423,4751.433879,1712.879649
FrozenBlackCalf,188,A,91,7/25/2022,Frozen Calf,66.71070409,-142.7713893,1903424.953,495154.4592,421,2,250,mesic-subxeric,3,moist,2019,1985,1959,34,26,27,26,26.3,26.3,TRIPLE,TRIPLE-MID,Most betula gland few spruce,Most betula glam overstory with few spruce from post 88 fire no spruce regen goes to full shrub,0.05,1.145110522,2.8,9.713019087,Spruce,276.9846928,138.4923464,37.92629637,18.96314819,239.0583964,119.5291982,860.920956,430.460478,790.1232907,395.0616454,70.79766531,35.39883266,0,0,0,0,0,0,0,0,0,0,0,0,0,1.145110522,0,0,0,0,0,0,0,0.05,0,0,0,0,0,0,0,276.9846928,0,0,0,0,0,0,0,37.92629637,0,0,0,0,0,0,0,239.0583964,0,0,0,568.9528244,154.9280309,414.0247936,NA,1.75,9.05,10.8,834.4208643,2500.991029,3335.411893,2915.015822,3904.364717,989.3488951
FrozenBlackCalf,807,C,94,7/25/2022,Frozen Calf,66.71621259,-142.7752526,1903999.358,494882.7875,423,2,214,mesic-subxeric,3,moist,2019,1985,1959,34,26,19,11,13.7,13.7,TRIPLE,TRIPLE-MID,Aspen/white spruce/hybrid birch,"No spruce regen, all Aspen",2.6,3.154944422,0.7,1.650121541,Decid,724.9883567,362.4941784,50.23521523,25.11760762,674.7531415,337.3765707,83.78617123,41.89308562,41.30893309,20.65446655,42.47723814,21.23861907,0,0,0,0,0,0,0,0,0,2.39899869,0.755553033,0,0,0,0.000392699,0,0,2.35,0.2,0,0,0,0.05,0,0,472.5149926,227.1091922,0,0,0,25.36417189,0,0,41.89855549,5.675914394,0,0,0,2.660745354,0,0,430.6164371,221.4332778,0,0,0,22.70342654,0,0,404.387264,358.6151898,45.77207417,NA,0,7.844010836,7.844010836,0,3091.250337,3091.250337,3137.022411,3495.637601,358.6151898
FrozenBlackCalf,449,A,92,7/25/2022,Frozen Calf,66.712644,-142.7730993,1903624.633,495043.5147,421,3,245,mesic-subxeric,3,moist,2019,1985,1959,34,26,33,31,32,32,TRIPLE,TRIPLE-MID,Aspen birch hybrid spruce cwd evidence aspen stand upslope suckers no spruce regen,See prefire veg,0.15,0.989601686,2.3,15.00660271,Decid,287.3903986,143.6951993,26.11395529,13.05697764,261.2764433,130.6382217,2300.389008,1150.194504,1458.552315,729.2761575,841.8366929,420.9183465,0,0,0,0,0,0,32.26589576,129.0635831,96.79768729,0,0.989601686,0,0,0,0,0,0,0,0.15,0,0,0,0,0,0,0,287.3903986,0,0,0,0,0,0,0,26.11395529,0,0,0,0,0,0,0,261.2764433,0,0,0,0,0,0,1422.953286,583.822464,839.1308224,NA,0,7.766113352,7.766113352,0,3060.551677,3060.551677,3899.682499,4483.504963,583.822464
FrozenBlackCalf,449,B,92,7/25/2022,Frozen Calf,66.712644,-142.7730993,1903624.633,495043.5147,421,3,245,mesic-subxeric,3,moist,2019,1985,1959,34,26,33,31,32,32,TRIPLE,TRIPLE-MID,Aspen birch hybrid spruce cwd evidence aspen stand upslope suckers no spruce regen,See prefire veg,0.2,1.358346124,1.9,3.809966491,Decid,312.98811,156.494055,26.65031287,13.32515643,286.3377971,143.1688986,202.1098275,101.0549137,174.6077898,87.30389488,27.50203771,13.75101885,0,0,0,0,0,0,0,0,0,1.358346124,0,0,0,0,0,0,0,0.2,0,0,0,0,0,0,0,312.98811,0,0,0,0,0,0,0,26.65031287,0,0,0,0,0,0,0,286.3377971,0,0,0,0,0,0,0,257.5489687,156.9199175,100.6290513,NA,0,7.805260972,7.805260972,0,3075.979383,3075.979383,3176.608434,3333.528352,156.9199175
FrozenBlackCalf,449,C,92,7/25/2022,Frozen Calf,66.712644,-142.7730993,1903624.633,495043.5147,421,3,245,mesic-subxeric,3,moist,2019,1985,1959,34,26,33,31,32,32,TRIPLE,TRIPLE-MID,Aspen birch hybrid spruce cwd evidence aspen stand upslope suckers no spruce regen,See prefire veg,0.05,0.000392699,1.3,1.094059642,Mixed,0,0,0,0,0,0,47.83079218,23.91539609,47.83079218,23.91539609,0,0,0,0,0,0,0,0,0,0,0,NA,NA,NA,NA,NA,NA,NA,NA,NA,NA,NA,NA,NA,NA,NA,NA,0,0,0,0,0,0,0,0,0,0,0,0,0,0,0,0,0,0,0,0,0,0,0,0,23.91539609,0,23.91539609,NA,1.375,5.894417115,7.269417115,1000.617718,2344.60438,3345.222097,2368.519776,3369.137493,1000.617718
FrozenBlackCalf,593,A,93,7/25/2022,Frozen Calf,66.71539703,-142.7741611,1903918.186,494945.6924,426,2,230,mesic-subxeric,3,moist,2019,1985,1959,34,26,31,28,29.3,29.3,TRIPLE,TRIPLE-MID,Birch hybrid,Birch hybrid but evidence of spruce prior to 1st fire no spruce regen. LAST SITE OF THE DAYYYYYYYY,0.05,0.000392699,3.9,14.46781957,Open,0,0,0,0,0,0,945.7408665,472.8704333,424.0117107,212.0058553,521.7291558,260.8645779,0,0,0,0,0,0,0,0,0,NA,NA,NA,NA,NA,NA,NA,NA,NA,NA,NA,NA,NA,NA,NA,NA,0,0,0,0,0,0,0,0,0,0,0,0,0,0,0,0,0,0,0,0,0,0,0,0,472.8704333,260.8645779,212.0058553,NA,1.25,8.482179405,9.732179405,472.5023644,1795.418245,2267.92061,2007.4241,2740.791043,733.3669423
FrozenBlackCalf,593,B,93,7/25/2022,Frozen Calf,66.71539703,-142.7741611,1903918.186,494945.6924,426,2,230,mesic-subxeric,3,moist,2019,1985,1959,34,26,31,28,29.3,29.3,TRIPLE,TRIPLE-MID,Birch hybrid,Birch hybrid but evidence of spruce prior to 1st fire no spruce regen. LAST SITE OF THE DAYYYYYYYY,0.05,0.000392699,4,26.30455529,Open,0,0,0,0,0,0,3387.776097,1693.888048,730.2309513,365.1154757,2657.545145,1328.772573,0,0,0,0,0,0,0,0,0,NA,NA,NA,NA,NA,NA,NA,NA,NA,NA,NA,NA,NA,NA,NA,NA,0,0,0,0,0,0,0,0,0,0,0,0,0,0,0,0,0,0,0,0,0,0,0,0,1693.888048,1328.772573,365.1154757,NA,0,9.732179405,9.732179405,0,2060.005057,2060.005057,2425.120533,3753.893105,1328.772573
FrozenBlackCalf,593,C,93,7/25/2022,Frozen Calf,66.71539703,-142.7741611,1903918.186,494945.6924,426,2,230,mesic-subxeric,3,moist,2019,1985,1959,34,26,31,28,29.3,29.3,TRIPLE,TRIPLE-MID,Birch hybrid,Birch hybrid but evidence of spruce prior to 1st fire no spruce regen. LAST SITE OF THE DAYYYYYYYY,0.05,0.000392699,2.9,20.11875935,Open,0,0,0,0,0,0,2369.265579,1184.63279,478.7872196,239.3936098,1890.47836,945.2391799,0,0,0,0,0,0,0,0,0,NA,NA,NA,NA,NA,NA,NA,NA,NA,NA,NA,NA,NA,NA,NA,NA,0,0,0,0,0,0,0,0,0,0,0,0,0,0,0,0,0,0,0,0,0,0,0,0,1184.63279,945.2391799,239.3936098,NA,3.75,5.982179405,9.732179405,1417.507093,1266.244621,2683.751715,1505.638231,3868.384505,2362.746273
FrozenBlackCalf,807,A,94,7/25/2022,Frozen Calf,66.71621259,-142.7752526,1903999.358,494882.7875,423,2,214,mesic-subxeric,3,moist,2019,1985,1959,34,26,19,11,13.7,13.7,TRIPLE,TRIPLE-MID,Aspen/white spruce/hybrid birch,"No spruce regen, all Aspen",0.75,0.663268749,2.8,7.294778142,Decid,115.9141794,57.95708969,17.90893854,8.954469269,98.00524085,49.00262043,294.6996512,147.3498256,91.19487652,45.59743826,203.5047747,101.7523874,0,0,0,0,0,0,0,0,0,0.61575216,0,0,0,0.047516589,0,0,0,0.7,0,0,0,0.05,0,0,0,109.8320845,0,0,0,6.082094865,0,0,0,16.06850864,0,0,0,1.840429902,0,0,0,93.76357589,0,0,0,4.241664964,0,0,0,205.3069153,150.7550078,54.55190753,NA,1.75,6.45014183,8.20014183,970.9772941,2541.939771,3512.917065,2596.491678,3718.22398,1121.732302
FrozenBlackCalf,807,B,94,7/25/2022,Frozen Calf,66.71621259,-142.7752526,1903999.358,494882.7875,423,2,214,mesic-subxeric,3,moist,2019,1985,1959,34,26,19,11,13.7,13.7,TRIPLE,TRIPLE-MID,Aspen/white spruce/hybrid birch,"No spruce regen, all Aspen",3,3.141592654,1.9,3.701581544,Decid,589.1132697,294.5566348,52.77244292,26.38622146,536.3408267,268.1704134,149.2182689,74.60913443,47.18782231,23.59391116,102.0304465,51.01522327,0,0,0,0,0,0,0,0,0,3.141592654,0,0,0,0,0,0,0,3,0,0,0,0,0,0,0,589.1132697,0,0,0,0,0,0,0,52.77244292,0,0,0,0,0,0,0,536.3408267,0,0,0,0,0,0,0,369.1657692,319.1856367,49.98013262,NA,1.5,6.95,8.45,835.436484,2738.929139,3574.365623,2788.909271,3943.531392,1154.622121
FrozenCalf,11,C,84,7/24/2022,Frozen Calf,66.73341662,-142.768624,1905932.593,494850.5789,485,8,180,subxeric,2,dry,2019,1985,NA,34,NA,33,26,29.3,29.3,SHORT,MID,Mostly 35 yr old aspen with bd and birch mixed in no bs regen aspen suckers with some birch. Wild aspen spot that burned all young aspen. Aspen small bd of herbivory???,Aspen,0.7,2.247024145,1.3,1.168672467,Spruce,586.0885731,293.0442865,71.39343721,35.69671861,514.6951359,257.3475679,51.08936693,25.54468347,28.7905067,14.39525335,22.29886023,11.14943012,0,0,0,0,0,0,0,0,0,0.10249446,0,2.144529685,0,0,0,0,0,0.4,0,0.3,0,0,0,0,0,26.48672309,0,0,559.60185,0,0,0,0,6.644978519,0,0,64.74845869,0,0,0,0,19.84174457,0,0,494.8533913,0,0,0,0,318.58897,268.496998,50.09197196,NA,0.5625,6.825,7.3875,337.1430809,2118.294892,2455.437973,2168.386864,2774.026943,605.6400789
FrozenCalf,26,A,85,7/24/2022,Frozen Calf,66.73518759,-142.7701453,1906115.173,494751.0845,453,8,265,subxeric,2,dry,2019,1985,NA,34,NA,30,16,23.6,23.6,SHORT,MID,Aspen spruce,Again like 11. Wild aspen short probably herbivory? Spruce mixed in before. All regen aspen suckers. Goes to deciduous ,0.85,0.251720111,1.7,12.0181627,Decid,214.9449553,107.4724776,68.77736909,34.38868454,146.1675862,73.0837931,2234.960537,1117.480269,962.5746863,481.2873432,1272.385851,636.1929253,0,0,0,0,0,0,0,0,0,0.194386045,0,0.057334066,0,0,0,0,0,0.6,0,0.25,0,0,0,0,0,193.7400553,0,0,21.2049,0,0,0,0,58.47706916,0,0,9.935499923,0,0,0,0,135.2629861,0,0,11.26940008,0,0,0,0,1224.952747,709.2767184,515.6760277,NA,1.5,7,8.5,835.436484,2758.633665,3594.070149,3274.309693,4819.022895,1544.713202
FrozenCalf,26,B,85,7/24/2022,Frozen Calf,66.73518759,-142.7701453,1906115.173,494751.0845,453,8,265,subxeric,2,dry,2019,1985,NA,34,NA,30,16,23.6,23.6,SHORT,MID,Aspen spruce,Again like 11. Wild aspen short probably herbivory? Spruce mixed in before. All regen aspen suckers. Goes to deciduous ,0.45,0.451211245,3.2,8.482300165,Decid,226.5793075,113.2896537,79.35620002,39.67810001,147.2231074,73.61155372,618.3920158,309.1960079,252.439759,126.2198795,365.9522568,182.9761284,0,0,0,0,0,0,0,0,0,0.261537588,0,0.189673656,0,0,0,0,0,0.25,0,0.2,0,0,0,0,0,175.3100075,0,0,51.2693,0,0,0,0,51.13623577,0,0,27.07996425,0,0,0,0,124.1737717,0,0,24.18933575,0,0,0,0,422.4856616,256.5876821,165.8979795,NA,0.5625,6.575,7.1375,327.1584462,2591.145192,2918.303639,2757.043172,3340.7893,583.7461283
FrozenCalf,26,C,85,7/24/2022,Frozen Calf,66.73518759,-142.7701453,1906115.173,494751.0845,453,8,265,subxeric,2,dry,2019,1985,NA,34,NA,30,16,23.6,23.6,SHORT,MID,Aspen spruce,Again like 11. Wild aspen short probably herbivory? Spruce mixed in before. All regen aspen suckers. Goes to deciduous ,1.05,0.296095108,2.4,2.023185669,Decid,121.362978,60.68148898,29.0024591,14.50122955,92.36051886,46.18025943,73.94771421,36.97385711,31.72987861,15.8649393,42.2178356,21.1089178,0,0,0,0,0,0,0,0,0,0.210094009,0,0.086001099,0,0,0,0,0,0.85,0,0.2,0,0,0,0,0,104.776478,0,0,16.5865,0,0,0,0,19.97173112,0,0,9.030727975,0,0,0,0,84.80474684,0,0,7.555772025,0,0,0,0,97.65534609,67.28917723,30.36616885,NA,0.75,6.175,6.925,428.8140537,2433.508983,2862.323037,2463.875152,2959.978383,496.103231
FrozenCalf,11,B,84,7/24/2022,Frozen Calf,66.73341662,-142.768624,1905932.593,494850.5789,485,8,180,subxeric,2,dry,2019,1985,NA,34,NA,33,26,29.3,29.3,SHORT,MID,Mostly 35 yr old aspen with bd and birch mixed in no bs regen aspen suckers with some birch. Wild aspen spot that burned all young aspen. Aspen small bd of herbivory???,Aspen,1.25,0.027488936,2.4,4.051083727,Mixed,381.6907192,190.8453596,82.53220369,41.26610185,299.1585155,149.5792578,209.3749223,104.6874611,169.010158,84.50507899,40.3647643,20.18238215,0,0,0,0,0,0,0,0,0,0.017671459,0.003534292,0.006283185,0,0,0,0,0,0.75,0.45,0.05,0,0,0,0,0,231.7916493,148.9454699,0,0.9536,0,0,0,0,67.46876988,14.04783231,0,1.015601502,0,0,0,0,164.3228794,134.8976376,0,-0.062001502,0,0,0,0,295.5328207,169.76164,125.7711808,NA,4,3.2,7.2,2233.169605,1272.854274,3506.023878,1398.625454,3801.556699,2402.931245
FrozenCalf,11,A,84,7/24/2022,Frozen Calf,66.73341662,-142.768624,1905932.593,494850.5789,485,8,180,subxeric,2,dry,2019,1985,NA,34,NA,33,26,29.3,29.3,SHORT,MID,Mostly 35 yr old aspen with bd and birch mixed in no bs regen aspen suckers with some birch. Wild aspen spot that burned all young aspen. Aspen small bd of herbivory???,Aspen,0.8,0.117417025,5.1,5.743616769,Decid,101.4951192,50.74755958,33.75006872,16.87503436,67.74505044,33.87252522,272.9538276,136.4769138,210.1336629,105.0668315,62.82016468,31.41008234,0,0,0,0,0,0,0,0,0,0.116631627,0,0.000785398,0,0,0,0,0,0.7,0,0.1,0,0,0,0,0,87.59551915,0,0,13.8996,0,0,0,0,27.46898958,0,0,6.281079135,0,0,0,0,60.12652957,0,0,7.618520865,0,0,0,0,187.2244734,65.28260756,121.9418659,NA,4,5.2,9.2,1428.601869,2049.270722,3477.872591,2171.212588,3665.097065,1493.884476
FrozenCalf,755,A,89,7/24/2022,Frozen Calf,66.80668304,-143.0156957,1912138.325,482725.4229,669,5,330,mesic,4,moist,2019,1985,NA,34,NA,30,27,28.3,28.3,SHORT,MID,Black spruce ,Stand replacing going to shrubs no bs regen,0.1,0.010210176,4.8,14.84402529,Spruce,6.5093,3.25465,3.47892912,1.73946456,3.03037088,1.51518544,1044.267562,522.133781,61.74772947,30.87386473,982.5198326,491.2599163,488.0433731,244.0216866,244.0216866,122.0108433,244.0216866,122.0108433,0,0,0,0,0,0.010210176,0,0,0,0,0,0,0,0.1,0,0,0,0,0,0,0,0,6.5093,0,0,0,0,0,0,0,3.47892912,0,0,0,0,0,0,0,3.03037088,0,0,0,0,769.4101176,614.785945,154.6241726,NA,3,6.225,9.225,994.0483526,1574.93683,2568.985183,1729.561003,3338.3953,1608.834298
FrozenCalf,755,B,89,7/24/2022,Frozen Calf,66.80668304,-143.0156957,1912138.325,482725.4229,669,5,330,mesic,4,moist,2019,1985,NA,34,NA,30,27,28.3,28.3,SHORT,MID,Black spruce ,Stand replacing going to shrubs no bs regen,0.3,0.293346214,5.3,10.72304112,Spruce,44.5212,22.2606,11.74290397,5.871451986,32.77829603,16.38914801,647.086045,323.5430225,139.9499761,69.97498803,507.136069,253.5680345,150.8638874,75.43194368,0,0,150.8638874,75.43194368,28,112,84,0,0,0.293346214,0,0,0,0,0,0,0,0.3,0,0,0,0,0,0,0,0,44.5212,0,0,0,0,0,0,0,11.74290397,0,0,0,0,0,0,0,32.77829603,0,0,0,0,533.2355662,373.3891262,159.84644,NA,7.375,4.7,12.075,2339.476379,912.3022887,3251.778667,1072.148729,3785.014233,2712.865505
FrozenCalf,755,C,89,7/24/2022,Frozen Calf,66.80668304,-143.0156957,1912138.325,482725.4229,669,5,330,mesic,4,moist,2019,1985,NA,34,NA,30,27,28.3,28.3,SHORT,MID,Black spruce ,Stand replacing going to shrubs no bs regen,0.55,0.713534231,6.8,9.262200541,Spruce,161.4425,80.72125,40.17404898,20.08702449,121.268451,60.63422551,493.782886,246.891443,149.4110477,74.70552384,344.3718383,172.1859191,0,0,0,0,0,0,74.07986272,148.1597254,74.07986272,0,0,0.713534231,0,0,0,0,0,0,0,0.55,0,0,0,0,0,0,0,0,161.4425,0,0,0,0,0,0,0,38.12794898,0,0,0,0,0,0,0,123.314551,0,0,0,0,475.7724184,306.9000073,168.8724111,NA,4.125,5.325,9.45,1521.577538,1609.32763,3130.905167,1778.200041,3606.677586,1828.477545
FrozenCalf,360,A,87,7/24/2022,Frozen Calf,66.80569201,-143.015411,1912031.833,482755.9423,675,4,310,mesic,4,moist,2019,1985,NA,34,NA,31,26,28,28,SHORT,MID, Black spruce ,85 fire all spruce dead no spruce regen will be shrubland for future,1.05,0.434325184,2.4,5.353273882,Spruce,98.882,49.441,67.7799617,33.88998085,31.1020383,15.55101915,328.3409759,164.1704879,270.5076438,135.2538219,57.83333201,28.916666,215.4403348,107.7201674,107.7201674,53.86008371,107.7201674,53.86008371,0,0,0,0,0,0.434325184,0,0,0,0,0,0,0,1.05,0,0,0,0,0,0,0,0,98.882,0,0,0,0,0,0,0,66.8180867,0,0,0,0,0,0,0,32.0639133,0,0,0,0,321.3316553,98.32776886,223.0038865,NA,2.5,5.2,7.7,861.8405231,1572.772793,2434.613316,1795.77668,2755.944972,960.168292
FrozenCalf,268,A,86,7/24/2022,Frozen Calf,66.80594694,-143.0198768,1912027.303,482556.8094,671,3,345,mesic-subxeric,3,moist,2019,1985,NA,34,NA,30,27,28.3,28.3,SHORT,MID,Black spruce,40 meter east of actual plot because unburned. 35 year old black spruce all dead betula understory no spruce regen going to shrubland,1.9,1.948965542,5.6,8.664512539,Spruce,383.2872,191.6436,148.1026903,74.05134515,235.1845097,117.5922549,407.1953638,203.5976819,107.9289531,53.96447654,299.2664107,149.6332054,0,0,0,0,0,0,0,0,0,0,0,1.948965542,0,0,0,0,0,0,0,1.9,0,0,0,0,0,0,0,0,383.2872,0,0,0,0,0,0,0,142.0336153,0,0,0,0,0,0,0,241.2535847,0,0,0,0,395.2412819,267.2254603,128.0158217,NA,1.3125,3.825,5.1375,593.217978,1120.528218,1713.746196,1248.54404,2108.987478,860.4434383
FrozenCalf,268,B,86,7/24/2022,Frozen Calf,66.80594694,-143.0198768,1912027.303,482556.8094,671,3,345,mesic-subxeric,3,moist,2019,1985,NA,34,NA,30,27,28.3,28.3,SHORT,MID,Black spruce,40 meter east of actual plot because unburned. 35 year old black spruce all dead betula understory no spruce regen going to shrubland,0.6,2.161415746,6,15.77707831,Spruce,545.3741,272.68705,144.446986,72.22349302,400.927114,200.463557,1123.606956,561.8034782,89.63125917,44.81562959,1033.975697,516.9878486,56.01836312,28.00918156,0,0,56.01836312,28.00918156,0,0,0,0,0,2.161415746,0,0,0,0,0,0,0,0.6,0,0,0,0,0,0,0,0,545.3741,0,0,0,0,0,0,0,136.940186,0,0,0,0,0,0,0,408.433914,0,0,0,0,862.4997098,745.4605872,117.0391226,NA,1,6.2,7.2,474.2428302,1903.130352,2377.373182,2020.169475,3239.872892,1219.703417
FrozenCalf,268,C,86,7/24/2022,Frozen Calf,66.80594694,-143.0198768,1912027.303,482556.8094,671,3,345,mesic-subxeric,3,moist,2019,1985,NA,34,NA,30,27,28.3,28.3,SHORT,MID,Black spruce,40 meter east of actual plot because unburned. 35 year old black spruce all dead betula understory no spruce regen going to shrubland,0.5,0.973108324,5.7,17.55600515,Spruce,197.83745,98.918725,78.80801015,39.40400507,119.0294399,59.51471993,1022.433868,511.2169339,338.1151622,169.0575811,684.3187056,342.1593528,876.2028644,438.1014322,0,0,876.2028644,438.1014322,28,112,84,0,0,0.973108324,0,0,0,0,0,0,0,0.5,0,0,0,0,0,0,0,0,197.83745,0,0,0,0,0,0,0,75.77253515,0,0,0,0,0,0,0,122.0649149,0,0,0,0,1160.237091,867.7755049,292.4615862,NA,3.75,5.125,8.875,1234.725031,1297.975323,2532.700354,1590.436909,3692.937445,2102.500536
FrozenCalf,686,B,88,7/24/2022,Frozen Calf,66.73445912,-142.7728812,1906015.028,494645.3149,443,10,270,subxeric,2,dry,2019,1985,NA,34,NA,34,23,27.7,27.7,SHORT,MID,Aspen ,Same as other in this area. Wild aspen herby. No spruce regen going to deciduous ,2.5,1.567262035,1.3,1.235431311,Decid,415.3400286,207.6700143,70.2992429,35.14962145,345.0407857,172.5203928,46.91182894,23.45591447,15.7301042,7.8650521,31.18172474,15.59086237,0,0,0,0,0,0,0,0,0,1.567262035,0,0,0,0,0,0,0,2.5,0,0,0,0,0,0,0,415.3400286,0,0,0,0,0,0,0,70.2992429,0,0,0,0,0,0,0,345.0407857,0,0,0,0,0,0,0,231.1259288,188.1112552,43.01467355,NA,1.5,5.019342601,6.519342601,835.436484,1978.075354,2813.511838,2021.090027,3044.637766,1023.547739
FrozenCalf,360,B,87,7/24/2022,Frozen Calf,66.80569201,-143.015411,1912031.833,482755.9423,675,4,310,mesic,4,moist,2019,1985,NA,34,NA,31,26,28,28,SHORT,MID, Black spruce ,85 fire all spruce dead no spruce regen will be shrubland for future,0.3,1.425104967,5.6,16.02212253,Spruce,404.68315,202.341575,100.4479681,50.22398404,304.2351819,152.117591,991.705202,495.852601,490.4756112,245.2378056,501.2295909,250.6147954,467.1574052,233.5787026,116.7893513,58.39467565,350.3680539,175.1840269,0,0,0,0,0,1.425104967,0,0,0,0,0,0,0,0.3,0,0,0,0,0,0,0,0,404.68315,0,0,0,0,0,0,0,98.34931808,0,0,0,0,0,0,0,306.3338319,0,0,0,0,931.7728786,577.9164133,353.8564653,NA,4.375,5.075,9.45,1226.444873,1230.919675,2457.364548,1584.776141,3389.137427,1804.361287
FrozenCalf,360,C,87,7/24/2022,Frozen Calf,66.80569201,-143.015411,1912031.833,482755.9423,675,4,310,mesic,4,moist,2019,1985,NA,34,NA,31,26,28,28,SHORT,MID, Black spruce ,85 fire all spruce dead no spruce regen will be shrubland for future,0.25,1.314363826,4.3,18.40187897,Spruce,319.16445,159.582225,106.9212498,53.46062491,212.2432002,106.1216001,2261.606405,1130.803202,930.1765179,465.088259,1331.429887,665.7149435,139.3191586,69.6595793,69.6595793,34.82978965,69.6595793,34.82978965,0,0,0,0,0,1.314363826,0,0,0,0,0,0,0,0.25,0,0,0,0,0,0,0,0,319.16445,0,0,0,0,0,0,0,102.4108498,0,0,0,0,0,0,0,216.7536002,0,0,0,0,1360.045006,806.6663333,553.3786736,NA,1,3.45,4.45,405.3799986,999.2907865,1404.670785,1552.66946,2764.715791,1212.046332
FrozenCalf,686,A,88,7/24/2022,Frozen Calf,66.73445912,-142.7728812,1906015.028,494645.3149,443,10,270,subxeric,2,dry,2019,1985,NA,34,NA,34,23,27.7,27.7,SHORT,MID,Aspen ,Same as other in this area. Wild aspen herby. No spruce regen going to deciduous ,1.95,1.064214511,1.4,1.401935722,Decid,345.3418068,172.6709034,71.5046091,35.75230455,273.8371977,136.9185989,60.52395352,30.26197676,45.98361046,22.99180523,14.54034306,7.270171531,0,0,0,0,0,0,0,0,0,1.057931326,0,0.006283185,0,0,0,0,0,1.9,0,0.05,0,0,0,0,0,344.3882068,0,0,0.9536,0,0,0,0,70.68141819,0,0,0.823190912,0,0,0,0,273.7067886,0,0,0.130409088,0,0,0,0,202.9328802,144.1887704,58.74410978,NA,5.5,1.019342601,8.259671301,3004.089446,401.7132594,3405.802705,460.4573692,3608.735585,3148.278216
FrozenCalf,686,C,88,7/24/2022,Frozen Calf,66.73445912,-142.7728812,1906015.028,494645.3149,443,10,270,subxeric,2,dry,2019,1985,NA,34,NA,34,23,27.7,27.7,SHORT,MID,Aspen ,Same as other in this area. Wild aspen herby. No spruce regen going to deciduous ,0.8,2.254092729,2.6,7.272786993,Decid,465.1225347,232.5612673,58.7460726,29.3730363,406.3764621,203.188231,532.9442301,266.4721151,325.5853669,162.7926835,207.3588632,103.6794316,0,0,0,0,0,0,0,0,0,2.197544061,0,0.056548668,0,0,0,0,0,0.75,0,0.05,0,0,0,0,0,456.5401347,0,0,8.5824,0,0,0,0,51.49510917,0,0,7.250963433,0,0,0,0,405.0450255,0,0,1.331436567,0,0,0,0,499.0333824,306.8676626,192.1657198,NA,2,4.613923625,6.613923625,1106.518104,1818.303577,2924.821681,2010.469297,3423.855064,1413.385767
FrozenFish,1202,A,80,7/23/2022,Frozen Calf,66.87654964,-143.2214955,1918312.974,472507.7902,295,3,30,mesic,4,moist,2019,1969,NA,50,NA,75,55,61,61,LONG,MID,Aspen black spruce ,Mixed prefire salix alder understory aspen suckers and black spruce regen some north slope trees torched,0.65,9.007338837,0.3,2.376614842,Mixed,2354.780427,1177.390214,524.4816288,262.2408144,1830.298798,915.1493991,134.9726119,67.48630594,90.99275637,45.49637819,43.9798555,21.98992775,8.855373669,4.427686834,0,0,8.855373669,4.427686834,0,0,0,6.042068071,0,2.965270766,0,0,0,0,0,0.3,0,0.35,0,0,0,0,0,1594.994327,0,0,759.7861,0,0,0,0,223.2585557,0,0,292.6521232,0,0,0,0,1371.735771,0,0,467.1339768,0,0,0,0,1249.304207,941.5670137,307.7371926,NA,1.875,6,7.875,1235.389506,2386.601763,3621.991269,2694.338955,4871.295475,2176.956519
FrozenFish,2616,B,83,7/23/2022,Frozen Calf,66.87581958,-143.2246886,1918210.259,472382.1372,298,0,0,mesic,4,moist,2019,1969,NA,50,NA,76,64,70,70,LONG,MID,Black spruce,Black spruce bamboo with alder understory some black spruce regen but not many,1.5,7.98828472,0.9,1.73180295,Spruce,1865.7561,932.87805,874.3646077,437.1823039,991.3914923,495.6957461,59.80829433,29.90414716,35.63848361,17.8192418,24.16981072,12.08490536,0,0,0,0,0,0,0,0,0,0,0,7.98828472,0,0,0,0,0,0,0,1.5,0,0,0,0,0,0,0,0,1865.7561,0,0,0,0,0,0,0,853.2844827,0,0,0,0,0,0,0,1012.471617,0,0,0,0,962.7821972,507.7806515,455.0015457,NA,3,6.7,9.7,1253.565141,1781.310802,3034.875943,2236.312348,3997.658141,1761.345792
FrozenFish,2616,C,83,7/23/2022,Frozen Calf,66.87581958,-143.2246886,1918210.259,472382.1372,298,0,0,mesic,4,moist,2019,1969,NA,50,NA,76,64,70,70,LONG,MID,Black spruce,Black spruce bamboo with alder understory some black spruce regen but not many,1.55,11.5017634,0.4,3.848451001,Spruce,2687.9459,1343.97295,1101.983547,550.9917735,1585.962353,792.9811765,250.9185975,125.4592988,54.59969754,27.29984877,196.3189,98.15944999,0,0,0,0,0,0,0,0,0,0,0,11.5017634,0,0,0,0,0,0,0,1.55,0,0,0,0,0,0,0,0,2687.9459,0,0,0,0,0,0,0,1082.641972,0,0,0,0,0,0,0,1605.303928,0,0,0,0,1469.432249,891.1406265,578.2916223,NA,0.875,9.825,10.7,389.7714226,2721.11878,3110.890202,3299.410402,4580.322451,1280.912049
FrozenFish,374,A,78,7/23/2022,Frozen Calf,66.82230033,-143.2420002,1912221.875,472588.3967,232,0,0,mesic-subxeric,3,moist,2019,1969,NA,50,NA,45,39,42.3,42.3,MEDIUM,MID,Black spruce aspen mix,Standing bamboo forest mixed species only aspen regen from suckers. White spruce in area probably mixed in,1.25,14.64296336,NA,NA,Mixed,3690.955516,1845.477758,972.7863647,486.3931823,2718.169151,1359.084576,0,0,0,0,0,0,338.1349755,169.0674877,0,0,338.1349755,169.0674877,0,0,0,3.875547237,0,4.784645611,0,5.98277051,0,0,0,0.15,0,0.9,0,0.2,0,0,0,1052.393862,0,0,1101.05285,1537.508804,0,0,0,147.5841029,0,0,516.2015531,309.0007087,0,0,0,904.8097593,0,0,584.8512969,1228.508095,0,0,0,2014.545246,1528.152064,486.3931823,NA,0.125,7.5,7.625,413.6882475,2983.252204,3396.940451,3469.645386,5411.485697,1941.840311
FrozenFish,374,B,78,7/23/2022,Frozen Calf,66.82230033,-143.2420002,1912221.875,472588.3967,232,0,0,mesic-subxeric,3,moist,2019,1969,NA,50,NA,45,39,42.3,42.3,MEDIUM,MID,Black spruce aspen mix,Standing bamboo forest mixed species only aspen regen from suckers. White spruce in area probably mixed in,1.2,11.79550232,0.4,3.216990877,Mixed,3005.266669,1502.633335,426.0810132,213.0405066,2579.185656,1289.592828,181.8453073,90.92265364,181.8453073,90.92265364,0,0,0,0,0,0,0,0,17.94747781,71.78991125,53.84243343,6.231349028,0,0.713926931,0,4.850226358,0,0,0,0.5,0,0.4,0,0.3,0,0,0,1633.814996,0,0,162.821,1208.630674,0,0,0,74.57536011,0,0,86.38698085,265.1186722,0,0,0,1559.239635,0,0,76.43401915,943.5120017,0,0,0,1665.3459,1307.540306,357.8055937,NA,0.25,9.075,9.325,236.1905972,3609.735166,3845.925764,3967.54076,5511.271663,1543.730903
FrozenFish,1202,B,80,7/23/2022,Frozen Calf,66.87654964,-143.2214955,1918312.974,472507.7902,295,3,30,mesic,4,moist,2019,1969,NA,50,NA,75,55,61,61,LONG,MID,Aspen black spruce ,Mixed prefire salix alder understory aspen suckers and black spruce regen some north slope trees torched,0.3,6.849850082,2.3,13.06902544,Mixed,1788.91352,894.4567602,358.761492,179.380746,1430.152028,715.0760142,791.2837587,395.6418794,405.405942,202.702971,385.8778167,192.9389083,0,0,0,0,0,0,0,0,0,3.149446635,0,3.700403447,0,0,0,0,0,0.1,0,0.2,0,0,0,0,0,886.6874704,0,0,902.22605,0,0,0,0,61.48028308,0,0,296.6527839,0,0,0,0,825.2071873,0,0,605.5732661,0,0,0,0,1290.09864,908.0149225,382.083717,NA,2.125,8.925,11.05,1045.861901,3550.070122,4595.932024,3932.153839,5886.030663,1953.876824
FrozenFish,1202,C,80,7/23/2022,Frozen Calf,66.87654964,-143.2214955,1918312.974,472507.7902,295,3,30,mesic,4,moist,2019,1969,NA,50,NA,75,55,61,61,LONG,MID,Aspen black spruce ,Mixed prefire salix alder understory aspen suckers and black spruce regen some north slope trees torched,0.75,17.93299626,0.5,2.529767484,Spruce,4780.16169,2390.080845,1025.267297,512.6336486,3754.894393,1877.447197,140.7428011,70.37140054,57.31256939,28.6562847,83.4302317,41.71511585,0,0,0,0,0,0,28,112,84,4.90913122,0,13.02386504,0,0,0,0,0,0.15,0,0.6,0,0,0,0,0,1371.52759,0,0,3408.6341,0,0,0,0,79.06216979,0,0,918.2898773,0,0,0,0,1292.465421,0,0,2490.344223,0,0,0,0,2572.452246,1947.162313,625.2899333,NA,1.75,5.45,7.2,869.7055612,1651.734493,2521.440054,2277.024426,5093.8923,2816.867874
FrozenFish,1820,A,81,7/23/2022,Frozen Calf,66.82298543,-143.2449445,1912276.014,472447.9216,231,0,0,mesic-subxeric,3,moist,2019,1969,NA,50,NA,43,42,42.7,42.7,MEDIUM,MID,Black spruce…but actually not sue if it was BS or WS. We called everything Bs but anything without cones could’ve been WS. Gah. Some Aspen in the vicinity. Lots of asp suckers. Some old white spruce ( survived the 69 fire.) in the area too. ,See above. Oops.,2.35,8.504684012,1.4,1.562942345,Spruce,2066.35195,1033.175975,900.5911458,450.2955729,1165.760804,582.8804021,74.64017762,37.32008881,69.21312999,34.606565,5.42704763,2.713523815,0,0,0,0,0,0,0,0,0,0,0,8.504684012,0,0,0,0,0,0,0,2.35,0,0,0,0,0,0,0,0,2066.35195,0,0,0,0,0,0,0,890.9359708,0,0,0,0,0,0,0,1175.415979,0,0,0,0,1070.496064,585.5939259,484.9021379,NA,1.3,6.4,7.7,773.1586682,1972.955997,2746.114665,2457.858135,3816.610729,1358.752594
FrozenFish,1820,B,81,7/23/2022,Frozen Calf,66.82298543,-143.2449445,1912276.014,472447.9216,231,0,0,mesic-subxeric,3,moist,2019,1969,NA,50,NA,43,42,42.7,42.7,MEDIUM,MID,Black spruce…but actually not sue if it was BS or WS. We called everything Bs but anything without cones could’ve been WS. Gah. Some Aspen in the vicinity. Lots of asp suckers. Some old white spruce ( survived the 69 fire.) in the area too. ,See above. Oops.,2.25,12.63941264,NA,NA,Spruce,2839.123,1419.5615,1326.13616,663.0680798,1512.98684,756.4934202,0,0,0,0,0,0,0,0,0,0,0,0,0,0,0,0,0,12.63941264,0,0,0,0,0,0,0,2.25,0,0,0,0,0,0,0,0,2839.123,0,0,0,0,0,0,0,1324.20956,0,0,0,0,0,0,0,1514.91344,0,0,0,0,1419.5615,756.4934202,663.0680798,NA,0.3,8.1,8.4,231.2427252,2551.195131,2782.437857,3214.263211,4201.999357,987.7361454
FrozenFish,1820,C,81,7/23/2022,Frozen Calf,66.82298543,-143.2449445,1912276.014,472447.9216,231,0,0,mesic-subxeric,3,moist,2019,1969,NA,50,NA,43,42,42.7,42.7,MEDIUM,MID,Black spruce…but actually not sue if it was BS or WS. We called everything Bs but anything without cones could’ve been WS. Gah. Some Aspen in the vicinity. Lots of asp suckers. Some old white spruce ( survived the 69 fire.) in the area too. ,See above. Oops.,1.25,6.866343444,0.7,1.002168056,Spruce,1516.183723,758.0918615,599.2222678,299.6111339,916.9614552,458.4807276,48.52487907,24.26243953,48.52487907,24.26243953,0,0,0,0,0,0,0,0,0,0,0,1.145110522,0,5.721232921,0,0,0,0,0,0.05,0,1.2,0,0,0,0,0,303.1158731,0,0,1213.06785,0,0,0,0,42.88486997,0,0,550.8704979,0,0,0,0,260.2310031,0,0,662.1973521,0,0,0,0,782.354301,458.4807276,323.8735734,NA,0.3,5.575,5.875,231.2427252,1693.614508,1924.857233,2017.488082,2707.211534,689.7234528
FrozenFish,1879,A,82,7/23/2022,Frozen Calf,66.82369864,-143.2413749,1912379.581,472590.5778,231,0,0,mesic-subxeric,3,moist,2019,1969,NA,50,NA,45,43,44.3,44.3,MEDIUM,MID,Spruce ,"Spruce was about. 50 years old when burned, can’t tell the species for sure. Look at cones",0.75,7.824921902,1.9,2.100154689,Spruce,1964.5532,982.2766,766.9775479,383.488774,1197.575652,598.787826,99.79289802,49.89644901,99.79289802,49.89644901,0,0,0,0,0,0,0,0,0,0,0,0,0,7.824921902,0,0,0,0,0,0,0,0.75,0,0,0,0,0,0,0,0,1964.5532,0,0,0,0,0,0,0,766.9775479,0,0,0,0,0,0,0,1197.575652,0,0,0,0,1032.173049,598.787826,433.385223,NA,0.5,7.575,8.075,334.3810258,2372.019509,2706.400535,2805.404732,3738.573584,933.1688518
FrozenFish,1879,B,82,7/23/2022,Frozen Calf,66.82369864,-143.2413749,1912379.581,472590.5778,231,0,0,mesic-subxeric,3,moist,2019,1969,NA,50,NA,45,43,44.3,44.3,MEDIUM,MID,Spruce ,"Spruce was about. 50 years old when burned, can’t tell the species for sure. Look at cones",0.55,8.739125364,1.1,0.82545347,Spruce,2277.72565,1138.862825,784.9788543,392.4894272,1492.746796,746.3733978,38.15572014,19.07786007,38.15572014,19.07786007,0,0,0,0,0,0,0,0,0,0,0,0,0,8.739125364,0,0,0,0,0,0,0,0.55,0,0,0,0,0,0,0,0,2277.72565,0,0,0,0,0,0,0,782.6767543,0,0,0,0,0,0,0,1495.048896,0,0,0,0,1157.940685,746.3733978,411.5672873,NA,0.25,5.05,5.3,188.9942435,1518.617787,1707.61203,1930.185074,2865.552715,935.3676413
FrozenFish,1879,C,82,7/23/2022,Frozen Calf,66.82369864,-143.2413749,1912379.581,472590.5778,231,0,0,mesic-subxeric,3,moist,2019,1969,NA,50,NA,45,43,44.3,44.3,MEDIUM,MID,Spruce ,"Spruce was about. 50 years old when burned, can’t tell the species for sure. Look at cones",0.5,4.307908926,0.7,2.393893602,Spruce,1091.4655,545.73275,450.8865307,225.4432653,640.5789693,320.2894847,125.1628831,62.58144153,124.380258,62.19012902,0.782625011,0.391312506,0,0,0,0,0,0,28,112,84,0,0,4.307908926,0,0,0,0,0,0,0,0.5,0,0,0,0,0,0,0,0,1091.4655,0,0,0,0,0,0,0,447.7136807,0,0,0,0,0,0,0,643.7518193,0,0,0,0,720.3141915,348.6807972,371.6333943,NA,0.5,5.875,6.375,334.3810258,1800.741746,2135.122772,2172.375141,2855.436964,683.061823
FrozenFish,2616,A,83,7/23/2022,Frozen Calf,66.87581958,-143.2246886,1918210.259,472382.1372,298,0,0,mesic,4,moist,2019,1969,NA,50,NA,76,64,70,70,LONG,MID,Black spruce,Black spruce bamboo with alder understory some black spruce regen but not many,1.25,8.18502696,0.7,2.626371458,Spruce,1970.5183,985.25915,905.3927995,452.6963997,1065.125501,532.5627503,100.0409455,50.02047275,66.67566309,33.33783154,33.36528241,16.68264121,0,0,0,0,0,0,0,0,0,0,0,8.18502696,0,0,0,0,0,0,0,1.25,0,0,0,0,0,0,0,0,1970.5183,0,0,0,0,0,0,0,867.6399995,0,0,0,0,0,0,0,1102.878301,0,0,0,0,1035.279623,549.2453915,486.0342312,NA,2,8.825,10.825,849.527168,2413.777909,3263.305077,2899.81214,4298.5847,1398.77256
FrozenFish,374,C,78,7/23/2022,Frozen Calf,66.82230033,-143.2420002,1912221.875,472588.3967,232,0,0,mesic-subxeric,3,moist,2019,1969,NA,50,NA,45,39,42.3,42.3,MEDIUM,MID,Black spruce aspen mix,Standing bamboo forest mixed species only aspen regen from suckers. White spruce in area probably mixed in,0.9,8.869894158,1.8,0.904778684,Mixed,2231.892836,1115.946418,612.7541521,306.377076,1619.138684,809.569342,40.72461312,20.36230656,40.72461312,20.36230656,6.39E-15,3.20E-15,0,0,0,0,0,0,0,0,0,1.465945672,0,3.696476456,0,3.70747203,0,0,0,0.25,0,0.5,0,0.15,0,0,0,338.9420071,0,0,933.1078,959.843029,0,0,0,11.549092,0,0,383.715362,217.4896981,0,0,0,327.3929151,0,0,549.392438,742.3533309,0,0,0,1136.308725,809.569342,326.7393826,NA,0.5,6.275,6.775,589.7670885,2495.987677,3085.754766,2822.72706,4222.06349,1399.336431
FrozenFish,953,A,79,7/23/2022,Frozen Calf,66.87765878,-143.2235566,1918419.85,472398.3333,300,0,0,mesic,4,moist,2019,1969,NA,50,NA,74,64,67.3,67.3,LONG,MID,Black spruce aspen mixed,Black spruce aspen bamboo forest tall salix understory spruce seedlings and aspen suckers,1.2,8.02676923,1.3,17.25519765,Spruce,1994.119851,997.0599254,724.97412,362.48706,1269.145731,634.5728654,1063.818963,531.9094816,409.1765669,204.5882834,654.6423963,327.3211982,220.5597032,110.2798516,0,0,220.5597032,110.2798516,0,0,0,2.03575204,0,5.99101719,0,0,0,0,0,0.05,0,1.15,0,0,0,0,0,580.7246008,0,0,1413.39525,0,0,0,0,85.47668916,0,0,626.4430558,0,0,0,0,495.2479116,0,0,786.9521942,0,0,0,0,1639.249259,1072.173915,567.0753434,NA,0.8,9.025,9.825,386.8414337,2478.117479,2864.958913,3045.192823,4504.208172,1459.015349
FrozenFish,953,B,79,7/23/2022,Frozen Calf,66.87765878,-143.2235566,1918419.85,472398.3333,300,0,0,mesic,4,moist,2019,1969,NA,50,NA,74,64,67.3,67.3,LONG,MID,Black spruce aspen mixed,Black spruce aspen bamboo forest tall salix understory spruce seedlings and aspen suckers,1.3,6.237239515,0.8,4.753229685,Spruce,1554.4138,777.2069,697.0424776,348.5212388,857.3713224,428.6856612,255.125062,127.562531,202.08637,101.043185,53.03869191,26.51934595,0,0,0,0,0,0,0,0,0,0,0,6.237239515,0,0,0,0,0,0,0,1.3,0,0,0,0,0,0,0,0,1554.4138,0,0,0,0,0,0,0,671.3974776,0,0,0,0,0,0,0,883.0163224,0,0,0,0,904.769431,455.2050072,449.5644238,NA,3.325,10.1,13.425,1254.061405,2442.33748,3696.398885,2891.901904,4601.168316,1709.266412
FrozenFish,953,C,79,7/23/2022,Frozen Calf,66.87765878,-143.2235566,1918419.85,472398.3333,300,0,0,mesic,4,moist,2019,1969,NA,50,NA,74,64,67.3,67.3,LONG,MID,Black spruce aspen mixed,Black spruce aspen bamboo forest tall salix understory spruce seedlings and aspen suckers,0.5,4.775220833,0.4,8.351138671,Spruce,1207.48675,603.743375,493.1629081,246.5814541,714.3238419,357.1619209,557.990486,278.995243,462.8080045,231.4040022,95.18248154,47.59124077,0,0,0,0,0,0,0,0,0,0,0,4.775220833,0,0,0,0,0,0,0,0.5,0,0,0,0,0,0,0,0,1207.48675,0,0,0,0,0,0,0,479.9248831,0,0,0,0,0,0,0,727.5618669,0,0,0,0,882.738618,404.7531617,477.9854563,NA,4.125,7.825,11.95,1841.758355,2097.279193,3939.037547,2575.264649,4821.776165,2246.511516
Isom,3,A,116,6/18/2023,Isom Creek,65.850034,-149.611875,1772384.33,200608.775,367,16,120,mesic-subhygric,5,wet,2020,NA,NA,100,NA,NA,NA,95,95,LONG,LONG,Mixed white black spruce with birch component ,Mixed low severity to unburned. Subsidence caused tree fall post fire. Below ridge top location. ,0.2,3.196177826,NA,NA,Mixed,776.7789534,388.3894767,92.36810233,46.18405116,684.4108511,342.2054256,0,0,0,0,0,0,0,0,0,0,0,0,0,0,0,0,0,2.139817296,0,1.05636053,0,0,0,0,0,0.1,0,0.1,0,0,0,0,0,0,554.14465,222.6343034,0,0,0,0,0,0,65.32516335,23.57418898,0,0,0,0,0,0,488.8194867,199.0601145,0,0,0,388.3894767,342.2054256,46.18405116,45,4.5,9.7,14.2,1939.573806,3858.339517,5797.913322,3904.523568,6186.302799,2281.779231
Isom,3,B,116,6/18/2023,Isom Creek,65.850034,-149.611875,1772384.33,200608.775,367,16,120,mesic-subhygric,5,wet,2020,NA,NA,100,NA,NA,NA,95,95,LONG,LONG,Mixed white black spruce with birch component ,Mixed low severity to unburned. Subsidence caused tree fall post fire. Below ridge top location. ,0.9,32.74599833,3.8,10.36725576,Spruce,8296.828878,4148.414439,1343.290777,671.6453884,6953.538101,3476.769051,555.2429094,277.6214547,81.40416325,40.70208163,473.8387462,236.9193731,0,0,0,0,0,0,0,0,0,0,0,28.02182837,0,0,4.724169953,0,0,0,0,0.75,0,0,0.15,0,0,0,0,0,7084.51065,0,1212.318228,0,0,0,0,0,1092.147444,0,248.1338827,0,0,0,0,0,5992.363206,0,964.1843454,0,0,4426.035894,3713.688424,712.34747,42,4,12.2,16.2,920.3131499,3115.060583,4035.373733,3827.408053,8461.409626,4634.001574
Isom,3,C,116,6/18/2023,Isom Creek,65.850034,-149.611875,1772384.33,200608.775,367,16,120,mesic-subhygric,5,wet,2020,NA,NA,100,NA,NA,NA,95,95,LONG,LONG,Mixed white black spruce with birch component ,Mixed low severity to unburned. Subsidence caused tree fall post fire. Below ridge top location. ,0.35,0.644811892,4.3,11.73070697,Spruce,192.9771115,96.48855577,55.2406355,27.62031775,137.736476,68.86823802,617.9552357,308.9776178,126.1664002,63.08320008,491.7888355,245.8944177,0,0,0,0,0,0,0,0,0,0,0,0.644419193,0,0,0.000392699,0,0,0,0,0.3,0,0,0.05,0,0,0,0,0,187.12595,0,5.851161536,0,0,0,0,0,50.27861894,0,3.366891562,0,0,0,0,0,136.8473311,0,2.484269974,0,0,405.4661736,314.7626557,90.70351783,21,19,11.95,30.95,4646.355914,2179.349092,6825.705005,2270.05261,7231.171179,4961.118569
Isom,70,A,183,7/24/2023,Isom Creek,65.835099,-149.633125,1770661.384,199747.947,354,1,283,mesic-subhygric,5,wet,2020,NA,NA,100,NA,105,96,101,101,LONG,LONG,"Black spruce, 4-7m tall",Trans bearing 1. Site located several hundred m north from dalton hwy. uniform burn pattern at site. Live black spruce visible at south end of site. Small depressions (<0.5m) present on transect and at site. Blueberries were excellent!  ,1.5,7.143981694,0.2,0.628318531,Spruce,1985.9483,992.97415,638.4612232,319.2306116,1347.487077,673.7435384,32.43107313,16.21553657,26.04744239,13.02372119,6.383630743,3.191815372,0,0,0,0,0,0,20.1,26.8,6.7,0,0,7.143981694,0,0,0,0,0,0,0,1.5,0,0,0,0,0,0,0,0,1985.9483,0,0,0,0,0,0,0,625.0336982,0,0,0,0,0,0,0,1360.914602,0,0,0,0,1035.989687,697.0353538,338.9543328,63,21.75,10.7,32.45,5076.463139,1912.3264,6988.789538,2251.280732,8024.779225,5773.498493
Isom,1,A,114,6/17/2023,Isom Creek,65.84867,-149.618177,1772213.805,200331.1,388,9,352,mesic,4,moist,2020,NA,NA,100,NA,114,109,111.3,111.3,LONG,LONG,Black spruc,Patchy high severity. Sol was duff,0.4,8.629955019,0.8,1.406648111,Spruce,2436.6676,1218.3338,696.1043556,348.0521778,1740.563244,870.2816222,72.09335565,36.04667783,59.5173757,29.75868785,12.57597996,6.287989978,0,0,0,0,0,0,0,0,0,0,0,8.629955019,0,0,0,0,0,0,0,0.4,0,0,0,0,0,0,0,0,2436.6676,0,0,0,0,0,0,0,686.0821556,0,0,0,0,0,0,0,1750.585444,0,0,0,0,1254.380478,876.5696122,377.8108657,30.4,11.5,10.5,22,2749.588847,1864.801256,4614.390103,2242.612122,5868.770581,3626.158459
Isom,1,B,114,6/17/2023,Isom Creek,65.84867,-149.618177,1772213.805,200331.1,388,9,352,mesic,4,moist,2020,NA,NA,100,NA,114,109,111.3,111.3,LONG,LONG,Black spruc,Patchy high severity. Sol was duff,0.75,11.83477223,0.5,1.418429083,Spruce,3156.480613,1578.240306,1001.612344,500.8061719,2154.868269,1077.434135,74.52692849,37.26346425,74.52692849,37.26346425,0,0,0,0,0,0,0,0,0,0,0,0.000392699,0,11.83437953,0,0,0,0,0,0.05,0,0.7,0,0,0,0,0,40.26416296,0,0,3116.21645,0,0,0,0,12.63385707,0,0,960.3270867,0,0,0,0,27.6303059,0,0,2155.889363,0,0,0,0,1615.50377,1077.434135,538.0696362,25,14,10.95,24.95,3487.606912,1961.521831,5449.128743,2499.591467,7064.632513,4565.041047
Isom,1,C,114,6/17/2023,Isom Creek,65.84867,-149.618177,1772213.805,200331.1,388,9,352,mesic,4,moist,2020,NA,NA,100,NA,114,109,111.3,111.3,LONG,LONG,Black spruc,Patchy high severity. Sol was duff,0.55,12.64098344,0.6,2.939745326,Spruce,3265.816437,1632.908218,814.936817,407.4684085,2450.87962,1225.43981,169.3046842,84.65234211,136.6418501,68.32092505,32.66283412,16.33141706,0,0,0,0,0,0,0,0,0,0.30787608,0,12.33310736,0,0,0,0,0,0.05,0,0.5,0,0,0,0,0,68.70303663,0,0,3197.1134,0,0,0,0,14.69662058,0,0,763.9331964,0,0,0,0,54.00641605,0,0,2433.180204,0,0,0,0,1717.56056,1241.771227,475.7893336,22,18,10.45,28.45,4725.53329,1854.106231,6579.639521,2329.895565,8297.200081,5967.304517
Isom,2,A,115,6/18/2023,Isom Creek,65.849355,-149.61353,1772303.914,200538.213,383,11,15,mesic-subhygric,5,wet,2020,NA,NA,100,NA,112,100,106.3,106.3,LONG,LONG,Black spruce and birch,"Mid to low severity burn. Patchy burn at site level, drainages unburned ",0.05,2.837250865,1.8,2.972732048,Spruce,717.44625,358.723125,97.21237334,48.60618667,620.2338767,310.1169383,149.3095438,74.6547719,52.32003684,26.16001842,96.98950697,48.49475348,0,0,0,0,0,0,0,0,0,0,0,2.837250865,0,0,0,0,0,0,0,0.05,0,0,0,0,0,0,0,0,717.44625,0,0,0,0,0,0,0,97.21237334,0,0,0,0,0,0,0,620.2338767,0,0,0,0,433.3778969,358.6116918,74.76620509,28,23.5,8.2,31.7,2150.204608,1384.353481,3534.558089,1459.119686,3967.935986,2508.8163
Isom,2,B,115,6/18/2023,Isom Creek,65.849355,-149.61353,1772303.914,200538.213,383,11,15,mesic-subhygric,5,wet,2020,NA,NA,100,NA,112,100,106.3,106.3,LONG,LONG,Black spruce and birch,"Mid to low severity burn. Patchy burn at site level, drainages unburned ",0.4,11.05997694,NA,NA,Spruce,2828.89475,1414.447375,456.3684042,228.1842021,2372.526346,1186.263173,0,0,0,0,0,0,0,0,0,0,0,0,0,0,0,0,0,10.07822923,0,0,0.981747704,0,0,0,0,0.35,0,0,0.05,0,0,0,0,0,2566.6054,0,262.2893501,0,0,0,0,0,346.4730195,0,98.7484597,0,0,0,0,0,2220.13238,0,163.5408904,0,0,1414.447375,1186.263173,228.1842021,19,18,6.95,24.95,1557.82095,1134.211997,2692.032948,1362.3962,4106.480323,2744.084123
Isom,2,C,115,6/18/2023,Isom Creek,65.849355,-149.61353,1772303.914,200538.213,383,11,15,mesic-subhygric,5,wet,2020,NA,NA,100,NA,112,100,106.3,106.3,LONG,LONG,Black spruce and birch,"Mid to low severity burn. Patchy burn at site level, drainages unburned ",0.85,13.83793024,NA,NA,Spruce,3722.50276,1861.25138,831.4583384,415.7291692,2891.044422,1445.522211,0,0,0,0,0,0,0,0,0,0,0,0,0,0,0,0,0.420580716,11.38159748,0,0,2.03575204,0,0,0,0.25,0.55,0,0,0.05,0,0,0,235.3217675,0,2974.1216,0,513.0593924,0,0,0,19.80520047,0,607.8513123,0,191.0168756,0,0,0,215.5165671,0,2366.270288,0,322.0425168,0,0,1861.25138,1445.522211,415.7291692,25,17.5,14.7,32.2,1505.669698,2797.140674,4302.810372,3212.869843,6164.061752,2951.191909
Isom,70,B,183,7/24/2023,Isom Creek,65.835099,-149.633125,1770661.384,199747.947,354,1,283,mesic-subhygric,5,wet,2020,NA,NA,100,NA,105,96,101,101,LONG,LONG,"Black spruce, 4-7m tall",Trans bearing 1. Site located several hundred m north from dalton hwy. uniform burn pattern at site. Live black spruce visible at south end of site. Small depressions (<0.5m) present on transect and at site. Blueberries were excellent!  ,0.8,7.261006021,1.3,0.653451272,Spruce,1841.5812,920.7906,523.8397646,261.9198823,1317.741435,658.8707177,19.86259889,9.931299447,10.79104518,5.39552259,9.071553714,4.535776857,37.7294168,18.8647084,20.13553057,10.06776529,17.59388623,8.796943114,69,131.3,62.3,0,0,7.261006021,0,0,0,0,0,0,0,0.8,0,0,0,0,0,0,0,0,1841.5812,0,0,0,0,0,0,0,502.1181646,0,0,0,0,0,0,0,1339.463035,0,0,0,0,1080.886608,741.2034377,339.6831702,65,15.375,8.2,23.575,3337.929413,1390.097493,4728.026906,1729.780663,5808.913514,4079.132851
Isom,70,C,183,7/24/2023,Isom Creek,65.835099,-149.633125,1770661.384,199747.947,354,1,283,mesic-subhygric,5,wet,2020,NA,NA,100,NA,105,96,101,101,LONG,LONG,"Black spruce, 4-7m tall",Trans bearing 1. Site located several hundred m north from dalton hwy. uniform burn pattern at site. Live black spruce visible at south end of site. Small depressions (<0.5m) present on transect and at site. Blueberries were excellent!  ,1.6,27.35345454,1.4,1.905375944,Spruce,7018.48985,3509.244925,2538.239319,1269.11966,4480.250531,2240.125265,102.2492116,51.12460582,98.40100726,49.20050363,3.848204383,1.924102191,350.7429645,175.3714823,87.68574113,43.84287056,263.0572234,131.5286117,36.175,79.05,42.875,0,0,27.35345454,0,0,0,0,0,0,0,1.6,0,0,0,0,0,0,0,0,7018.48985,0,0,0,0,0,0,0,2395.936069,0,0,0,0,0,0,0,4622.553781,0,0,0,0,3814.791013,2409.752979,1405.038034,66,19.375,15.7,35.075,4414.312867,3083.615821,7497.928687,4488.653855,11312.7197,6824.065845
Isom,71,A,184,7/24/2023,Isom Creek,65.836261,-149.634115,1770787.478,199694.231,351,1,315,mesic-subhygric,5,wet,2020,NA,NA,100,NA,112,101,106.7,106.7,LONG,LONG,Spruce woodland ,Trans bearing 235. Site located several hundred m north from dalton hwy. patchy burn pattern at site. Live black spruce visible at south end of site. Small depressions (<0.5m) present on transect and at site.,1.55,5.817444196,1.3,0.218340689,Spruce,1485.7437,742.87185,182.850886,91.425443,1302.892814,651.446407,5.120394944,2.560197472,1.890271894,0.945135947,3.23012305,1.615061525,0,0,0,0,0,0,39.1875,52.25,13.0625,0,0,5.817444196,0,0,0,0,0,0,0,1.55,0,0,0,0,0,0,0,0,1485.7437,0,0,0,0,0,0,0,182.151336,0,0,0,0,0,0,0,1303.592364,0,0,0,0,797.6820475,692.2489685,105.4330789,59.5,17.625,7.95,25.575,4499.093677,1335.123763,5834.21744,1440.556842,6631.899487,5191.342645
Isom,71,B,184,7/24/2023,Isom Creek,65.836261,-149.634115,1770787.478,199694.231,351,1,315,mesic-subhygric,5,wet,2020,NA,NA,100,NA,112,101,106.7,106.7,LONG,LONG,Spruce woodland ,Trans bearing 235. Site located several hundred m north from dalton hwy. patchy burn pattern at site. Live black spruce visible at south end of site. Small depressions (<0.5m) present on transect and at site.,1.65,16.47529727,1.5,2.375829444,Spruce,4265.78735,2132.893675,766.5722468,383.2861234,3499.215103,1749.607552,123.5241119,61.76205593,31.57134605,15.78567302,91.9527658,45.9763829,20.09714979,10.04857489,0,0,20.09714979,10.04857489,6.7,13.4,6.7,0,0,16.47529727,0,0,0,0,0,0,0,1.65,0,0,0,0,0,0,0,0,4265.78735,0,0,0,0,0,0,0,766.5722468,0,0,0,0,0,0,0,3499.215103,0,0,0,0,2218.104306,1812.33251,405.7717964,43.5,24.25,8.45,32.7,6616.53058,1454.389493,8070.920073,1860.16129,10289.02438,8428.86309
Isom,71,C,184,7/24/2023,Isom Creek,65.836261,-149.634115,1770787.478,199694.231,351,1,315,mesic-subhygric,5,wet,2020,NA,NA,100,NA,112,101,106.7,106.7,LONG,LONG,Spruce woodland ,Trans bearing 235. Site located several hundred m north from dalton hwy. patchy burn pattern at site. Live black spruce visible at south end of site. Small depressions (<0.5m) present on transect and at site.,1.1,13.5139535,1.2,1.574723318,Spruce,3577.9609,1788.98045,1229.330658,614.6653289,2348.630242,1174.315121,75.68279385,37.84139692,32.00528188,16.00264094,43.67751196,21.83875598,0,0,0,0,0,0,0,0,0,0,0,13.5139535,0,0,0,0,0,0,0,1.1,0,0,0,0,0,0,0,0,3577.9609,0,0,0,0,0,0,0,1196.544308,0,0,0,0,0,0,0,2381.416592,0,0,0,0,1826.821847,1196.153877,630.6679698,66,19.875,7.7,27.575,5202.268685,1285.963411,6488.232096,1916.631381,8315.053943,6398.422562
Isom,72,A,185,7/24/2023,Isom Creek,65.835371,-149.628609,1770705.187,199952.227,352,2,160,mesic-subhygric,5,wet,2020,NA,NA,100,NA,106,84,93.7,93.7,LONG,LONG,Spruce stand with salix alder and betula ,Transect bearing is 68. Site located several hundred m north from dalton hwy. uniform burn pattern at site. Spruce stand is all dead at site with live stand just east of transect. Small depressions (<0.5m) present on transect and at site.,0.5,11.62821251,3.5,3.497378022,Spruce,2993.5593,1496.77965,1103.851122,551.9255612,1889.708178,944.8540888,146.3914527,73.19572635,91.01485304,45.50742652,55.37659967,27.68829983,222.5256641,111.262832,55.63141602,27.81570801,166.8942481,83.44712404,13.0625,52.25,39.1875,0,0,11.62821251,0,0,0,0,0,0,0,0.5,0,0,0,0,0,0,0,0,2993.5593,0,0,0,0,0,0,0,1075.344322,0,0,0,0,0,0,0,1918.214978,0,0,0,0,1733.488208,1069.052013,664.4361957,56,14.75,14.45,29.2,3182.140312,2742.453923,5924.594235,3406.890119,7658.082443,4251.192325
Isom,72,B,185,7/24/2023,Isom Creek,65.835371,-149.628609,1770705.187,199952.227,352,2,160,mesic-subhygric,5,wet,2020,NA,NA,100,NA,106,84,93.7,93.7,LONG,LONG,Spruce stand with salix alder and betula ,Transect bearing is 68. Site located several hundred m north from dalton hwy. uniform burn pattern at site. Spruce stand is all dead at site with live stand just east of transect. Small depressions (<0.5m) present on transect and at site.,0.95,18.28053495,1,0.779900376,Spruce,4691.20325,2345.601625,1791.53216,895.7660799,2899.67109,1449.835545,21.43040165,10.71520083,17.47645753,8.738228765,3.953944124,1.976972062,0,0,0,0,0,0,85.075,117.9,32.825,0,0,18.28053495,0,0,0,0,0,0,0,0.95,0,0,0,0,0,0,0,0,4691.20325,0,0,0,0,0,0,0,1680.72776,0,0,0,0,0,0,0,3010.47549,0,0,0,0,2474.216826,1536.887517,937.3293087,62.5,20.25,15.95,36.2,4667.419289,3167.033867,7834.453156,4104.363176,10308.66998,6204.306806
Isom,72,C,185,7/24/2023,Isom Creek,65.835371,-149.628609,1770705.187,199952.227,352,2,160,mesic-subhygric,5,wet,2020,NA,NA,100,NA,106,84,93.7,93.7,LONG,LONG,Spruce stand with salix alder and betula ,Transect bearing is 68. Site located several hundred m north from dalton hwy. uniform burn pattern at site. Spruce stand is all dead at site with live stand just east of transect. Small depressions (<0.5m) present on transect and at site.,0.55,27.66054522,2.9,1.7105972,Spruce,7007.54045,3503.770225,2319.2055,1159.60275,4688.33495,2344.167475,77.79785062,38.89892531,37.65422878,18.82711439,40.14362184,20.07181092,23.04689606,11.52344803,23.04689606,11.52344803,0,0,72.35,144.7,72.35,0,0,27.66054522,0,0,0,0,0,0,0,0.55,0,0,0,0,0,0,0,0,7007.54045,0,0,0,0,0,0,0,2246.456,0,0,0,0,0,0,0,4761.08445,0,0,0,0,3698.892598,2436.589286,1262.303312,66,18,22.7,40.7,4048.075334,4756.247067,8804.322401,6018.550379,12503.215,6484.66462
KilolitnaTal,50,B,163,7/17/2023,Kilolitna River,65.912567,-151.637261,1774632.889,107823.907,676,7,113,subxeric,2,dry,2018,1990,NA,28,NA,26,19,21.5,21.5,SHORT,SHORT,Alder and willow. ,Trans bearing 196. Site located on E facing ridge about 100 downslope of ridgetop. Very small drainages run downslope through the site bit are less than 30cm in depth. Small hummocks and tussocks. ,0.05,0.000392699,4.4,1.262134849,Decid,15.31933148,7.659665742,0.333869818,0.166934909,14.98546167,7.492730834,44.99255486,22.49627743,7.884331618,3.942165809,37.10822324,18.55411162,0,0,0,0,0,0,0,0,0,0,0.000392699,0,0,0,0,0,0,0,0.05,0,0,0,0,0,0,0,15.31933148,0,0,0,0,0,0,0,0.333869818,0,0,0,0,0,0,0,14.98546167,0,0,0,0,0,0,30.15594317,26.04684245,4.109100718,NA,3,7.150236032,10.15023603,210.0005371,2817.840261,3027.840799,2821.949362,3057.996742,236.0473796
KilolitnaTal,50,C,163,7/17/2023,Kilolitna River,65.912567,-151.637261,1774632.889,107823.907,676,7,113,subxeric,2,dry,2018,1990,NA,28,NA,26,19,21.5,21.5,SHORT,SHORT,Alder and willow. ,Trans bearing 196. Site located on E facing ridge about 100 downslope of ridgetop. Very small drainages run downslope through the site bit are less than 30cm in depth. Small hummocks and tussocks. ,0.05,0.000392699,NA,NA,Decid,0,0,0,0,0,0,0,0,0,0,0,0,0,0,0,0,0,0,0,0,0,NA,NA,NA,NA,NA,NA,NA,NA,NA,NA,NA,NA,NA,NA,NA,NA,0,0,0,0,0,0,0,0,0,0,0,0,0,0,0,0,0,0,0,0,0,0,0,0,0,0,0,NA,4.5,5.650236032,10.15023603,894.5384606,2226.704476,3121.242937,2226.704476,3121.242937,894.5384606
KilolitnaTal,51,A,164,7/17/2023,Kilolitna River,65.911182,-151.636244,1774480.488,107875.784,658,6,128,subxeric,2,dry,2018,1990,NA,28,NA,27,20,23.5,23.5,SHORT,SHORT,Alder and willow,Trans bearing 60. Site 200m downslope from ridgetop. Above tree line. Small hummocks and tussocks at site. Slope gradually increases as one moves downslope. ,0.05,0.000392699,13.5,4.081714255,Open,0,0,0,0,0,0,113.3520605,56.67603023,89.03148786,44.51574393,24.3205726,12.1602863,0,0,0,0,0,0,0,0,0,NA,NA,NA,NA,NA,NA,NA,NA,NA,NA,NA,NA,NA,NA,NA,NA,0,0,0,0,0,0,0,0,0,0,0,0,0,0,0,0,0,0,0,0,0,0,0,0,56.67603023,12.1602863,44.51574393,NA,14.25,0,16.625,5386.526954,0,5386.526954,44.51574393,5443.202984,5398.68724
KilolitnaTal,51,B,164,7/17/2023,Kilolitna River,65.911182,-151.636244,1774480.488,107875.784,658,6,128,subxeric,2,dry,2018,1990,NA,28,NA,27,20,23.5,23.5,SHORT,SHORT,Alder and willow,Trans bearing 60. Site 200m downslope from ridgetop. Above tree line. Small hummocks and tussocks at site. Slope gradually increases as one moves downslope. ,0.05,0.000392699,2.7,0.657378263,Open,0,0,0,0,0,0,17.63821252,8.819106261,11.28952398,5.644761991,6.34868854,3.17434427,0,0,0,0,0,0,0,0,0,NA,NA,NA,NA,NA,NA,NA,NA,NA,NA,NA,NA,NA,NA,NA,NA,0,0,0,0,0,0,0,0,0,0,0,0,0,0,0,0,0,0,0,0,0,0,0,0,8.819106261,3.17434427,5.644761991,NA,15,0,16.75,5670.028372,0,5670.028372,5.644761991,5678.847479,5673.202717
KilolitnaTal,50,A,163,7/17/2023,Kilolitna River,65.912567,-151.637261,1774632.889,107823.907,676,7,113,subxeric,2,dry,2018,1990,NA,28,NA,26,19,21.5,21.5,SHORT,SHORT,Alder and willow. ,Trans bearing 196. Site located on E facing ridge about 100 downslope of ridgetop. Very small drainages run downslope through the site bit are less than 30cm in depth. Small hummocks and tussocks. ,0.05,0.000392699,10.9,20.23107129,Decid,0,0,0,0,0,0,757.3480915,378.6740457,198.3430547,99.17152734,559.0050368,279.5025184,0,0,0,0,0,0,0,0,0,NA,NA,NA,NA,NA,NA,NA,NA,NA,NA,NA,NA,NA,NA,NA,NA,0,0,0,0,0,0,0,0,0,0,0,0,0,0,0,0,0,0,0,0,0,0,0,0,378.6740457,279.5025184,99.17152734,NA,4.25,5.900236032,10.15023603,780.4488067,2325.227107,3105.675914,2424.398634,3484.349959,1059.951325
KilolitnaTal,54,C,167,7/18/2023,Kilolitna River,65.908136,-151.66043,1774102.592,106784.396,587,12,149,subxeric,2,dry,2018,1990,NA,28,NA,120,31,81.3,81.3,LONG,LONG,"Black spruce (?) Rare, birch and alder dominant. ",Trans bearing 85. Located well below shrub line downslope of ridgetop. Live conifers visible distant downslope. Site undulates slightly when traveling perpendicular to slope. Ridgetop not visible. ,0.05,0.000392699,6.4,4.017311606,Spruce,0,0,0,0,0,0,145.7434594,72.87172972,83.74083589,41.87041795,62.00262355,31.00131177,0,0,0,0,0,0,0,0,0,NA,NA,NA,NA,NA,NA,NA,NA,NA,NA,NA,NA,NA,NA,NA,NA,0,0,0,0,0,0,0,0,0,0,0,0,0,0,0,0,0,0,0,0,0,0,0,0,72.87172972,31.00131177,41.87041795,NA,9.5,5.678382849,15.17838285,2948.659543,1163.288635,4111.948178,1205.159053,4184.819908,2979.660855
KilolitnaTal,52,A,165,7/17/2023,Kilolitna River,65.910295,-151.635449,1774383.119,107915.565,650,8,137,subxeric,2,dry,2018,1990,NA,28,NA,56,21,44,44,MEDIUM,MID,Black spruce and willow/B glandulosa,Trans bearing 48. Site located close to tree line. Dead snags are present. Lowest transect on this slope. Live white spruce are 50-100m downslope. Larger (~2m tall) alders are at SW end of site. ,0.05,0.000392699,14.9,11.34586187,Spruce,0,0,0,0,0,0,472.5766795,236.2883397,303.4897617,151.7448809,169.0869177,84.54345886,0,0,0,0,0,0,0,0,0,NA,NA,NA,NA,NA,NA,NA,NA,NA,NA,NA,NA,NA,NA,NA,NA,0,0,0,0,0,0,0,0,0,0,0,0,0,0,0,0,0,0,0,0,0,0,0,0,236.2883397,84.54345886,151.7448809,NA,11.5,2.25885566,14.37942783,3312.081988,354.868803,3666.950791,506.6136839,3903.23913,3396.625447
KilolitnaTal,52,B,165,7/17/2023,Kilolitna River,65.910295,-151.635449,1774383.119,107915.565,650,8,137,subxeric,2,dry,2018,1990,NA,28,NA,56,21,44,44,MEDIUM,MID,Black spruce and willow/B glandulosa,Trans bearing 48. Site located close to tree line. Dead snags are present. Lowest transect on this slope. Live white spruce are 50-100m downslope. Larger (~2m tall) alders are at SW end of site. ,0.4,5.126686512,5.9,2.799159054,Spruce,1407.776523,703.8882613,220.5899032,110.2949516,1187.186619,593.5933097,90.5440526,45.2720263,58.37434156,29.18717078,32.16971105,16.08485552,178.0062629,89.00313147,106.1854946,53.09274729,71.82076837,35.91038418,0,0,0,0,0,0,0,5.126686512,0,0,0,0,0,0,0,0.4,0,0,0,0,0,0,0,1407.776523,0,0,0,0,0,0,0,220.5899032,0,0,0,0,0,0,0,1187.186619,0,0,0,838.1634191,645.5885494,192.5748697,NA,11,0,11,3144.356017,0,3144.356017,192.5748697,3982.519436,3789.944566
KilolitnaTal,52,C,165,7/17/2023,Kilolitna River,65.910295,-151.635449,1774383.119,107915.565,650,8,137,subxeric,2,dry,2018,1990,NA,28,NA,56,21,44,44,MEDIUM,MID,Black spruce and willow/B glandulosa,Trans bearing 48. Site located close to tree line. Dead snags are present. Lowest transect on this slope. Live white spruce are 50-100m downslope. Larger (~2m tall) alders are at SW end of site. ,0.05,0.000392699,10.5,5.38390441,Spruce,0,0,0,0,0,0,221.3087356,110.6543678,115.837255,57.91862749,105.4714806,52.73574029,0,0,0,0,0,0,131.2826862,182.7102482,51.42756205,NA,NA,NA,NA,NA,NA,NA,NA,NA,NA,NA,NA,NA,NA,NA,NA,0,0,0,0,0,0,0,0,0,0,0,0,0,0,0,0,0,0,0,0,0,0,0,0,293.364616,184.0184264,109.3461895,NA,6.5,7.25885566,13.75885566,1699.886685,1596.028878,3295.915563,1705.375068,3589.280179,1883.905111
KilolitnaTal,51,C,164,7/17/2023,Kilolitna River,65.911182,-151.636244,1774480.488,107875.784,658,6,128,subxeric,2,dry,2018,1990,NA,28,NA,27,20,23.5,23.5,SHORT,SHORT,Alder and willow,Trans bearing 60. Site 200m downslope from ridgetop. Above tree line. Small hummocks and tussocks at site. Slope gradually increases as one moves downslope. ,0.05,0.000392699,18.9,10.22352789,Open,0,0,0,0,0,0,396.0010932,198.0005466,225.8197922,112.9098961,170.181301,85.09065049,0,0,0,0,0,0,0,0,0,NA,NA,NA,NA,NA,NA,NA,NA,NA,NA,NA,NA,NA,NA,NA,NA,0,0,0,0,0,0,0,0,0,0,0,0,0,0,0,0,0,0,0,0,0,0,0,0,198.0005466,85.09065049,112.9098961,NA,16.25,0,18.625,6142.530737,0,6142.530737,112.9098961,6340.531283,6227.621387
KilolitnaTal,53,B,166,7/18/2023,Kilolitna River,65.907296,-151.658296,1774012.591,106885.054,570,13,165,subxeric,2,dry,2018,1990,NA,28,NA,163,71,103.7,103.7,LONG,LONG,Possibly uncommon black spruce. Alder and birch dominant. ,"Trans bearing 80. Site located slightly below shrub line, beyond sight of the ridgetop. Live conifers visible distant downslope. Small topographic variation at site with small drainages and ridges flowing downslope. ",0.45,1.277057414,9,6.920143218,Spruce,419.88325,209.941625,121.2267617,60.61338083,298.6564883,149.3282442,277.0000853,138.5000427,141.5222214,70.76111072,135.4778639,67.73893195,0,0,0,0,0,0,0,0,0,0,0,1.277057414,0,0,0,0,0,0,0,0.45,0,0,0,0,0,0,0,0,419.88325,0,0,0,0,0,0,0,121.2267617,0,0,0,0,0,0,0,298.6564883,0,0,0,0,348.4416677,217.0671762,131.3744916,NA,8.5,3.714047302,12.2140473,2644.899166,673.3110602,3318.210226,804.6855517,3666.651894,2861.966342
KilolitnaTal,53,C,166,7/18/2023,Kilolitna River,65.907296,-151.658296,1774012.591,106885.054,570,13,165,subxeric,2,dry,2018,1990,NA,28,NA,163,71,103.7,103.7,LONG,LONG,Possibly uncommon black spruce. Alder and birch dominant. ,"Trans bearing 80. Site located slightly below shrub line, beyond sight of the ridgetop. Live conifers visible distant downslope. Small topographic variation at site with small drainages and ridges flowing downslope. ",0.25,0.498335135,4.6,3.580630227,Decid,121.7871546,60.8935773,4.090515942,2.045257971,117.6966387,58.84831933,136.8177427,68.40887136,29.14104805,14.57052403,107.6766947,53.83834733,0,0,0,0,0,0,0,0,0,0,0.498335135,0,0,0,0,0,0,0,0.25,0,0,0,0,0,0,0,121.7871546,0,0,0,0,0,0,0,4.090515942,0,0,0,0,0,0,0,117.6966387,0,0,0,0,0,0,129.3024487,112.6866667,16.615782,NA,12,3.756554288,15.75655429,4317.228078,1480.422446,5797.650524,1497.038228,5926.952973,4429.914745
KilolitnaTal,54,A,167,7/18/2023,Kilolitna River,65.908136,-151.66043,1774102.592,106784.396,587,12,149,subxeric,2,dry,2018,1990,NA,28,NA,120,31,81.3,81.3,LONG,LONG,"Black spruce (?) Rare, birch and alder dominant. ",Trans bearing 85. Located well below shrub line downslope of ridgetop. Live conifers visible distant downslope. Site undulates slightly when traveling perpendicular to slope. Ridgetop not visible. ,0.05,0.000392699,5.9,5.718484028,Spruce,0,0,0,0,0,0,401.534899,200.7674495,118.935554,59.467777,282.599345,141.2996725,0,0,0,0,0,0,0,0,0,NA,NA,NA,NA,NA,NA,NA,NA,NA,NA,NA,NA,NA,NA,NA,NA,0,0,0,0,0,0,0,0,0,0,0,0,0,0,0,0,0,0,0,0,0,0,0,0,200.7674495,141.2996725,59.467777,NA,12,3.178382849,15.58919142,3874.692395,550.9296043,4425.621999,610.3973813,4626.389449,4015.992067
KilolitnaTal,53,A,166,7/18/2023,Kilolitna River,65.907296,-151.658296,1774012.591,106885.054,570,13,165,subxeric,2,dry,2018,1990,NA,28,NA,163,71,103.7,103.7,LONG,LONG,Possibly uncommon black spruce. Alder and birch dominant. ,"Trans bearing 80. Site located slightly below shrub line, beyond sight of the ridgetop. Live conifers visible distant downslope. Small topographic variation at site with small drainages and ridges flowing downslope. ",0.05,0.000392699,6.7,17.62747638,Spruce,0,0,0,0,0,0,2390.815042,1195.407521,543.714337,271.8571685,1847.100705,923.5503524,0,0,0,0,0,0,0,0,0,NA,NA,NA,NA,NA,NA,NA,NA,NA,NA,NA,NA,NA,NA,NA,NA,0,0,0,0,0,0,0,0,0,0,0,0,0,0,0,0,0,0,0,0,0,0,0,0,1195.407521,923.5503524,271.8571685,NA,13,2.756554288,16.87827714,4346.44158,458.6154608,4805.057041,730.4726293,6000.464562,5269.991932
KilolitnaTal,54,B,167,7/18/2023,Kilolitna River,65.908136,-151.66043,1774102.592,106784.396,587,12,149,subxeric,2,dry,2018,1990,NA,28,NA,120,31,81.3,81.3,LONG,LONG,"Black spruce (?) Rare, birch and alder dominant. ",Trans bearing 85. Located well below shrub line downslope of ridgetop. Live conifers visible distant downslope. Site undulates slightly when traveling perpendicular to slope. Ridgetop not visible. ,0.3,4.406476396,1.7,6.701802528,Spruce,1391.61455,695.807275,512.430595,256.2152975,879.183955,439.5919775,558.6186264,279.3093132,86.63198818,43.31599409,471.9866382,235.9933191,0,0,0,0,0,0,0,0,0,0,0,4.406476396,0,0,0,0,0,0,0,0.3,0,0,0,0,0,0,0,0,1391.61455,0,0,0,0,0,0,0,512.430595,0,0,0,0,0,0,0,879.183955,0,0,0,0,975.1165882,675.5852966,299.5312916,NA,12.5,0.227642156,13.36382108,4064.093254,18.46860763,4082.561862,317.9998992,5057.67845,4739.678551
KilolitnaTalHolanada,59,C,172,7/19/2023,Kilolitna River,65.937141,-151.658569,1777331.749,106755.511,405,11,92,mesic,4,moist,2018,1990,1969,28,21,210,76,162.7,162.7,TRIPLE,LONG,Black spruce,Trans bearing 193. Site located at the bottom of the slope in a drainage. Creek with running water 30m from transect. Live trees present in creek. Slope gets much steeper above with a substantial birch component there. Variable burn pattern here with large sphagnum mounds unburned.,0.95,5.023406653,0.2,0.039269908,Spruce,1443.21165,721.605825,471.2388996,235.6194498,971.9727504,485.9863752,0.916579344,0.458289672,0.576279213,0.288139607,0.34030013,0.170150065,4.125131366,2.062565683,1.031282841,0.515641421,3.093848524,1.546924262,0,0,0,0,0,5.023406653,0,0,0,0,0,0,0,0.95,0,0,0,0,0,0,0,0,1443.21165,0,0,0,0,0,0,0,444.3475246,0,0,0,0,0,0,0,998.8641254,0,0,0,0,724.1266804,487.7034495,236.4232308,26.5,23.875,46.95,70.825,5616.865027,11336.62064,16953.48567,11573.04388,17677.61235,6104.568477
KilolitnaTalHolanada,55,B,168,7/18/2023,Kilolitna River,65.929828,-151.655024,1776524.063,106945.808,531,9,351,subxeric,2,dry,2018,1990,1969,28,21,58,39,46.5,46.5,TRIPLE,TRIPLE-MID,Alder,Trans bearing 260. Site located well below bald ridgetopn (mid slope). Slope increases as it rolls off below site. Rock and mineral soil visible. Evidence of water erosion present. No live or dead plants >2m tall visible at site. ,0.05,0.000392699,3.9,2.137068403,Open,0,0,0,0,0,0,52.81928228,26.40964114,33.72836499,16.86418249,19.09091729,9.545458647,0,0,0,0,0,0,0,0,0,NA,NA,NA,NA,NA,NA,NA,NA,NA,NA,NA,NA,NA,NA,NA,NA,0,0,0,0,0,0,0,0,0,0,0,0,0,0,0,0,0,0,0,0,0,0,0,0,26.40964114,9.545458647,16.86418249,NA,5,4.987560548,9.987560548,1890.009457,1055.714196,2945.723653,1072.578378,2972.133294,1899.554916
KilolitnaTalHolanada,55,C,168,7/18/2023,Kilolitna River,65.929828,-151.655024,1776524.063,106945.808,531,9,351,subxeric,2,dry,2018,1990,1969,28,21,58,39,46.5,46.5,TRIPLE,TRIPLE-MID,Alder,Trans bearing 260. Site located well below bald ridgetopn (mid slope). Slope increases as it rolls off below site. Rock and mineral soil visible. Evidence of water erosion present. No live or dead plants >2m tall visible at site. ,0.05,0.000392699,2.7,0.638528707,Open,0,0,0,0,0,0,16.8679396,8.433969802,13.79003864,6.895019322,3.07790096,1.53895048,0,0,0,0,0,0,0,0,0,NA,NA,NA,NA,NA,NA,NA,NA,NA,NA,NA,NA,NA,NA,NA,NA,0,0,0,0,0,0,0,0,0,0,0,0,0,0,0,0,0,0,0,0,0,0,0,0,8.433969802,1.53895048,6.895019322,56,13.5,0,14.75,5103.025535,0,5103.025535,6.895019322,5111.459505,5104.564486
KilolitnaTalHolanada,59,B,172,7/19/2023,Kilolitna River,65.937141,-151.658569,1777331.749,106755.511,405,11,92,mesic,4,moist,2018,1990,1969,28,21,210,76,162.7,162.7,TRIPLE,LONG,Black spruce,Trans bearing 193. Site located at the bottom of the slope in a drainage. Creek with running water 30m from transect. Live trees present in creek. Slope gets much steeper above with a substantial birch component there. Variable burn pattern here with large sphagnum mounds unburned.,1.6,6.997112238,0.1,0.007068583,Spruce,1884.0795,942.03975,702.2569359,351.1284679,1181.822564,590.9112821,0.130172773,0.065086387,0.026084546,0.013042273,0.104088228,0.052044114,0,0,0,0,0,0,251.2980163,335.0640217,83.76600542,0,0,6.997112238,0,0,0,0,0,0,0,1.6,0,0,0,0,0,0,0,0,1884.0795,0,0,0,0,0,0,0,644.1507609,0,0,0,0,0,0,0,1239.928739,0,0,0,0,1277.168858,842.2613425,434.9075156,41,26.75,39.2,65.95,6444.366856,9378.191736,15822.55859,9813.099252,17099.72745,7286.628199
KilolitnaTalHolanada,55,A,168,7/18/2023,Kilolitna River,65.929828,-151.655024,1776524.063,106945.808,531,9,351,subxeric,2,dry,2018,1990,1969,28,21,58,39,46.5,46.5,TRIPLE,TRIPLE-MID,Alder,Trans bearing 260. Site located well below bald ridgetopn (mid slope). Slope increases as it rolls off below site. Rock and mineral soil visible. Evidence of water erosion present. No live or dead plants >2m tall visible at site. ,0.05,0.000392699,2.9,6.148096823,Open,0,0,0,0,0,0,479.0514832,239.5257416,64.76116879,32.38058439,414.2903144,207.1451572,0,0,0,0,0,0,0,0,0,NA,NA,NA,NA,NA,NA,NA,NA,NA,NA,NA,NA,NA,NA,NA,NA,0,0,0,0,0,0,0,0,0,0,0,0,0,0,0,0,0,0,0,0,0,0,0,0,239.5257416,207.1451572,32.38058439,NA,12.625,25.45,38.075,4772.27388,5386.98749,10159.26137,5419.368074,10398.78711,4979.419037
KilolitnaTalHolanada,56,C,169,7/18/2023,Kilolitna River,65.929061,-151.649666,1776447.391,107193.086,517,7,55,mesic-subxeric,3,moist,2018,1990,1969,28,21,28,25,26.3,26.3,TRIPLE,TRIPLE-SHORT,"On a landscape level site is located at tree line, but locally dominated by burnt shrubs (Alnus and Betula). ",Trans bearing 325. Site located well below bald ridgetopn (mid slope). Slope increases as it rolls off below site. Rock and mineral soil visible. Evidence of water erosion present. No live or dead plants >2m tall visible at site. ,0.05,0.000392699,5.7,1.653263134,Open,0,0,0,0,0,0,27.31552056,13.65776028,27.31552056,13.65776028,0,0,0,0,0,0,0,0,0,0,0,NA,NA,NA,NA,NA,NA,NA,NA,NA,NA,NA,NA,NA,NA,NA,NA,0,0,0,0,0,0,0,0,0,0,0,0,0,0,0,0,0,0,0,0,0,0,0,0,13.65776028,0,13.65776028,NA,6.25,1.853095982,8.103095982,2362.511822,392.2438064,2754.755628,405.9015667,2768.413389,2362.511822
KilolitnaTalHolanada,57,A,170,7/19/2023,Kilolitna River,65.937863,-151.659663,1777410.294,106702.821,446,20,110,mesic-subxeric,3,moist,2018,1990,1969,28,21,77,52,62.3,62.3,TRIPLE,TRIPLE-MID,"Mixed spruce, aspen, and birch woodland. ","Transect bearing is 10. Site is on a SE facing slope in tree line. Stand is mostly made up of birch and white spruce, with equal amount of live trees and dead standing (9-11 m). ",0.55,9.787239213,NA,NA,Decid,4280.076925,2140.038462,240.1838532,120.0919266,4039.893071,2019.946536,0,0,0,0,0,0,0,0,0,0,0,0,0,0,0,0,9.787239213,0,0,0,0,0,0,0,0.55,0,0,0,0,0,0,0,4280.076925,0,0,0,0,0,0,0,240.1838532,0,0,0,0,0,0,0,4039.893071,0,0,0,0,0,0,2140.038462,2019.946536,120.0919266,NA,10.25,13.575,23.825,2746.924762,5349.778857,8096.703619,5469.870784,10236.74208,4766.871298
KilolitnaTalHolanada,56,A,169,7/18/2023,Kilolitna River,65.929061,-151.649666,1776447.391,107193.086,517,7,55,mesic-subxeric,3,moist,2018,1990,1969,28,21,28,25,26.3,26.3,TRIPLE,TRIPLE-SHORT,"On a landscape level site is located at tree line, but locally dominated by burnt shrubs (Alnus and Betula). ",Trans bearing 325. Site located well below bald ridgetopn (mid slope). Slope increases as it rolls off below site. Rock and mineral soil visible. Evidence of water erosion present. No live or dead plants >2m tall visible at site. ,0.05,0.000392699,13,7.564169712,Open,0,0,0,0,0,0,288.5834858,144.2917429,146.1405151,73.07025757,142.4429706,71.22148532,0,0,0,0,0,0,0,0,0,NA,NA,NA,NA,NA,NA,NA,NA,NA,NA,NA,NA,NA,NA,NA,NA,0,0,0,0,0,0,0,0,0,0,0,0,0,0,0,0,0,0,0,0,0,0,0,0,144.2917429,71.22148532,73.07025757,72,7.5,0.603095982,9.551547991,2835.014186,127.6569945,2962.671181,200.7272521,3106.962924,2906.235672
KilolitnaTalHolanada,56,B,169,7/18/2023,Kilolitna River,65.929061,-151.649666,1776447.391,107193.086,517,7,55,mesic-subxeric,3,moist,2018,1990,1969,28,21,28,25,26.3,26.3,TRIPLE,TRIPLE-SHORT,"On a landscape level site is located at tree line, but locally dominated by burnt shrubs (Alnus and Betula). ",Trans bearing 325. Site located well below bald ridgetopn (mid slope). Slope increases as it rolls off below site. Rock and mineral soil visible. Evidence of water erosion present. No live or dead plants >2m tall visible at site. ,0.05,0.000392699,7.7,3.560209875,Open,0,0,0,0,0,0,136.166999,68.08349951,121.974227,60.98711349,14.19277203,7.096386013,0,0,0,0,0,0,0,0,0,NA,NA,NA,NA,NA,NA,NA,NA,NA,NA,NA,NA,NA,NA,NA,NA,0,0,0,0,0,0,0,0,0,0,0,0,0,0,0,0,0,0,0,0,0,0,0,0,68.08349951,7.096386013,60.98711349,NA,15,0,15.5,5670.028372,0,5670.028372,60.98711349,5738.111872,5677.124759
KilolitnaTalHolanada,58,A,171,7/19/2023,Kilolitna River,65.937208,-151.659717,1777337.356,106702.928,425,13,125,subxeric,2,dry,2018,1990,1969,28,21,171,96,123,123,TRIPLE,LONG,Mixed spruce and Birch woodland. ,Transect bearing is 205. Site is located on side of steep S facing slope with exposed rock and signs of erosion is evident.  Stand consists of dead and standing mixed spruce and birch 9-11 m tall. Birch is  resprouting in the understory. ,0.55,12.03465606,NA,NA,Decid,4485.962922,2242.981461,154.2429909,77.12149546,4331.719931,2165.859966,0,0,0,0,0,0,0,0,0,0,0,0,83.59067616,334.3627046,250.7720285,0,11.23944042,0.79521564,0,0,0,0,0,0,0.5,0.05,0,0,0,0,0,0,4277.336672,0,208.62625,0,0,0,0,0,113.261382,0,40.98160889,0,0,0,0,0,4164.07529,0,167.6446411,0,0,0,0,2577.344166,2249.450642,327.8935239,NA,3,24.00202108,27.00202108,1812.402504,9458.969054,11271.37156,9786.862577,13848.71572,4061.853146
KilolitnaTalHolanada,58,B,171,7/19/2023,Kilolitna River,65.937208,-151.659717,1777337.356,106702.928,425,13,125,subxeric,2,dry,2018,1990,1969,28,21,171,96,123,123,TRIPLE,LONG,Mixed spruce and Birch woodland. ,Transect bearing is 205. Site is located on side of steep S facing slope with exposed rock and signs of erosion is evident.  Stand consists of dead and standing mixed spruce and birch 9-11 m tall. Birch is  resprouting in the understory. ,0.6,24.1195776,NA,NA,Mixed,13483.58754,6741.793771,2632.393946,1316.196973,10851.1936,5425.596798,0,0,0,0,0,0,0,0,0,0,0,0,26.8,40.2,13.4,0,4.92640998,17.16919655,0,0,2.023971067,0,0,0,0.1,0.35,0,0,0.15,0,0,0,8501.59362,0,4388.402,0,593.5919225,0,0,0,1517.883781,0,895.0727271,0,219.4374379,0,0,0,6983.709839,0,3493.329273,0,374.1544847,0,0,6781.993771,5452.396798,1329.596973,NA,5.375,16.95,22.325,1788.051055,6742.14998,8530.201035,8071.746953,15312.19481,7240.447853
KilolitnaTalHolanada,57,B,170,7/19/2023,Kilolitna River,65.937863,-151.659663,1777410.294,106702.821,446,20,110,mesic-subxeric,3,moist,2018,1990,1969,28,21,77,52,62.3,62.3,TRIPLE,TRIPLE-MID,"Mixed spruce, aspen, and birch woodland. ","Transect bearing is 10. Site is on a SE facing slope in tree line. Stand is mostly made up of birch and white spruce, with equal amount of live trees and dead standing (9-11 m). ",0.45,15.41226086,NA,NA,Decid,6036.626096,3018.313048,405.7614312,202.8807156,5630.864665,2815.432332,0,0,0,0,0,0,5418.741653,2709.370826,5418.741653,2709.370826,0,0,10.16405641,20.32811281,10.16405641,0,15.25518123,0.157079633,0,0,0,0,0,0,0.4,0.05,0,0,0,0,0,0,6012.786096,0,23.84,0,0,0,0,0,399.5668969,0,6.194534315,0,0,0,0,0,5613.219199,0,17.64546569,0,0,0,0,5748.011987,2825.596388,2922.415598,NA,14.625,15.95,30.575,3310.860607,6285.743851,9596.604457,9208.159449,15344.61644,6136.456995
KilolitnaTalHolanada,57,C,170,7/19/2023,Kilolitna River,65.937863,-151.659663,1777410.294,106702.821,446,20,110,mesic-subxeric,3,moist,2018,1990,1969,28,21,77,52,62.3,62.3,TRIPLE,TRIPLE-MID,"Mixed spruce, aspen, and birch woodland. ","Transect bearing is 10. Site is on a SE facing slope in tree line. Stand is mostly made up of birch and white spruce, with equal amount of live trees and dead standing (9-11 m). ",0.3,18.91081698,NA,NA,Spruce,6720.409198,3360.204599,1015.210972,507.6054859,5705.198226,2852.599113,0,0,0,0,0,0,0,0,0,0,0,0,544.8787912,1132.203697,587.3249063,0,0.245436926,0,0,18.66538005,0,0,0,0,0.05,0,0,0.25,0,0,0,0,66.92261082,0,0,6653.486587,0,0,0,0,2.791273207,0,0,1012.419699,0,0,0,0,64.13133761,0,0,5641.066889,0,0,0,4492.408296,3397.477904,1094.930392,NA,12.5,14.2,26.7,3124.061229,2716.588413,5840.649642,3811.518805,10333.05794,6521.539133
KilolitnaTalHolanada,58,C,171,7/19/2023,Kilolitna River,65.937208,-151.659717,1777337.356,106702.928,425,13,125,subxeric,2,dry,2018,1990,1969,28,21,171,96,123,123,TRIPLE,LONG,Mixed spruce and Birch woodland. ,Transect bearing is 205. Site is located on side of steep S facing slope with exposed rock and signs of erosion is evident.  Stand consists of dead and standing mixed spruce and birch 9-11 m tall. Birch is  resprouting in the understory. ,2.1,5.484042676,NA,NA,Decid,2785.533928,1392.766964,374.8733181,187.4366591,2410.66061,1205.330305,0,0,0,0,0,0,169.0379533,84.51897667,0,0,169.0379533,84.51897667,518.4034956,1034.64594,516.2424444,0,5.482864579,0.000785398,0,0,0.000392699,0,0,0,1.95,0.1,0,0,0.05,0,0,0,2754.67203,0,25.9281,0,4.933798509,0,0,0,366.4694716,0,5.413790648,0,2.99005586,0,0,0,2388.202558,0,20.51430935,0,1.943742649,0,0,2511.931881,1808.252777,703.6791035,NA,8.5,28.2,36.7,2521.350424,11113.35276,13634.70319,11817.03187,16146.63507,4329.603201
KilolitnaTalHolanada,59,A,172,7/19/2023,Kilolitna River,65.937141,-151.658569,1777331.749,106755.511,405,11,92,mesic,4,moist,2018,1990,1969,28,21,210,76,162.7,162.7,TRIPLE,LONG,Black spruce,Trans bearing 193. Site located at the bottom of the slope in a drainage. Creek with running water 30m from transect. Live trees present in creek. Slope gets much steeper above with a substantial birch component there. Variable burn pattern here with large sphagnum mounds unburned.,2.6,4.794070389,NA,NA,Spruce,1283.83145,641.915725,310.9404931,155.4702465,972.8909569,486.4454785,0,0,0,0,0,0,0,0,0,0,0,0,84,112,28,0,0,4.794070389,0,0,0,0,0,0,0,2.6,0,0,0,0,0,0,0,0,1283.83145,0,0,0,0,0,0,0,310.9404931,0,0,0,0,0,0,0,972.8909569,0,0,0,0,753.915725,570.4454785,183.4702465,33,32.75,45.7,78.45,8230.196455,11051.1003,19281.29676,11234.57055,20035.21248,8800.641934
LittleYunBear,1037,A,76,7/22/2022,Bearnose Hill,66.54855031,-143.4504557,1880723.347,468319.8448,322,0,0,subxeric,2,dry,2019,1996,1946,23,50,163,15,52.8,52.8,TRIPLE,TRIPLE-SHORT,Black spruce ,Site is between unburned in 96 bs regen not much sol,0.05,0.000392699,1.7,15.51004293,Mixed,0,0,0,0,0,0,1062.430118,531.215059,1062.430118,531.215059,0,0,0,0,0,0,0,0,72.82420572,291.2968229,218.4726172,0,0,0,0,0,0,0,0.000392699,0,0,0,0,0,0,0,0.05,0,0,0,0,0,0,0,0,0,0,0,0,0,0,0,0,0,0,0,0,0,0,0,0,822.5118819,72.82420572,749.6876762,NA,2.125,19.92247901,22.04747901,574.1644724,7924.503919,8498.668392,8674.191595,9321.180274,646.9886781
LittleYunBear,1037,B,76,7/22/2022,Bearnose Hill,66.54855031,-143.4504557,1880723.347,468319.8448,322,0,0,subxeric,2,dry,2019,1996,1946,23,50,163,15,52.8,52.8,TRIPLE,TRIPLE-SHORT,Black spruce ,Site is between unburned in 96 bs regen not much sol,0.15,0.446891555,NA,NA,Mixed,86.43356038,43.21678019,13.7812547,6.890627351,72.65230568,36.32615284,0,0,0,0,0,0,0,0,0,0,0,0,67.17232708,268.6893083,201.5169812,0,0.173180295,0.27371126,0,0,0,0,0,0,0.05,0.1,0,0,0,0,0,0,44.89236038,0,41.5412,0,0,0,0,0,0.628493045,0,13.15276166,0,0,0,0,0,44.26386733,0,28.38843834,0,0,0,0,311.9060885,103.4984799,208.4076086,NA,0.5,21.54747901,22.04747901,264.1503937,8570.87523,8835.025624,8779.282839,9146.931712,367.6488736
LittleYunBear,410,B,73,7/22/2022,Bearnose Hill,66.55069079,-143.4556596,1880921.547,468053.1653,322,0,0,mesic-subxeric,3,moist,2019,1996,1946,23,50,22,22,22,22,TRIPLE,TRIPLE-SHORT,Birch,Pure birch with alder understory regen aspen and birch,0.25,2.88633825,NA,NA,Decid,911.3044304,455.6522152,12.75826203,6.379131013,898.5461684,449.2730842,0,0,0,0,0,0,1051.804832,525.9024159,0,0,1051.804832,525.9024159,215.6975337,375.3950675,159.6975337,0,2.88633825,0,0,0,0,0,0,0,0.25,0,0,0,0,0,0,0,911.3044304,0,0,0,0,0,0,0,12.75826203,0,0,0,0,0,0,0,898.5461684,0,0,0,0,0,0,1356.949699,1190.873034,166.0766647,NA,0,7.535143893,7.535143893,0,2969.528802,2969.528802,3135.605467,4326.478501,1190.873034
LittleYunBear,410,C,73,7/22/2022,Bearnose Hill,66.55069079,-143.4556596,1880921.547,468053.1653,322,0,0,mesic-subxeric,3,moist,2019,1996,1946,23,50,22,22,22,22,TRIPLE,TRIPLE-SHORT,Birch,Pure birch with alder understory regen aspen and birch,0.15,2.777560605,NA,NA,Decid,941.7023698,470.8511849,15.22842341,7.614211706,926.4739464,463.2369732,0,0,0,0,0,0,493.0355188,246.5177594,0,0,493.0355188,246.5177594,400.15858,662.653728,262.495148,0,2.777560605,0,0,0,0,0,0,0,0.15,0,0,0,0,0,0,0,941.7023698,0,0,0,0,0,0,0,15.22842341,0,0,0,0,0,0,0,926.4739464,0,0,0,0,0,0,1380.022672,1109.913313,270.1093597,NA,1.75,5.845049852,7.595049852,970.9772941,2303.478756,3274.45605,2573.588116,4654.478723,2080.890607
LittleYunBear,501,A,74,7/22/2022,Bearnose Hill,66.58267898,-143.5568665,1883722.617,463041.2655,231,0,0,subhygric,6,wet,2019,1996,1946,23,50,92,20,44.3,44.3,TRIPLE,TRIPLE-SHORT,Black spruce ,Super wet dense organic no regen will go to shrub legacy carbon present,0.35,0.002748894,3.2,0.934623814,Spruce,42.7086,21.3543,9.394010098,4.697005049,33.3145899,16.65729495,41.86791651,20.93395825,19.17566651,9.587833254,22.69225,11.346125,0,0,0,0,0,0,195.1197941,484.1597254,289.0399314,0,0,0.002748894,0,0,0,0,0,0,0,0.35,0,0,0,0,0,0,0,0,42.7086,0,0,0,0,0,0,0,9.394010098,0,0,0,0,0,0,0,33.3145899,0,0,0,0,526.4479837,223.123214,303.3247697,NA,10.625,6.225,16.85,7017.366991,1162.514848,8179.881839,1465.839618,8706.329823,7240.490205
LittleYunBear,501,B,74,7/22/2022,Bearnose Hill,66.58267898,-143.5568665,1883722.617,463041.2655,231,0,0,subhygric,6,wet,2019,1996,1946,23,50,92,20,44.3,44.3,TRIPLE,TRIPLE-SHORT,Black spruce ,Super wet dense organic no regen will go to shrub legacy carbon present,0.45,0.003534292,2,1.846471082,Spruce,96.9408,48.4704,17.76224325,8.881121627,79.17855675,39.58927837,98.71076726,49.35538363,59.357875,29.6789375,39.35289226,19.67644613,0,0,0,0,0,0,28,112,84,0,0,0.003534292,0,0,0,0,0,0,0,0.45,0,0,0,0,0,0,0,0,96.9408,0,0,0,0,0,0,0,17.76224325,0,0,0,0,0,0,0,79.17855675,0,0,0,0,209.8257836,87.2657245,122.5600591,NA,9.775,7.975,17.75,7080.311026,1820.223612,8900.534638,1942.783671,9110.360422,7167.576751
LittleYunBear,501,C,74,7/22/2022,Bearnose Hill,66.58267898,-143.5568665,1883722.617,463041.2655,231,0,0,subhygric,6,wet,2019,1996,1946,23,50,92,20,44.3,44.3,TRIPLE,TRIPLE-SHORT,Black spruce ,Super wet dense organic no regen will go to shrub legacy carbon present,0.8,0.006283185,2.1,0.716283125,Spruce,142.7085,71.35425,48.05002338,24.02501169,94.65847662,47.32923831,31.59365054,15.79682527,30.15340167,15.07670084,1.440248868,0.720124434,23.41910723,11.70955361,0,0,23.41910723,11.70955361,39.1875,52.25,13.0625,0,0,0.006283185,0,0,0,0,0,0,0,0.8,0,0,0,0,0,0,0,0,142.7085,0,0,0,0,0,0,0,48.05002338,0,0,0,0,0,0,0,94.65847662,0,0,0,0,151.1106289,98.94641635,52.16421253,NA,10.55,7.7,18.25,6958.624924,1560.744537,8519.369461,1612.908749,8670.48009,7057.57134
LittleYunBear,1037,C,76,7/22/2022,Bearnose Hill,66.54855031,-143.4504557,1880723.347,468319.8448,322,0,0,subxeric,2,dry,2019,1996,1946,23,50,163,15,52.8,52.8,TRIPLE,TRIPLE-SHORT,Black spruce ,Site is between unburned in 96 bs regen not much sol,0.1,0.331830724,0.3,4.851404455,Mixed,71.45441063,35.72720532,9.197386602,4.598693301,62.25702403,31.12851201,315.5010692,157.7505346,76.34556662,38.17278331,239.1555026,119.5777513,0,0,0,0,0,0,28,112,84,0,0.190066356,0.141764368,0,0,0,0,0,0,0.05,0.05,0,0,0,0,0,0,49.93881063,0,21.5156,0,0,0,0,0,2.605854072,0,6.59153253,0,0,0,0,0,47.33295656,0,14.92406747,0,0,0,0,305.4777399,178.7062633,126.7714766,NA,0,22.04747901,22.04747901,0,8769.75871,8769.75871,8896.530187,9075.23645,178.7062633
LittleYunBear,2101,A,77,7/22/2022,Bearnose Hill,66.5839084,-143.5522668,1883889.626,463222.1239,228,0,0,subhygric,6,wet,2019,1996,1946,23,50,166,66,125.2,125.2,TRIPLE,TRIPLE-SHORT,Black spruce ,Super wet black spruce regen maybe didn’t burn in 1996 took 2 size class tree cookies big and small,0.5,1.209120473,NA,NA,Spruce,183.5084,91.7542,145.6146835,72.80734176,37.89371648,18.94685824,0,0,0,0,0,0,355.4024192,177.7012096,0,0,355.4024192,177.7012096,0,0,0,0,0,1.209120473,0,0,0,0,0,0,0,0.5,0,0,0,0,0,0,0,0,183.5084,0,0,0,0,0,0,0,145.6146835,0,0,0,0,0,0,0,37.89371648,0,0,0,0,269.4554096,196.6480678,72.80734176,NA,10,11.45,21.45,4936.885226,2090.747077,7027.632303,2163.554419,7297.087713,5133.533293
LittleYunBear,2101,B,77,7/22/2022,Bearnose Hill,66.5839084,-143.5522668,1883889.626,463222.1239,228,0,0,subhygric,6,wet,2019,1996,1946,23,50,166,66,125.2,125.2,TRIPLE,TRIPLE-SHORT,Black spruce ,Super wet black spruce regen maybe didn’t burn in 1996 took 2 size class tree cookies big and small,0.8,2.067167966,NA,NA,Spruce,444.3189,222.15945,231.2279755,115.6139878,213.0909245,106.5454622,0,0,0,0,0,0,140.8636295,70.43181477,0,0,140.8636295,70.43181477,0,0,0,0,0,2.067167966,0,0,0,0,0,0,0,0.8,0,0,0,0,0,0,0,0,444.3189,0,0,0,0,0,0,0,229.8129505,0,0,0,0,0,0,0,214.5059495,0,0,0,0,292.5912648,176.977277,115.6139878,NA,7.15,10.075,17.225,4188.935584,2445.603846,6634.539429,2561.217834,6927.130694,4365.912861
LittleYunBear,2101,C,77,7/22/2022,Bearnose Hill,66.5839084,-143.5522668,1883889.626,463222.1239,228,0,0,subhygric,6,wet,2019,1996,1946,23,50,166,66,125.2,125.2,TRIPLE,TRIPLE-SHORT,Black spruce ,Super wet black spruce regen maybe didn’t burn in 1996 took 2 size class tree cookies big and small,0.6,1.296299669,NA,NA,Spruce,289.2148,144.6074,165.2796173,82.63980866,123.9351827,61.96759134,0,0,0,0,0,0,34.28102726,17.14051363,0,0,34.28102726,17.14051363,0,0,0,0,0,1.296299669,0,0,0,0,0,0,0,0.6,0,0,0,0,0,0,0,0,289.2148,0,0,0,0,0,0,0,159.6526673,0,0,0,0,0,0,0,129.5621327,0,0,0,0,161.7479136,79.10810497,82.63980866,NA,5.725,13.675,19.4,2873.079307,2938.419719,5811.499025,3021.059527,5973.246939,2952.187412
LittleYunBear,342,A,72,7/22/2022,Bearnose Hill,66.54966229,-143.4535446,1880823.592,468164.3332,322,0,0,mesic,4,moist,2019,1996,1946,23,50,20,20,20,20,TRIPLE,TRIPLE-SHORT,Mixed spruce birch,Standing dead after spruce seedling then fried in 2019 now going to birch aspen regen fairly wet site saw one old tussock,1.35,2.539584961,0.4,0.417831823,Mixed,727.85861,363.929305,93.62080571,46.81040286,634.2378042,317.1189021,19.74569609,9.872848046,1.418327551,0.709163776,18.32736854,9.16368427,1882.031311,941.0156557,0,0,1882.031311,941.0156557,44.93288532,179.7315413,134.798656,0,1.461233283,1.078351678,0,0,0,0,0,0,0.05,1.3,0,0,0,0,0,0,516.05451,0,211.8041,0,0,0,0,0,7.224763139,0,86.39604257,0,0,0,0,0,508.8297468,0,125.4080574,0,0,0,0,1494.54935,1312.231127,182.3182226,NA,0,7.878437843,7.878437843,0,3133.782274,3133.782274,3316.100497,4628.331624,1312.231127
LittleYunBear,342,B,72,7/22/2022,Bearnose Hill,66.54966229,-143.4535446,1880823.592,468164.3332,322,0,0,mesic,4,moist,2019,1996,1946,23,50,20,20,20,20,TRIPLE,TRIPLE-SHORT,Mixed spruce birch,Standing dead after spruce seedling then fried in 2019 now going to birch aspen regen fairly wet site saw one old tussock,1.9,0.548600617,0.5,0.7696902,Mixed,249.4748943,124.7374472,31.54434951,15.77217476,217.9305448,108.9652724,37.40823256,18.70411628,37.40823256,18.70411628,0,0,252.0072734,126.0036367,0,0,252.0072734,126.0036367,270.3015382,683.0449476,412.7434094,0,0.534856149,0.013744468,0,0,0,0,0,0,0.15,1.75,0,0,0,0,0,0,155.8307943,0,93.6441,0,0,0,0,0,2.181631121,0,29.36271839,0,0,0,0,0,153.6491632,0,64.28138161,0,0,0,0,952.4901477,505.2704473,447.2197004,NA,0,4.25,4.25,0,1690.509582,1690.509582,2137.729282,2642.99973,505.2704473
LittleYunBear,342,C,72,7/22/2022,Bearnose Hill,66.54966229,-143.4535446,1880823.592,468164.3332,322,0,0,mesic,4,moist,2019,1996,1946,23,50,20,20,20,20,TRIPLE,TRIPLE-SHORT,Mixed spruce birch,Standing dead after spruce seedling then fried in 2019 now going to birch aspen regen fairly wet site saw one old tussock,0.95,3.249584901,0.2,1.194590607,Mixed,1147.442055,573.7210274,33.78180274,16.89090137,1113.660252,556.8301261,77.59094748,38.79547374,2.170895752,1.085447876,75.42005172,37.71002586,4187.788899,2093.89445,203.6134334,101.8067167,3984.175466,1992.087733,223.4654796,502.9309591,279.4654796,0,3.022997531,0.22658737,0,0,0,0,0,0,0.25,0.7,0,0,0,0,0,0,1050.150655,0,97.2914,0,0,0,0,0,14.70210917,0,19.07969357,0,0,0,0,0,1035.448546,0,78.21170643,0,0,0,0,3209.34191,2810.093365,399.2485455,NA,0.175,5.8,5.975,437.1654263,2307.048371,2744.213797,2706.296916,5953.555707,3247.258791
LittleYunBear,410,A,73,7/22/2022,Bearnose Hill,66.55069079,-143.4556596,1880921.547,468053.1653,322,0,0,mesic-subxeric,3,moist,2019,1996,1946,23,50,22,22,22,22,TRIPLE,TRIPLE-SHORT,Birch,Pure birch with alder understory regen aspen and birch,0.25,2.069131461,0.9,2.865917898,Decid,621.3953193,310.6976596,8.69953447,4.349767235,612.6957848,306.3478924,98.74270568,49.37135284,8.965463429,4.482731714,89.77724225,44.88862112,520.2242805,260.1121403,390.1682104,195.0841052,130.0560701,65.02803506,347.8000168,695.6000336,347.8000168,0,2.069131461,0,0,0,0,0,0,0,0.25,0,0,0,0,0,0,0,621.3953193,0,0,0,0,0,0,0,8.69953447,0,0,0,0,0,0,0,612.6957848,0,0,0,0,0,0,1315.781186,764.0645654,551.716621,NA,1.25,6.285143893,7.535143893,699.8956739,2476.915648,3176.811321,3028.632268,4492.592508,1463.960239
LittleYunBear,664,A,75,7/22/2022,Bearnose Hill,66.58390635,-143.5522999,1883889.17,463220.7041,231,0,0,subhygric,6,wet,2019,1996,1946,23,50,22,20,21,21,TRIPLE,TRIPLE-SHORT,Black spruce ,Wet 3 fires spruce regen grassy thick sol ,0.7,0.714712329,1.6,0.405265452,Spruce,280.9734,140.4867,97.58994464,48.79497232,183.3834554,91.69172768,18.00281033,9.001405164,14.76289244,7.381446221,3.239917885,1.619958942,278.7024211,139.3512105,0,0,278.7024211,139.3512105,23.28609788,93.14439154,69.85829365,0,0,0.714712329,0,0,0,0,0,0,0,0.7,0,0,0,0,0,0,0,0,280.9734,0,0,0,0,0,0,0,97.58994464,0,0,0,0,0,0,0,183.3834554,0,0,0,0,381.9837072,255.948995,126.0347122,NA,8.925,6.55,15.475,6259.552444,1407.657725,7667.210168,1533.692437,8049.193875,6515.501439
LittleYunBear,664,B,75,7/22/2022,Bearnose Hill,66.58390635,-143.5522999,1883889.17,463220.7041,231,0,0,subhygric,6,wet,2019,1996,1946,23,50,22,20,21,21,TRIPLE,TRIPLE-SHORT,Black spruce ,Wet 3 fires spruce regen grassy thick sol ,0.3,0.231692458,3.2,2.587886948,Spruce,49.8944,24.9472,19.53111361,9.765556803,30.36328639,15.1816432,121.6600969,60.83004845,52.96859497,26.48429749,68.69150193,34.34575097,0,0,0,0,0,0,40.06238976,160.249559,120.1871693,0,0,0.231692458,0,0,0,0,0,0,0,0.3,0,0,0,0,0,0,0,0,49.8944,0,0,0,0,0,0,0,19.53111361,0,0,0,0,0,0,0,30.36328639,0,0,0,0,246.0268075,89.58978393,156.4370236,NA,12.3,5.975,18.275,8209.178901,1096.659051,9305.837952,1253.096075,9551.86476,8298.768685
LittleYunBear,664,C,75,7/22/2022,Bearnose Hill,66.58390635,-143.5522999,1883889.17,463220.7041,231,0,0,subhygric,6,wet,2019,1996,1946,23,50,22,20,21,21,TRIPLE,TRIPLE-SHORT,Black spruce ,Wet 3 fires spruce regen grassy thick sol ,0.15,0.332223423,3.4,2.010619298,Spruce,52.2628,26.1314,14.64531283,7.322656413,37.61748717,18.80874359,92.56066098,46.28033049,92.56066098,46.28033049,0,0,0,0,0,0,0,0,0,0,0,0,0,0.332223423,0,0,0,0,0,0,0,0.15,0,0,0,0,0,0,0,0,52.2628,0,0,0,0,0,0,0,14.64531283,0,0,0,0,0,0,0,37.61748717,0,0,0,0,72.41173049,18.80874359,53.6029869,NA,10.375,9.075,19.45,6707.842656,1797.583926,8505.426582,1851.186913,8577.838312,6726.651399
Livengood,173,C,23,7/10/2021,Hess Creek,65.48007,-148.3624,1735645.472,261101.1724,233,1,1,subhygric,6,wet,2019,NA,NA,100,NA,83,79,81.7,81.7,LONG,LONG,Black spruce,Thick org; lots of spruce seedlings; slope is 0 and aspect is NA,0.1,0.971537528,3.6,5.734977389,Spruce,228.65465,114.327325,57.46572776,28.73286388,171.1889222,85.59446112,275.2793952,137.6396976,275.2793952,137.6396976,0,0,0,0,0,0,0,0,206.2795403,601.1198948,394.8403544,0,0,0.971537528,0,0,0,0,0,0,0,0.1,0,0,0,0,0,0,0,0,228.65465,0,0,0,0,0,0,0,57.46572776,0,0,0,0,0,0,0,171.1889222,0,0,0,0,853.0869174,291.8740014,561.2129159,51,28,9.644444444,37.64444444,8260.306597,1697.635618,9957.942215,2258.848534,10811.02913,8552.180598
Livengood,179,A,24,7/10/2021,Hess Creek,65.48892,-148.38425,1736542.066,260008.359,391,7,134,mesic,4,moist,2019,NA,NA,100,NA,74,63,70,70,LONG,MID,Black and white spruce with loads of alder,Super rocky organic soils. Some spruce regeneration.loads of grass. Fairly low severity. ,0.45,13.11772013,2.1,4.966414686,Spruce,3421.009106,1710.504553,498.2289076,249.1144538,2922.780199,1461.390099,242.1580107,121.0790054,227.9252833,113.9626417,14.23272744,7.11636372,0,0,0,0,0,0,0,0,0,0,0,9.936857563,0,3.180862562,0,0,0,0,0,0.4,0,0.05,0,0,0,0,0,0,2477.1813,943.8278063,0,0,0,0,0,0,346.1306455,124.4105121,0,0,0,0,0,0,2131.050654,819.4172942,0,0,0,1831.583558,1468.506463,363.0770955,29,13.33333333,11.75555556,25.08888889,4382.286582,2138.689756,6520.976337,2501.766851,8352.559896,5850.793044
Livengood,176,A,28,7/11/2021,Hess Creek,65.47969,-148.35371,1735637.485,261506.2684,233,1,145,mesic-subhygric,5,wet,2019,NA,NA,100,NA,102,94,96.7,96.7,LONG,LONG,Black spruce with one birch ,Legacy C probably burned: really heterogenous with deep org in places but others with exposed mineral,1.45,4.797604681,NA,NA,Spruce,1132.29169,566.145845,470.3936653,235.1968326,661.8980247,330.9490124,0,0,0,0,0,0,0,0,0,0,0,0,27.99987404,111.9994962,83.99962213,0,0.000392699,4.797211982,0,0,0,0,0,0,0.05,1.4,0,0,0,0,0,0,98.17483998,0,1034.11685,0,0,0,0,0,9.576324842,0,425.0809404,0,0,0,0,0,88.59851514,0,609.0359096,0,0,0,0,678.1453412,358.9488864,319.1964547,69.5,19.5,19.2,38.7,13124.8728,3870.621685,16995.49449,4189.818139,17673.63983,13483.82169
Livengood,176,B,28,7/11/2021,Hess Creek,65.47969,-148.35371,1735637.485,261506.2684,233,1,145,mesic-subhygric,5,wet,2019,NA,NA,100,NA,102,94,96.7,96.7,LONG,LONG,Black spruce with one birch ,Legacy C probably burned: really heterogenous with deep org in places but others with exposed mineral,1.3,7.121597847,NA,NA,Spruce,1696.2959,848.14795,734.055334,367.027667,962.240566,481.120283,0,0,0,0,0,0,0,0,0,0,0,0,81.3373752,325.3495008,244.0121256,0,0,7.121597847,0,0,0,0,0,0,0,1.3,0,0,0,0,0,0,0,0,1696.2959,0,0,0,0,0,0,0,675.418134,0,0,0,0,0,0,0,1020.877766,0,0,0,0,1173.497451,562.4576582,611.0397926,80,13.83333333,17.92222222,31.75555556,9360.131144,3847.643001,13207.77414,4458.682793,14381.2716,9922.588802
Livengood,176,C,28,7/11/2021,Hess Creek,65.47969,-148.35371,1735637.485,261506.2684,233,1,145,mesic-subhygric,5,wet,2019,NA,NA,100,NA,102,94,96.7,96.7,LONG,LONG,Black spruce with one birch ,Legacy C probably burned: really heterogenous with deep org in places but others with exposed mineral,2.25,4.448887897,1.2,1.254280867,Spruce,1264.49445,632.247225,542.5749033,271.2874517,721.9195467,360.9597733,59.44628084,29.72314042,59.44628084,29.72314042,0,0,0,0,0,0,0,0,25.67292292,102.6916917,77.01876875,0,0,4.448887897,0,0,0,0,0,0,0,2.25,0,0,0,0,0,0,0,0,1264.49445,0,0,0,0,0,0,0,506.9702033,0,0,0,0,0,0,0,757.5242467,0,0,0,0,764.6620571,386.6326962,378.0293609,NA,10.41666667,13.36666666,23.78333333,6671.85225,2837.815035,9509.667286,3215.844396,10274.32934,7058.484946
Livengood,126,A,25,7/11/2021,Hess Creek,65.48056,-148.35371,1735734.051,261498.0385,238,1,138,subhygric,6,wet,2019,NA,NA,100,NA,97,89,93.7,93.7,LONG,LONG,Black spruce ,"Many small trees, included counts in tree notes instead of measuring each individual; thick org, wet, hit ice, birch trees nearby; patchy burning ",3.6,5.648190892,1.7,1.316327322,Spruce,1665.17125,832.585625,610.0679834,305.0339917,1055.103267,527.5516333,53.17699819,26.58849909,50.92741102,25.46370551,2.249587166,1.124793583,0,0,0,0,0,0,84,112,28,0,0,5.648190892,0,0,0,0,0,0,0,3.6,0,0,0,0,0,0,0,0,1665.17125,0,0,0,0,0,0,0,569.8240334,0,0,0,0,0,0,0,1095.347217,0,0,0,0,971.1741241,612.6764269,358.4976972,31.66666667,29,6.977777778,35.97777778,10350.62688,1159.39846,11510.02534,1517.896157,12481.19946,10963.30331
Livengood,126,B,25,7/11/2021,Hess Creek,65.48056,-148.35371,1735734.051,261498.0385,238,1,138,subhygric,6,wet,2019,NA,NA,100,NA,97,89,93.7,93.7,LONG,LONG,Black spruce ,"Many small trees, included counts in tree notes instead of measuring each individual; thick org, wet, hit ice, birch trees nearby; patchy burning ",3.55,3.017499744,1.4,0.527787566,Spruce,1016.736,508.368,408.6473764,204.3236882,608.0886236,304.0443118,16.44474648,8.222373242,16.44474648,8.222373242,7.11E-16,3.55E-16,0,0,0,0,0,0,0,0,0,0,0,3.017499744,0,0,0,0,0,0,0,3.55,0,0,0,0,0,0,0,0,1016.736,0,0,0,0,0,0,0,389.7536014,0,0,0,0,0,0,0,626.9823986,0,0,0,0,516.5903732,304.0443118,212.5460614,58,27.25,10.97777778,38.22777778,9600.494352,2023.621375,11624.11573,2236.167436,12140.7061,9904.538664
Livengood,126,C,25,7/11/2021,Hess Creek,65.48056,-148.35371,1735734.051,261498.0385,238,1,138,subhygric,6,wet,2019,NA,NA,100,NA,97,89,93.7,93.7,LONG,LONG,Black spruce ,"Many small trees, included counts in tree notes instead of measuring each individual; thick org, wet, hit ice, birch trees nearby; patchy burning ",1.8,2.569037392,1.3,1.119192383,Spruce,928.0082,464.0041,313.4422135,156.7211067,614.5659865,307.2829933,42.0788194,21.0394097,33.63251749,16.81625875,8.446301906,4.223150953,0,0,0,0,0,0,84,112,28,0,0,2.569037392,0,0,0,0,0,0,0,1.8,0,0,0,0,0,0,0,0,928.0082,0,0,0,0,0,0,0,298.4976635,0,0,0,0,0,0,0,629.5105365,0,0,0,0,597.0435097,395.5061443,201.5373655,59.5,30.66666667,16.31111111,46.97777778,11073.88894,3217.62616,14291.5151,3419.163525,14888.5586,11469.39508
Livengood,134,A,26,7/11/2021,Hess Creek,65.48152,-148.35167,1735848.639,261583.2052,241,1,138,subhygric,6,wet,2019,NA,NA,100,NA,95,93,94,94,LONG,LONG,Black spruce,"Many small trees, added counts to tree notes for trees with similar size and combustion similar to shrub app; few black spruce seedlings and some birch ; some birch trees nearby; set in small spruce depression surrounded by some unburned areas; thick org, wet and cold; hit ice",4,1.016697923,3.2,4.685418317,Spruce,851.5852,425.7926,295.7494525,147.8747262,555.8357475,277.9178738,237.2740927,118.6370463,187.6266234,93.81331172,49.64746921,24.82373461,0,0,0,0,0,0,0,0,0,0,0,1.016697923,0,0,0,0,0,0,0,4,0,0,0,0,0,0,0,0,851.5852,0,0,0,0,0,0,0,290.8574275,0,0,0,0,0,0,0,560.7277725,0,0,0,0,544.4296463,302.7416084,241.6880379,37.33333333,28.16666667,8.311111111,36.47777778,8206.364315,1407.803909,9614.168224,1649.491947,10158.59787,8509.105924
Livengood,134,B,26,7/11/2021,Hess Creek,65.48152,-148.35167,1735848.639,261583.2052,241,1,138,subhygric,6,wet,2019,NA,NA,100,NA,95,93,94,94,LONG,LONG,Black spruce,"Many small trees, added counts to tree notes for trees with similar size and combustion similar to shrub app; few black spruce seedlings and some birch ; some birch trees nearby; set in small spruce depression surrounded by some unburned areas; thick org, wet and cold; hit ice",1.95,0.604756586,6.9,4.177532831,Spruce,470.0366,235.0183,201.2733429,100.6366715,268.7632571,134.3816285,191.4702465,95.73512326,157.4982884,78.74914422,33.97195808,16.98597904,0,0,0,0,0,0,28,112,84,0,0,0.604756586,0,0,0,0,0,0,0,1.95,0,0,0,0,0,0,0,0,470.0366,0,0,0,0,0,0,0,198.2252679,0,0,0,0,0,0,0,271.8113321,0,0,0,0,442.7534233,179.3676075,263.3858157,56.33333333,29.16666667,7.366666667,36.53333333,8559.812962,1235.456587,9795.269549,1498.842403,10238.02297,8739.18057
Livengood,134,C,26,7/11/2021,Hess Creek,65.48152,-148.35167,1735848.639,261583.2052,241,1,138,subhygric,6,wet,2019,NA,NA,100,NA,95,93,94,94,LONG,LONG,Black spruce,"Many small trees, added counts to tree notes for trees with similar size and combustion similar to shrub app; few black spruce seedlings and some birch ; some birch trees nearby; set in small spruce depression surrounded by some unburned areas; thick org, wet and cold; hit ice",1.5,1.309258738,1.4,0.767334006,Spruce,407.27815,203.639075,163.7525574,81.87627872,243.5255926,121.7627963,35.04265208,17.52132604,34.33417178,17.16708589,0.708480303,0.354240152,0,0,0,0,0,0,0,0,0,0,0,1.309258738,0,0,0,0,0,0,0,1.5,0,0,0,0,0,0,0,0,407.27815,0,0,0,0,0,0,0,157.5053574,0,0,0,0,0,0,0,249.7727926,0,0,0,0,221.160401,122.1170365,99.04336461,48.33333333,21.91666667,9.977777778,31.89444444,6059.674752,1758.506366,7818.181118,1857.54973,8039.341519,6181.791788
Livengood,148,A,20,7/10/2021,Hess Creek,65.48752,-148.3801,1736402.924,260213.2262,370,21,160,subxeric,2,dry,2019,NA,NA,100,NA,74,66,71.3,71.3,LONG,LONG,Black spruce,Thin organic. Meadows veg. Not sampled right at original point. ,0.3,7.848091148,0.6,0.570199067,Spruce,1994.5527,997.27635,697.5627003,348.7813502,1296.99,648.4949998,17.48743018,8.743715091,17.48743018,8.743715091,0,0,0,0,0,0,0,0,0,0,0,0,0,7.848091148,0,0,0,0,0,0,0,0.3,0,0,0,0,0,0,0,0,1994.5527,0,0,0,0,0,0,0,617.3739003,0,0,0,0,0,0,0,1377.1788,0,0,0,0,1006.020065,648.4949998,357.5250653,63.33333333,2.25,8.811111111,11.06111111,849.9168054,2280.715479,3130.632285,2638.240544,4136.65235,1498.411805
Livengood,148,B,20,7/10/2021,Hess Creek,65.48752,-148.3801,1736402.924,260213.2262,370,21,160,subxeric,2,dry,2019,NA,NA,100,NA,74,66,71.3,71.3,LONG,LONG,Black spruce,Thin organic. Meadows veg. Not sampled right at original point. ,0.1,1.10348442,3.2,3.619114737,Spruce,294.96345,147.481725,114.25904,57.12951998,180.70441,90.35220502,114.7940472,57.3970236,114.7940472,57.3970236,0,0,0,0,0,0,0,0,0,0,0,0,0,1.10348442,0,0,0,0,0,0,0,0.1,0,0,0,0,0,0,0,0,294.96345,0,0,0,0,0,0,0,103.78534,0,0,0,0,0,0,0,191.17811,0,0,0,0,204.8787486,90.35220502,114.5265436,47.66666667,2.791666667,4.616666667,7.408333333,1344.972158,1375.754605,2720.726763,1490.281148,2925.605512,1435.324363
Livengood,148,C,20,7/10/2021,Hess Creek,65.48752,-148.3801,1736402.924,260213.2262,370,21,160,subxeric,2,dry,2019,NA,NA,100,NA,74,66,71.3,71.3,LONG,LONG,Black spruce,Thin organic. Meadows veg. Not sampled right at original point. ,0.55,5.874778262,NA,NA,Decid,1977.437091,988.7185455,209.053997,104.5269985,1768.383094,884.191547,0,0,0,0,0,0,0,0,0,0,0,0,0,0,0,0,4.906775026,0.968003236,0,0,0,0,0,0,0.45,0.1,0,0,0,0,0,0,1735.548841,0,241.88825,0,0,0,0,0,117.4728342,0,86.17511274,0,0,0,0,0,1618.076007,0,155.7131373,0,0,0,0,988.7185455,884.191547,104.5269985,45.33333333,1.5,6.005555555,7.505555555,835.436484,2366.732533,3202.169017,2471.259532,4190.887563,1719.628031
Livengood,157,A,27,7/11/2021,Hess Creek,65.47838,-148.35025,1735505.711,261678.5303,226,2,150,subhygric,6,wet,2019,NA,NA,100,NA,98,75,83.7,83.7,LONG,LONG,"Black spruce, lots of shrubs including salix, betula, and alder","Tussocks with deep burning around; lots of shrubs, deep organic",0.35,2.810940027,8.4,5.755107143,Spruce,717.4725878,358.7362939,118.5337428,59.26687138,598.938845,299.4694225,214.9251462,107.4625731,200.9477602,100.4738801,13.97738603,6.988693015,0,0,0,0,0,0,0,0,0,0,0.179856179,2.631083847,0,0,0,0,0,0,0.1,0.25,0,0,0,0,0,0,42.64053777,0,674.83205,0,0,0,0,0,2.677057683,0,108.2008101,0,0,0,0,0,39.96348009,0,566.6312399,0,0,0,0,466.198867,306.4581155,159.7407515,44.33333333,19.41666667,16.45,35.86666667,8970.450329,3369.394188,12339.84452,3529.134939,12806.04338,9276.908444
Livengood,157,B,27,7/11/2021,Hess Creek,65.47838,-148.35025,1735505.711,261678.5303,226,2,150,subhygric,6,wet,2019,NA,NA,100,NA,98,75,83.7,83.7,LONG,LONG,"Black spruce, lots of shrubs including salix, betula, and alder","Tussocks with deep burning around; lots of shrubs, deep organic",0.3,3.096824958,7.1,5.757597611,Spruce,785.45185,392.725925,159.6602094,79.83010471,625.7916406,312.8958203,257.8662749,128.9331375,177.6406617,88.82033086,80.22561318,40.11280659,0,0,0,0,0,0,0,0,0,0,0,3.096824958,0,0,0,0,0,0,0,0.3,0,0,0,0,0,0,0,0,785.45185,0,0,0,0,0,0,0,148.1714594,0,0,0,0,0,0,0,637.2803906,0,0,0,0,521.6590625,353.0086269,168.6504356,54.33333333,23.66666667,11.86666667,35.53333333,11395.07843,2164.567332,13559.64576,2333.217767,14081.30482,11748.08705
Livengood,157,C,27,7/11/2021,Hess Creek,65.47838,-148.35025,1735505.711,261678.5303,226,2,150,subhygric,6,wet,2019,NA,NA,100,NA,98,75,83.7,83.7,LONG,LONG,"Black spruce, lots of shrubs including salix, betula, and alder","Tussocks with deep burning around; lots of shrubs, deep organic",0.9,4.464988559,2.5,1.862964444,Spruce,1157.9825,578.99125,374.6675508,187.3337754,783.3149492,391.6574746,86.57111932,43.28555966,72.45008806,36.22504403,14.12103127,7.060515633,0,0,0,0,0,0,27.90896873,111.6358749,83.72690619,0,0,4.464988559,0,0,0,0,0,0,0,0.9,0,0,0,0,0,0,0,0,1157.9825,0,0,0,0,0,0,0,346.4508258,0,0,0,0,0,0,0,811.5316742,0,0,0,0,733.9126846,426.626959,307.2857256,53,24.83333333,17.08888889,41.92222222,12077.49069,3359.801874,15437.29257,3667.0876,16171.20525,12504.11765
Livengood,164,A,21,7/10/2021,Hess Creek,65.47813,-148.36069,1735436.864,261198.5084,217,0,0,subhygric,6,wet,2019,NA,NA,100,NA,95,94,94.3,94.3,LONG,LONG,Black spruce,Aspect and slope is actually NA. Dense small cagey black spruce. Deep organics in some places. Very shallow in others (aka hummocks with gravelly mineral soil. Other places deep highly humid and Hit frozen ground. Some spruce regen. Moderate to high severity. ,1.65,6.805867785,NA,NA,Spruce,1671.3088,835.6544,534.0632811,267.0316406,1137.245519,568.6227594,0,0,0,0,0,0,0,0,0,0,0,0,92.53179153,241.0635831,148.5317915,0,0,6.805867785,0,0,0,0,0,0,0,1.65,0,0,0,0,0,0,0,0,1671.3088,0,0,0,0,0,0,0,509.1514311,0,0,0,0,0,0,0,1162.157369,0,0,0,0,1076.717983,661.1545509,415.5634321,49.66666667,26.41666667,14.08888889,40.50555556,11438.00778,2672.039009,14110.04679,3087.602441,15186.76477,12099.16233
Livengood,164,B,21,7/10/2021,Hess Creek,65.47813,-148.36069,1735436.864,261198.5084,217,0,0,subhygric,6,wet,2019,NA,NA,100,NA,95,94,94.3,94.3,LONG,LONG,Black spruce,Aspect and slope is actually NA. Dense small cagey black spruce. Deep organics in some places. Very shallow in others (aka hummocks with gravelly mineral soil. Other places deep highly humid and Hit frozen ground. Some spruce regen. Moderate to high severity. ,1.6,6.496028209,0.7,0.459457926,Spruce,1709.63825,854.819125,374.3129871,187.1564935,1335.325263,667.6626315,21.36055174,10.68027587,11.08896759,5.544483797,10.27158415,5.135792073,0,0,0,0,0,0,21.83804186,87.35216745,65.51412559,0,0,6.496028209,0,0,0,0,0,0,0,1.6,0,0,0,0,0,0,0,0,1709.63825,0,0,0,0,0,0,0,371.6609371,0,0,0,0,0,0,0,1337.977313,0,0,0,0,952.8515683,694.6364654,258.2151029,81.66666667,14.58333333,14.86666667,29.45,5578.009577,2883.225005,8461.234582,3141.440108,9414.08615,6272.646043
Livengood,164,C,21,7/10/2021,Hess Creek,65.47813,-148.36069,1735436.864,261198.5084,217,0,0,subhygric,6,wet,2019,NA,NA,100,NA,95,94,94.3,94.3,LONG,LONG,Black spruce,Aspect and slope is actually NA. Dense small cagey black spruce. Deep organics in some places. Very shallow in others (aka hummocks with gravelly mineral soil. Other places deep highly humid and Hit frozen ground. Some spruce regen. Moderate to high severity. ,0.95,2.665641367,1.1,2.494424567,Spruce,669.9755,334.98775,246.8269093,123.4134546,423.1485907,211.5742954,125.9675619,62.98378095,122.7757465,61.38787326,3.191815372,1.595907686,0,0,0,0,0,0,0,0,0,0,0,2.665641367,0,0,0,0,0,0,0,0.95,0,0,0,0,0,0,0,0,669.9755,0,0,0,0,0,0,0,237.3408843,0,0,0,0,0,0,0,432.6346157,0,0,0,0,397.971531,213.1702031,184.8013279,69.5,11.125,10.25555555,21.38055555,4693.562036,2180.624806,6874.186842,2365.426134,7272.158373,4906.732239
Livengood,170,A,22,7/10/2021,Hess Creek,65.48506,-148.37856,1736135.907,260307.5292,312,10,179,subxeric,2,dry,2019,NA,NA,100,NA,167,74,124.3,124.3,LONG,LONG,Mainly black spruce some birch,Aspen nearby and aspen seedlings in transect; fire scars on black spruce trees suggesting multiple ages; medium severity; birch resprouts; spruce seedlings; took two large and two small tree disks because the larger ones probably survived the fire ,1.4,42.75432712,NA,NA,Spruce,10987.95528,5493.97764,2396.739723,1198.369862,8591.215556,4295.607778,0,0,0,0,0,0,0,0,0,0,0,0,489.0313417,978.0626833,489.0313417,0,4.777969727,37.97635739,0,0,0,0,0,0,0.55,0.85,0,0,0,0,0,0,1529.330029,0,9458.62525,0,0,0,0,0,67.46531303,0,2165.89276,0,0,0,0,0,1461.864716,0,7292.73249,0,0,0,0,6472.040323,4784.63912,1687.401204,30.33333333,1.625,13.42222222,15.04722222,510.7277224,3158.624698,3669.352421,4846.025902,10141.39274,5295.366842
Livengood,170,B,22,7/10/2021,Hess Creek,65.48506,-148.37856,1736135.907,260307.5292,312,10,179,subxeric,2,dry,2019,NA,NA,100,NA,167,74,124.3,124.3,LONG,LONG,Mainly black spruce some birch,Aspen nearby and aspen seedlings in transect; fire scars on black spruce trees suggesting multiple ages; medium severity; birch resprouts; spruce seedlings; took two large and two small tree disks because the larger ones probably survived the fire ,0.3,34.44324376,NA,NA,Spruce,9016.436392,4508.218196,1965.995523,982.9977613,7050.440869,3525.220434,0,0,0,0,0,0,0,0,0,0,0,0,553.9859186,1112.445598,558.4596794,0,3.344618079,31.09862568,0,0,0,0,0,0,0.15,0.15,0,0,0,0,0,0,1236.059192,0,7780.3772,0,0,0,0,0,41.37270402,0,1793.422069,0,0,0,0,0,1194.686488,0,5986.955131,0,0,0,0,5620.663794,4079.206353,1541.457441,26,1.458333333,21.58888889,23.04722222,317.2496409,4906.643015,5223.892656,6448.100456,10844.55645,4396.455994
Livengood,170,C,22,7/10/2021,Hess Creek,65.48506,-148.37856,1736135.907,260307.5292,312,10,179,subxeric,2,dry,2019,NA,NA,100,NA,167,74,124.3,124.3,LONG,LONG,Mainly black spruce some birch,Aspen nearby and aspen seedlings in transect; fire scars on black spruce trees suggesting multiple ages; medium severity; birch resprouts; spruce seedlings; took two large and two small tree disks because the larger ones probably survived the fire ,1.15,13.984407,NA,NA,Spruce,3782.826809,1891.413404,1112.159284,556.0796421,2670.667525,1335.333762,0,0,0,0,0,0,0,0,0,0,0,0,541.2841733,1082.568347,541.2841733,0,3.929739711,10.05466729,0,0,0,0,0,0,0.3,0.85,0,0,0,0,0,0,1297.854809,0,2484.972,0,0,0,0,0,126.5947355,0,895.8951986,0,0,0,0,0,1171.260073,0,1589.076801,0,0,0,0,2973.981751,1876.617935,1097.363815,59.66666667,3.708333333,15.47777778,19.18611111,1055.306717,3622.782402,4678.089119,4720.146217,7652.070869,2931.924652
Livengood,173,A,23,7/10/2021,Hess Creek,65.48007,-148.3624,1735645.472,261101.1724,233,1,1,subhygric,6,wet,2019,NA,NA,100,NA,83,79,81.7,81.7,LONG,LONG,Black spruce,Thick org; lots of spruce seedlings; slope is 0 and aspect is NA,1.45,3.999640147,1,0.957400361,Spruce,1098.699981,549.3499907,255.9646362,127.9823181,842.7353453,421.3676727,42.94857858,21.47428929,42.94857858,21.47428929,1.78E-15,8.88E-16,0,0,0,0,0,0,419.3244076,559.0992102,139.7748025,0,0.000392699,3.999247448,0,0,0,0,0,0,0.05,1.4,0,0,0,0,0,0,15.31933148,0,1083.38065,0,0,0,0,0,1.203962629,0,246.4519735,0,0,0,0,0,14.11536886,0,836.9286765,0,0,0,0,1129.92349,840.6920803,289.2314099,67,19.25,11.42222222,30.67222222,5251.787204,2073.067865,7324.855068,2362.299275,8454.778559,6092.479284
Livengood,173,B,23,7/10/2021,Hess Creek,65.48007,-148.3624,1735645.472,261101.1724,233,1,1,subhygric,6,wet,2019,NA,NA,100,NA,83,79,81.7,81.7,LONG,LONG,Black spruce,Thick org; lots of spruce seedlings; slope is 0 and aspect is NA,1.2,4.543528375,2.1,2.480802211,Spruce,1121.7761,560.88805,223.175426,111.587713,898.600674,449.300337,105.0468503,52.52342515,99.69274645,49.84637323,5.354103846,2.677051923,0,0,0,0,0,0,0,0,0,0,0,4.543528375,0,0,0,0,0,0,0,1.2,0,0,0,0,0,0,0,0,1121.7761,0,0,0,0,0,0,0,222.284801,0,0,0,0,0,0,0,899.491299,0,0,0,0,613.4114752,451.9773889,161.4340862,41.66666667,26,10.47777778,36.47777778,7552.564264,1883.582864,9436.147128,2045.01695,10049.5586,8004.541653
Livengood,179,B,24,7/10/2021,Hess Creek,65.48892,-148.38425,1736542.066,260008.359,391,7,134,mesic,4,moist,2019,NA,NA,100,NA,74,63,70,70,LONG,MID,Black and white spruce with loads of alder,Super rocky organic soils. Some spruce regeneration.loads of grass. Fairly low severity. ,0.3,11.63842268,1,4.312019431,Spruce,2939.4142,1469.7071,496.6059473,248.3029737,2442.808253,1221.404126,174.3270519,87.16352597,17.65048932,8.825244661,156.6765626,78.33828131,0,0,0,0,0,0,0,0,0,0,0,11.63842268,0,0,0,0,0,0,0,0.3,0,0,0,0,0,0,0,0,2939.4142,0,0,0,0,0,0,0,496.6059473,0,0,0,0,0,0,0,2442.808253,0,0,0,0,1556.870626,1299.742407,257.1282184,28,10.45833333,7.866666667,18.325,3820.196588,1688.273032,5508.46962,1945.40125,7065.340246,5119.938995
Livengood,179,C,24,7/10/2021,Hess Creek,65.48892,-148.38425,1736542.066,260008.359,391,7,134,mesic,4,moist,2019,NA,NA,100,NA,74,63,70,70,LONG,MID,Black and white spruce with loads of alder,Super rocky organic soils. Some spruce regeneration.loads of grass. Fairly low severity. ,1.2,7.434579015,0.9,2.265852102,Spruce,1969.328257,984.6641287,356.84764,178.42382,1612.480617,806.2403087,69.86824436,34.93412218,53.44304112,26.72152056,16.42520324,8.21260162,0,0,0,0,0,0,0,0,0,0,1.765182372,5.669396642,0,0,0,0,0,0,0.4,0.8,0,0,0,0,0,0,589.2902073,0,1380.03805,0,0,0,0,0,43.17349738,0,301.7686426,0,0,0,0,0,546.11671,0,1078.269407,0,0,0,0,1019.598251,814.4529103,205.1453406,52.5,8.875,8.088888889,16.96388889,3381.197723,1836.511265,5217.708987,2041.656605,6237.307238,4195.650633
Manley,342,A,34,7/15/2021,Baker,65.10193,-150.27872,1687317.409,174825.0991,134,0,0,mesic-subxeric,3,moist,2015,1969,NA,46,NA,41,40,40.7,40.7,MEDIUM,MID,Black and white spruce. Yes to a reburn. In a small depression. Aspen and white spruce surrounding both burned and unburned. Birch and aspen resprouts and black spruce seedlings. Very shrubby and buggy. ,Aspect is NA.,1.8,1.375624883,0.3,1.081493271,Spruce,421.2018739,210.600937,118.2244332,59.11221661,302.9774407,151.4887203,56.98902227,28.49451114,56.98902227,28.49451114,0,0,0,0,0,0,0,0,1378.947286,3054.844073,1675.896787,0,0.000785398,1.129402559,0,0.245436926,0,0,0,0,0.1,1.65,0,0.05,0,0,0,0,22.15582708,0,355.4179,43.62814684,0,0,0,0,1.767425595,0,108.9425185,6.370414164,0,0,0,0,20.38840149,0,246.4753815,37.25773268,0,0,0,3293.939521,1530.436006,1763.503515,50.33333333,18,6.95,24.95,6562.539327,1138.335735,7700.875062,2901.83925,10994.81458,8092.975333
Manley,342,B,34,7/15/2021,Baker,65.10193,-150.27872,1687317.409,174825.0991,134,0,0,mesic-subxeric,3,moist,2015,1969,NA,46,NA,41,40,40.7,40.7,MEDIUM,MID,Black and white spruce. Yes to a reburn. In a small depression. Aspen and white spruce surrounding both burned and unburned. Birch and aspen resprouts and black spruce seedlings. Very shrubby and buggy. ,Aspect is NA.,1.05,1.738086136,2.2,8.145409313,Spruce,393.49175,196.745875,82.40660036,41.20330018,311.0851496,155.5425748,434.4053335,217.2026667,204.7692083,102.3846041,229.6361252,114.8180626,0,0,0,0,0,0,435.6549554,1033.468056,597.8131008,0,0,1.738086136,0,0,0,0,0,0,0,1.05,0,0,0,0,0,0,0,0,393.49175,0,0,0,0,0,0,0,80.69517536,0,0,0,0,0,0,0,312.7965746,0,0,0,0,1447.416598,706.0155928,741.4010051,62.33333333,6.583333333,10.2,16.78333333,2304.945903,2174.144063,4479.089966,2915.545069,5926.506564,3010.961495
Manley,331,B,30,7/14/2021,Baker,65.14226,-150.23109,1691931.925,176805.3687,181,1,1,mesic,4,moist,2015,1969,NA,46,NA,126,98,113,113,LONG,MID,Black spruce,Slope is 0 aspect is NA; no standing trees; lots of new shrubs; lots of seedlings all app; exposed mineral soil; 1969 fire may not have killed these trees; deciduous around site but not in transect; probably not a reburn; moss growth is a lot since 2015 up to 5 cm; no org soil remaining; roots are very combusted but not trees; site may not have burned in 2015,0.55,12.9983396,NA,NA,Spruce,3354.115,1677.0575,829.4739733,414.7369866,2524.641027,1262.320513,0,0,0,0,0,0,0,0,0,0,0,0,21.01570334,84.06281336,63.04711002,0,0,12.9983396,0,0,0,0,0,0,0,0.55,0,0,0,0,0,0,0,0,3354.115,0,0,0,0,0,0,0,788.1067733,0,0,0,0,0,0,0,2566.008227,0,0,0,0,1761.120313,1283.336216,477.7840966,40.66666667,0.75,26.14444444,26.89444444,126.9680238,5620.643012,5747.611035,6098.427108,7508.731349,1410.30424
Manley,331,C,30,7/14/2021,Baker,65.14226,-150.23109,1691931.925,176805.3687,181,1,1,mesic,4,moist,2015,1969,NA,46,NA,126,98,113,113,LONG,MID,Black spruce,Slope is 0 aspect is NA; no standing trees; lots of new shrubs; lots of seedlings all app; exposed mineral soil; 1969 fire may not have killed these trees; deciduous around site but not in transect; probably not a reburn; moss growth is a lot since 2015 up to 5 cm; no org soil remaining; roots are very combusted but not trees; site may not have burned in 2015,0.6,21.40877584,NA,NA,Spruce,5460.24845,2730.124225,1878.078839,939.0394194,3582.169611,1791.084806,0,0,0,0,0,0,0,0,0,0,0,0,112,224,112,0,0,21.40877584,0,0,0,0,0,0,0,0.6,0,0,0,0,0,0,0,0,5460.24845,0,0,0,0,0,0,0,1685.532639,0,0,0,0,0,0,0,3774.715811,0,0,0,0,2954.124225,1903.084806,1051.039419,52,1.041666667,25.86666667,26.90833333,188.8587299,5548.864315,5737.723045,6599.903734,8691.84727,2091.943536
Manley,326,A,33,7/15/2021,Baker,65.09996,-150.27773,1687100.757,174883.8625,132,1,1,mesic-subxeric,3,moist,2015,1969,NA,46,NA,98,38,75.3,75.3,LONG,MID,Black spruce maybe a few birch but only one was in transect,new shrubs and some resprouts; birch and aspen and spruce seedlings; unburned white and black spruce and deciduous nearby; slope is 0 and aspect is NA ; unburned moved site about 100 m from point; two cohorts of trees with some that survived 1969 fire; exposed mineral with little org; ,1.25,1.101520924,1.4,2.45044227,Spruce,302.1676194,151.0838097,166.6866009,83.34330045,135.4810185,67.74050925,122.6049717,61.30248584,122.6049717,61.30248584,7.11E-16,3.55E-16,0,0,0,0,0,0,95.37557561,381.5023024,286.1267268,0,0.000392699,1.101128225,0,0,0,0,0,0,0.05,1.2,0,0,0,0,0,0,9.600819401,0,292.5668,0,0,0,0,0,0.812497067,0,154.8686788,0,0,0,0,0,8.788322334,0,137.6981212,0,0,0,0,593.888598,163.1160849,430.7725131,44.33333333,6.125,10.58888889,16.71388889,4176.937149,2266.782315,6443.719464,2697.554829,7037.608062,4340.053234
Manley,326,B,33,7/15/2021,Baker,65.09996,-150.27773,1687100.757,174883.8625,132,1,1,mesic-subxeric,3,moist,2015,1969,NA,46,NA,98,38,75.3,75.3,LONG,MID,Black spruce maybe a few birch but only one was in transect,new shrubs and some resprouts; birch and aspen and spruce seedlings; unburned white and black spruce and deciduous nearby; slope is 0 and aspect is NA ; unburned moved site about 100 m from point; two cohorts of trees with some that survived 1969 fire; exposed mineral with little org; ,0.6,31.19365886,0.2,0.226194671,Spruce,7869.1987,3934.59935,1890.730846,945.3654228,5978.467854,2989.233927,10.73922258,5.369611291,10.73922258,5.369611291,0,0,0,0,0,0,0,0,73.35167804,293.4067122,220.0550341,0,0,31.19365886,0,0,0,0,0,0,0,0.6,0,0,0,0,0,0,0,0,7869.1987,0,0,0,0,0,0,0,1700.883596,0,0,0,0,0,0,0,6168.315104,0,0,0,0,4233.375673,3062.585605,1170.790068,42.33333333,4.083333333,9.477777778,13.56111111,3073.681546,2484.495781,5558.177327,3655.285849,9791.553,6136.267151
Manley,326,C,33,7/15/2021,Baker,65.09996,-150.27773,1687100.757,174883.8625,132,1,1,mesic-subxeric,3,moist,2015,1969,NA,46,NA,98,38,75.3,75.3,LONG,MID,Black spruce maybe a few birch but only one was in transect,new shrubs and some resprouts; birch and aspen and spruce seedlings; unburned white and black spruce and deciduous nearby; slope is 0 and aspect is NA ; unburned moved site about 100 m from point; two cohorts of trees with some that survived 1969 fire; exposed mineral with little org; ,0.45,8.089601083,0.9,0.666803041,Spruce,2029.426264,1014.713132,359.4123431,179.7061715,1670.013921,835.0069606,30.78670398,15.39335199,30.78670398,15.39335199,0,0,0,0,0,0,0,0,233.2302524,709.0133092,475.7830568,0,0.088357293,8.00124379,0,0,0,0,0,0,0.05,0.4,0,0,0,0,0,0,20.7749142,0,2008.65135,0,0,0,0,0,2.087126039,0,335.989592,0,0,0,0,0,18.68778816,0,1672.661758,0,0,0,0,1739.119793,1068.237213,670.8825803,51.66666667,6.75,9.422222222,16.17222222,5048.113208,2261.468511,7309.581719,2932.351091,9048.701512,6116.350421
Manley,328,A,29,7/14/2021,Baker,65.14054,-150.23334,1691734.523,176710.799,176,1,1,mesic,4,moist,2015,1969,NA,46,NA,127,126,126.7,126.7,LONG,MID,Black spruce with a few birch,Slope and aspect are 0 and NA;  sandy soils; no permafrost; productive; lots of new shrubs and seedlings,0.6,12.36373789,NA,NA,Spruce,3190.4814,1595.2407,1013.104466,506.5522329,2177.376934,1088.688467,0,0,0,0,0,0,0,0,0,0,0,0,27.99990136,111.9996055,83.99970409,0,0,12.36373789,0,0,0,0,0,0,0,0.6,0,0,0,0,0,0,0,0,3190.4814,0,0,0,0,0,0,0,933.9069407,0,0,0,0,0,0,0,2256.574459,0,0,0,0,1707.240305,1116.688368,590.551937,56,4.791666667,17.81111111,22.60277778,1978.873072,3530.419807,5509.292878,4120.971744,7216.533184,3095.56144
Manley,328,B,29,7/14/2021,Baker,65.14054,-150.23334,1691734.523,176710.799,176,1,1,mesic,4,moist,2015,1969,NA,46,NA,127,126,126.7,126.7,LONG,MID,Black spruce with a few birch,Slope and aspect are 0 and NA;  sandy soils; no permafrost; productive; lots of new shrubs and seedlings,0.9,15.72445663,NA,NA,Spruce,4070.4127,2035.20635,1290.56706,645.2835302,2779.84564,1389.92282,0,0,0,0,0,0,0,0,0,0,0,0,199.3859598,594.5442337,395.1582739,0,0,15.72445663,0,0,0,0,0,0,0,0.9,0,0,0,0,0,0,0,0,4070.4127,0,0,0,0,0,0,0,1208.59226,0,0,0,0,0,0,0,2861.82044,0,0,0,0,2629.750584,1589.30878,1040.441804,47.33333333,1.125,13.31111111,14.43611111,470.2305735,3493.514768,3963.745342,4533.956572,6593.495925,2059.539353
Manley,328,C,29,7/14/2021,Baker,65.14054,-150.23334,1691734.523,176710.799,176,1,1,mesic,4,moist,2015,1969,NA,46,NA,127,126,126.7,126.7,LONG,MID,Black spruce with a few birch,Slope and aspect are 0 and NA;  sandy soils; no permafrost; productive; lots of new shrubs and seedlings,1,13.71501543,NA,NA,Spruce,4709.458509,2354.729255,1383.204935,691.6024674,3326.253574,1663.126787,0,0,0,0,0,0,0,0,0,0,0,0,0,0,0,0,0.000785398,13.71423003,0,0,0,0,0,0,0.1,0.9,0,0,0,0,0,0,1120.547209,0,3588.9113,0,0,0,0,0,135.6046832,0,1153.960727,0,0,0,0,0,984.942526,0,2434.950573,0,0,0,0,2354.729255,1663.126787,691.6024674,69.33333333,0.791666667,22.25555555,23.04722222,253.626583,5021.355089,5274.981672,5712.957557,7629.710927,1916.75337
Manley,331,A,30,7/14/2021,Baker,65.14226,-150.23109,1691931.925,176805.3687,181,1,1,mesic,4,moist,2015,1969,NA,46,NA,126,98,113,113,LONG,MID,Black spruce,Slope is 0 aspect is NA; no standing trees; lots of new shrubs; lots of seedlings all app; exposed mineral soil; 1969 fire may not have killed these trees; deciduous around site but not in transect; probably not a reburn; moss growth is a lot since 2015 up to 5 cm; no org soil remaining; roots are very combusted but not trees; site may not have burned in 2015,0.3,10.18386529,NA,NA,Spruce,2600.42405,1300.212025,733.2096013,366.6048006,1867.214449,933.6072244,0,0,0,0,0,0,0,0,0,0,0,0,28,112,84,0,0,10.18386529,0,0,0,0,0,0,0,0.3,0,0,0,0,0,0,0,0,2600.42405,0,0,0,0,0,0,0,674.9718513,0,0,0,0,0,0,0,1925.452199,0,0,0,0,1412.212025,961.6072244,450.6048006,52.66666667,0.416666667,20.97777778,21.39444444,80.05184072,5452.504562,5532.556403,5903.109363,6944.768428,1041.659065
Manley,358,C,32,7/14/2021,Baker,65.13871,-150.23174,1691535.127,176797.3497,151,7,60,mesic-subxeric,3,moist,2015,1969,NA,46,NA,125,121,123.3,123.3,LONG,MID,Black spruce with a few birch interspersed around site but not in transect; ,"Most trees down but low combustion; lots of new shrubs and aspen, birch, and spruce seedlings; lots of exposed mineral soil; older than 46 years; transect was on a small ridge",1.45,31.3008657,0.1,0.028274334,Spruce,8103.24995,4051.624975,1360.525969,680.2629845,6742.723981,3371.361991,1.234800314,0.617400157,1.234800314,0.617400157,0,0,0,0,0,0,0,0,0,0,0,0,0,31.3008657,0,0,0,0,0,0,0,1.45,0,0,0,0,0,0,0,0,8103.24995,0,0,0,0,0,0,0,1323.384869,0,0,0,0,0,0,0,6779.865081,0,0,0,0,4052.242375,3371.361991,680.8803847,31.33333333,0.708333333,10.86666667,11.575,205.2818979,2694.885632,2900.16753,3375.766016,6952.409905,3576.643889
Manley,359,A,36,7/15/2021,Baker,65.1021,-150.27461,1687347.155,175016.9213,131,1,1,mesic-subhygric,5,wet,2015,1969,NA,46,NA,92,36,55.7,55.7,MEDIUM,MID,Black spruce and birch,"Slope is 0 and aspect is NA;  unburned birch, black and white spruce and poplar nearby; very grassy; a few trees survived 1969 fire",0.95,0.182605073,NA,NA,Spruce,120.2820136,60.14100678,52.24828699,26.1241435,68.03372656,34.01686328,0,0,0,0,0,0,0,0,0,0,0,0,416.147273,608.7348982,192.5876252,0,0.000392699,0.182212374,0,0,0,0,0,0,0.05,0.9,0,0,0,0,0,0,6.351713551,0,113.9303,0,0,0,0,0,0.126311169,0,51.45507582,0,0,0,0,0,6.225402382,0,62.47522418,0,0,0,0,668.875905,450.1641362,218.7117687,NA,15.58333333,8.977777778,24.56111111,7161.577653,1668.658402,8830.236056,1887.370171,9499.111961,7611.74179
Manley,359,B,36,7/15/2021,Baker,65.1021,-150.27461,1687347.155,175016.9213,131,1,1,mesic-subhygric,5,wet,2015,1969,NA,46,NA,92,36,55.7,55.7,MEDIUM,MID,Black spruce and birch,"Slope is 0 and aspect is NA;  unburned birch, black and white spruce and poplar nearby; very grassy; a few trees survived 1969 fire",1.05,2.06559717,0.8,0.199491134,Spruce,589.9144972,294.9572486,99.9490537,49.97452685,489.9654435,244.9827218,9.041826666,4.520913333,9.041826666,4.520913333,0,0,0,0,0,0,0,0,421.4346668,1016.301816,594.8671489,0,0.200669231,1.864927939,0,0,0,0,0,0,0.4,0.65,0,0,0,0,0,0,74.47729724,0,515.4372,0,0,0,0,0,3.171311683,0,92.49629202,0,0,0,0,0,71.30598556,0,422.940908,0,0,0,0,1315.779978,666.4173886,649.3625891,60,11.41666667,12.53333333,23.95,4940.125519,2574.509337,7514.634856,3223.871926,8830.414834,5606.542908
Manley,359,C,36,7/15/2021,Baker,65.1021,-150.27461,1687347.155,175016.9213,131,1,1,mesic-subhygric,5,wet,2015,1969,NA,46,NA,92,36,55.7,55.7,MEDIUM,MID,Black spruce and birch,"Slope is 0 and aspect is NA;  unburned birch, black and white spruce and poplar nearby; very grassy; a few trees survived 1969 fire",2.1,1.21893795,0.2,0.265464579,Spruce,459.5069664,229.7534832,117.323505,58.6617525,342.1834614,171.0917307,12.75510698,6.377553491,12.75510698,6.377553491,0,0,0,0,0,0,0,0,450.8442848,738.3720617,287.5277769,0,0.257610598,0.961327352,0,0,0,0,0,0,0.1,2,0,0,0,0,0,0,64.23041638,0,395.27655,0,0,0,0,0,2.573446271,0,114.7500587,0,0,0,0,0,61.6569701,0,280.5264913,0,0,0,0,974.5030984,621.9360155,352.5670829,40,14.83333333,8.033333333,22.86666667,6258.722239,1356.066104,7614.788344,1708.633187,8589.291442,6880.658255
Manley,342,C,34,7/15/2021,Baker,65.10193,-150.27872,1687317.409,174825.0991,134,0,0,mesic-subxeric,3,moist,2015,1969,NA,46,NA,41,40,40.7,40.7,MEDIUM,MID,Black and white spruce. Yes to a reburn. In a small depression. Aspen and white spruce surrounding both burned and unburned. Birch and aspen resprouts and black spruce seedlings. Very shrubby and buggy. ,Aspect is NA.,2.85,2.54861704,3.1,10.99243269,Spruce,742.2989336,371.1494668,194.7142706,97.35713528,547.5846631,273.7923315,581.3829957,290.6914978,573.4164523,286.7082262,7.966543366,3.983271683,0,0,0,0,0,0,336.829702,957.6346526,620.8049506,0,1.277842812,1.270774228,0,0,0,0,0,0,0.5,2.35,0,0,0,0,0,0,371.0599336,0,371.239,0,0,0,0,0,28.40651134,0,163.3708342,0,0,0,0,0,342.6534223,0,207.8681658,0,0,0,0,1619.475617,614.6053052,1004.870312,42.66666667,3.75,8.866666667,12.61666667,1286.793314,2099.333947,3386.127261,3104.204259,5005.602878,1901.398619
Manley,345,A,31,7/14/2021,Baker,65.14219,-150.22922,1691929.114,176893.4418,176,1,1,mesic,4,moist,2015,1969,NA,46,NA,124,120,122.3,122.3,LONG,MID,Black spruce,"Slope is 0 aspect is NA; deciduous around site but not in transect; most trees down but not burned, only burned at roots; minimal org soil; ",0.5,32.60737555,NA,NA,Spruce,8206.6908,4103.3454,714.9872499,357.493625,7491.70355,3745.851775,0,0,0,0,0,0,0,0,0,0,0,0,1021.202472,1589.123956,567.9214834,0,0,32.60737555,0,0,0,0,0,0,0,0.5,0,0,0,0,0,0,0,0,8206.6908,0,0,0,0,0,0,0,714.9872499,0,0,0,0,0,0,0,7491.70355,0,0,0,0,5692.469356,4767.054247,925.4151084,68.33333333,2.333333333,21.2,23.53333333,576.172244,4824.797889,5400.970133,5750.212998,11093.43949,5343.226491
Manley,345,B,31,7/14/2021,Baker,65.14219,-150.22922,1691929.114,176893.4418,176,1,1,mesic,4,moist,2015,1969,NA,46,NA,124,120,122.3,122.3,LONG,MID,Black spruce,"Slope is 0 aspect is NA; deciduous around site but not in transect; most trees down but not burned, only burned at roots; minimal org soil; ",0.65,24.68938397,NA,NA,Spruce,6251.83035,3125.915175,636.7841836,318.3920918,5615.046166,2807.523083,0,0,0,0,0,0,0,0,0,0,0,0,106.8878157,427.5512627,320.663447,0,0,24.68938397,0,0,0,0,0,0,0,0.65,0,0,0,0,0,0,0,0,6251.83035,0,0,0,0,0,0,0,624.4184836,0,0,0,0,0,0,0,5627.411866,0,0,0,0,3553.466438,2914.410899,639.0555388,58.33333333,0.75,22.86666667,23.61666667,148.8232519,5313.237687,5462.060939,5952.293226,9015.527377,3063.234151
Manley,345,C,31,7/14/2021,Baker,65.14219,-150.22922,1691929.114,176893.4418,176,1,1,mesic,4,moist,2015,1969,NA,46,NA,124,120,122.3,122.3,LONG,MID,Black spruce,"Slope is 0 aspect is NA; deciduous around site but not in transect; most trees down but not burned, only burned at roots; minimal org soil; ",0.75,23.88474355,NA,NA,Spruce,6043.5322,3021.7661,593.09222,296.54611,5450.43998,2725.21999,0,0,0,0,0,0,0,0,0,0,0,0,221.0691807,324.2767228,103.2075421,0,0,23.88474355,0,0,0,0,0,0,0,0.75,0,0,0,0,0,0,0,0,6043.5322,0,0,0,0,0,0,0,593.09222,0,0,0,0,0,0,0,5450.43998,0,0,0,0,3346.042823,2946.289171,399.7536521,48.33333333,0.791666667,24.08888889,24.88055555,140.5256025,5080.898135,5221.423737,5480.651787,8567.46656,3086.814773
Manley,355,A,35,7/15/2021,Baker,65.13044,-150.23032,1690618.559,176916.1988,165,1,1,mesic,4,moist,2015,1969,NA,46,NA,120,105,113.7,113.7,LONG,MID,Black spruce,Slope 0 aspect NA; thick organic remaining; not a reburn; patchy burning; hit permafrost,1.25,7.467565738,NA,NA,Spruce,1878.7358,939.3679,506.4531138,253.2265569,1372.282686,686.1413431,0,0,0,0,0,0,0,0,0,0,0,0,1273.672783,1883.942932,610.270149,0,0,7.467565738,0,0,0,0,0,0,0,1.25,0,0,0,0,0,0,0,0,1878.7358,0,0,0,0,0,0,0,482.6754888,0,0,0,0,0,0,0,1396.060311,0,0,0,0,2823.310832,1959.814126,863.4967059,61,12.04166667,14.97777778,27.01944444,3452.915183,2905.073798,6357.98898,3768.570504,9181.299812,5412.729309
Manley,355,B,35,7/15/2021,Baker,65.13044,-150.23032,1690618.559,176916.1988,165,1,1,mesic,4,moist,2015,1969,NA,46,NA,120,105,113.7,113.7,LONG,MID,Black spruce,Slope 0 aspect NA; thick organic remaining; not a reburn; patchy burning; hit permafrost,1.9,13.21982189,NA,NA,Spruce,3569.66405,1784.832025,915.8383624,457.9191812,2653.825688,1326.912844,0,0,0,0,0,0,0,0,0,0,0,0,864.7361613,1152.981548,288.2453871,0,0,13.21982189,0,0,0,0,0,0,0,1.9,0,0,0,0,0,0,0,0,3569.66405,0,0,0,0,0,0,0,878.0369624,0,0,0,0,0,0,0,2691.627088,0,0,0,0,2937.813573,2191.649005,746.1645683,64.66666667,17.16666667,11.53333333,28.7,5300.605526,2109.041981,7409.647507,2855.206549,10347.46108,7492.254531
Manley,355,C,35,7/15/2021,Baker,65.13044,-150.23032,1690618.559,176916.1988,165,1,1,mesic,4,moist,2015,1969,NA,46,NA,120,105,113.7,113.7,LONG,MID,Black spruce,Slope 0 aspect NA; thick organic remaining; not a reburn; patchy burning; hit permafrost,1.1,24.26566166,NA,NA,Spruce,6192.19705,3096.098525,1041.491295,520.7456477,5150.705755,2575.352877,0,0,0,0,0,0,0,0,0,0,0,0,1018.937077,1389.627075,370.6899983,0,0,24.26566166,0,0,0,0,0,0,0,1.1,0,0,0,0,0,0,0,0,6192.19705,0,0,0,0,0,0,0,1035.40762,0,0,0,0,0,0,0,5156.78943,0,0,0,0,4485.7256,3594.289954,891.435646,NA,14.58333333,13.36666667,27.95,4696.566598,2984.991976,7681.558574,3876.427622,12167.28417,8290.856552
Manley,358,A,32,7/14/2021,Baker,65.13871,-150.23174,1691535.127,176797.3497,151,7,60,mesic-subxeric,3,moist,2015,1969,NA,46,NA,125,121,123.3,123.3,LONG,MID,Black spruce with a few birch interspersed around site but not in transect; ,"Most trees down but low combustion; lots of new shrubs and aspen, birch, and spruce seedlings; lots of exposed mineral soil; older than 46 years; transect was on a small ridge",0.6,20.1003025,NA,NA,Spruce,5112.8624,2556.4312,989.7202902,494.8601451,4123.14211,2061.571055,0,0,0,0,0,0,0,0,0,0,0,0,35.09080786,140.3632314,105.2724236,0,0,20.1003025,0,0,0,0,0,0,0,0.6,0,0,0,0,0,0,0,0,5112.8624,0,0,0,0,0,0,0,910.5094652,0,0,0,0,0,0,0,4202.352935,0,0,0,0,2696.794431,2096.661863,600.1325687,24,0.125,13.86666667,13.99166667,27.01759137,3687.518646,3714.536237,4287.651215,6411.330669,2123.679454
Manley,358,B,32,7/14/2021,Baker,65.13871,-150.23174,1691535.127,176797.3497,151,7,60,mesic-subxeric,3,moist,2015,1969,NA,46,NA,125,121,123.3,123.3,LONG,MID,Black spruce with a few birch interspersed around site but not in transect; ,"Most trees down but low combustion; lots of new shrubs and aspen, birch, and spruce seedlings; lots of exposed mineral soil; older than 46 years; transect was on a small ridge",1.1,22.18474922,NA,NA,Spruce,5756.4055,2878.20275,1353.095077,676.5475387,4403.310423,2201.655211,0,0,0,0,0,0,0,0,0,0,0,0,0,0,0,0,0,22.18474922,0,0,0,0,0,0,0,1.1,0,0,0,0,0,0,0,0,5756.4055,0,0,0,0,0,0,0,1252.294752,0,0,0,0,0,0,0,4504.110748,0,0,0,0,2878.20275,2201.655211,676.5475387,30.66666667,0.75,12.86666667,13.61666667,219.4681648,3343.645867,3563.114032,4020.193406,6441.316782,2421.123376
Manley,360,A,37,7/15/2021,Baker,65.12971,-150.22957,1690539.317,176955.9768,156,1,1,mesic-subxeric,3,moist,2015,1969,NA,46,NA,117,116,116.7,116.7,LONG,MID,Black spruce,Slope is 0 aspect NA; lots of CWD; lots of seedlings; lots of org soil; not sure about fire history,1.3,17.36672419,NA,NA,Spruce,4402.72235,2201.361175,1291.923049,645.9615243,3110.799301,1555.399651,0,0,0,0,0,0,0,0,0,0,0,0,1491.512776,2810.166334,1318.653557,0,0,17.36672419,0,0,0,0,0,0,0,1.3,0,0,0,0,0,0,0,0,4402.72235,0,0,0,0,0,0,0,1210.168799,0,0,0,0,0,0,0,3192.553551,0,0,0,0,5011.527509,3046.912427,1964.615082,56,4.833333333,13.7,18.53333333,1221.03637,3619.224934,4840.261304,5583.840015,9851.788813,4267.948798
Manley,360,B,37,7/15/2021,Baker,65.12971,-150.22957,1690539.317,176955.9768,156,1,1,mesic-subxeric,3,moist,2015,1969,NA,46,NA,117,116,116.7,116.7,LONG,MID,Black spruce,Slope is 0 aspect NA; lots of CWD; lots of seedlings; lots of org soil; not sure about fire history,0.2,10.52983318,NA,NA,Spruce,2665.6699,1332.83495,741.7992395,370.8996197,1923.870661,961.9353303,0,0,0,0,0,0,0,0,0,0,0,0,2573.849575,4670.743824,2096.894249,0,0,10.52983318,0,0,0,0,0,0,0,0.2,0,0,0,0,0,0,0,0,2665.6699,0,0,0,0,0,0,0,680.6457895,0,0,0,0,0,0,0,1985.024111,0,0,0,0,6003.578774,3535.784905,2467.793869,43,13.29166667,8.075,21.36666667,3466.886813,1512.565612,4979.452425,3980.359481,10983.0312,7002.671718
Manley,360,C,37,7/15/2021,Baker,65.12971,-150.22957,1690539.317,176955.9768,156,1,1,mesic-subxeric,3,moist,2015,1969,NA,46,NA,117,116,116.7,116.7,LONG,MID,Black spruce,Slope is 0 aspect NA; lots of CWD; lots of seedlings; lots of org soil; not sure about fire history,0.1,0.006675884,NA,NA,Spruce,12.8336,6.4168,5.95346589,2.976732945,6.88013411,3.440067055,0,0,0,0,0,0,0,0,0,0,0,0,2574.215811,4805.613311,2231.3975,0,0,0.006675884,0,0,0,0,0,0,0,0.1,0,0,0,0,0,0,0,0,12.8336,0,0,0,0,0,0,0,5.95346589,0,0,0,0,0,0,0,6.88013411,0,0,0,0,4812.030111,2577.655878,2234.374233,55,12,11.42222222,23.42222222,3068.669242,2270.225748,5338.89499,4504.599982,10150.9251,5646.32512
Marr,2957,B,107,7/27/2022,Marr,65.81586816,-145.7761284,1785245.724,375747.5023,832,21,90,subxeric,2,dry,2019,NA,NA,100,NA,128,61,93,93,LONG,LONG,White and black spruce,Subxerix because of high drainage ,0.2,9.680817762,1.9,4.078572663,Mixed,3599.372811,1799.686405,456.5693264,228.2846632,3142.803484,1571.401742,337.7940204,168.8970102,65.45742569,32.72871284,272.3365947,136.1682973,0,0,0,0,0,0,0,0,0,0,0,0,0,9.679639665,0.001178097,0,0,0,0,0,0,0.05,0.15,0,0,0,0,0,0,3588.144391,11.2284201,0,0,0,0,0,0,455.4939943,1.075332057,0,0,0,0,0,0,3132.650396,10.15308805,0,0,1968.583415,1707.570039,261.013376,NA,2,7.95,9.95,984.9200225,3162.247336,4147.167358,3423.260712,6115.750773,2692.490062
Marr,2835,B,106,7/27/2022,Marr,65.79327168,-145.7277244,1783024.331,378260.1896,834,3,140,mesic-subxeric,3,moist,2019,NA,NA,100,NA,89,68,76.7,76.7,LONG,LONG,Mixed black and white,Mixed black and white. No spruce regen. Convex site landscape. LAST SITE OF THE DAYYYYYYYY,0.15,3.999640147,0.5,1.086991058,Mixed,973.6120823,486.8060412,82.23486209,41.11743105,891.3772202,445.6886101,49.26095593,24.63047797,17.16745658,8.583728288,32.09349936,16.04674968,0,0,0,0,0,0,0,0,0,0,0,3.544109212,0,0.455530935,0,0,0,0,0,0.05,0,0.1,0,0,0,0,0,0,893.57625,80.0358323,0,0,0,0,0,0,75.19170885,7.043153243,0,0,0,0,0,0,818.3845411,72.99267906,0,0,0,511.4365192,461.7353598,49.70115934,NA,1.5,10.99523546,12.49523546,422.9943496,4373.541388,4796.535738,4423.242547,5307.972257,884.7297094
Marr,2835,C,106,7/27/2022,Marr,65.79327168,-145.7277244,1783024.331,378260.1896,834,3,140,mesic-subxeric,3,moist,2019,NA,NA,100,NA,89,68,76.7,76.7,LONG,LONG,Mixed black and white,Mixed black and white. No spruce regen. Convex site landscape. LAST SITE OF THE DAYYYYYYYY,0.1,0.047909288,0.2,0.157079633,Mixed,20.45689487,10.22844743,4.409579085,2.204789543,16.04731578,8.02365789,5.554,2.777,4.6805,2.34025,0.8735,0.43675,0,0,0,0,0,0,0,0,0,0,0,0.000392699,0,0.047516589,0,0,0,0,0,0.05,0,0.05,0,0,0,0,0,0,14.3748,6.082094865,0,0,0,0,0,0,3.448769672,0.960809413,0,0,0,0,0,0,10.92603033,5.121285452,0,0,0,13.00544743,8.46040789,4.545039543,NA,0.375,16.2,16.575,0,6443.82476,6443.82476,6448.369799,6456.830207,8.46040789
Marr,2957,A,107,7/27/2022,Marr,65.81586816,-145.7761284,1785245.724,375747.5023,832,21,90,subxeric,2,dry,2019,NA,NA,100,NA,128,61,93,93,LONG,LONG,White and black spruce,Subxerix because of high drainage ,0.5,17.51202285,1.8,4.422577058,Spruce,4507.619601,2253.809801,459.1360296,229.5680148,4048.483572,2024.241786,298.1855139,149.092757,195.3485675,97.67428376,102.8369464,51.41847321,360.4114298,180.2057149,90.10285745,45.05142872,270.3085723,135.1542862,0,0,0,0,0,14.93473878,0,2.577284073,0,0,0,0,0,0.35,0,0.15,0,0,0,0,0,0,3768.91335,738.7062512,0,0,0,0,0,0,394.1104847,65.02554487,0,0,0,0,0,0,3374.802865,673.6807063,0,0,0,2583.108273,2210.814545,372.2937273,NA,1.125,20.2,21.325,198.2741471,4102.446562,4300.72071,4474.74029,6883.828982,2409.088692
Marr,2051,A,104,7/27/2022,Marr,65.79206129,-145.7333039,1782858.855,378023.1096,797,6,200,mesic,4,moist,2019,NA,NA,100,NA,78,61,72,72,LONG,LONG,Mixed black and white spruce ,Mixed black and white betula gland understory. No spruce regen tho. Below aspen stand in landscape dip. Site 5 of day. ,0.1,5.921902152,3,9.958063314,Mixed,1540.25159,770.1257948,223.6351191,111.8175596,1316.61647,658.3082352,585.0487056,292.5243528,283.8710857,141.9355429,301.1776198,150.5888099,0,0,0,0,0,0,0,0,0,0,0,3.771481981,0,2.150420171,0,0,0,0,0,0.05,0,0.05,0,0,0,0,0,0,950.2314,590.0201895,0,0,0,0,0,0,171.7133425,51.92177668,0,0,0,0,0,0,778.5180575,538.0984128,0,0,0,1062.650148,808.8970451,253.7531025,NA,4.5,8.960093098,13.4600931,1939.573806,3564.028997,5503.602803,3817.7821,6566.25295,2748.470851
Marr,2051,B,104,7/27/2022,Marr,65.79206129,-145.7333039,1782858.855,378023.1096,797,6,200,mesic,4,moist,2019,NA,NA,100,NA,78,61,72,72,LONG,LONG,Mixed black and white spruce ,Mixed black and white betula gland understory. No spruce regen tho. Below aspen stand in landscape dip. Site 5 of day. ,0.15,6.819612253,1.7,5.146714165,Spruce,1943.399562,971.6997809,310.7310207,155.3655104,1632.668541,816.3342705,418.7005519,209.350276,67.70580702,33.85290351,350.9947449,175.4973725,0,0,0,0,0,0,0,0,0,0,0,0,0,6.819612253,0,0,0,0,0,0,0,0.15,0,0,0,0,0,0,0,1943.399562,0,0,0,0,0,0,0,310.7310207,0,0,0,0,0,0,0,1632.668541,0,0,0,1181.050057,991.831643,189.2184139,NA,5,9.066139196,14.0661392,1658.863437,2125.197829,3784.061266,2314.416243,4965.111323,2650.69508
Marr,2051,C,104,7/27/2022,Marr,65.79206129,-145.7333039,1782858.855,378023.1096,797,6,200,mesic,4,moist,2019,NA,NA,100,NA,78,61,72,72,LONG,LONG,Mixed black and white spruce ,Mixed black and white betula gland understory. No spruce regen tho. Below aspen stand in landscape dip. Site 5 of day. ,0.2,13.05567367,1.5,1.293550775,Mixed,3821.002322,1910.501161,437.9802467,218.9901233,3383.022075,1691.511038,51.33254266,25.66627133,22.68240747,11.34120374,28.65013519,14.3250676,0,0,0,0,0,0,0,0,0,0,0,6.905613352,0,6.135923152,0.014137167,0,0,0,0,0.1,0,0.05,0.05,0,0,0,0,0,1741.65225,2076.322339,3.02773257,0,0,0,0,0,169.9373978,267.5517273,0.491121565,0,0,0,0,0,1571.714852,1808.770612,2.536611006,0,0,1936.167432,1705.836106,230.331327,NA,1.5,12.5661392,14.0661392,422.9943496,4998.394993,5421.389342,5228.72632,7357.556775,2128.830455
Marr,2823,A,105,7/27/2022,Marr,65.81642539,-145.7732822,1785323.387,375869.2144,782,15,80,mesic,4,moist,2019,NA,NA,100,NA,133,57,107,107,LONG,LONG,Black spruce ,110 year old bs. Wet alpine drainage. No bs regen. Forbes and betula gland now. ,0.2,3.681553891,0.2,0.760265422,Spruce,959.26375,479.631875,216.6247205,108.3123603,742.6390295,371.3195147,56.9157028,28.4578514,8.613529083,4.306764542,48.30217372,24.15108686,0,0,0,0,0,0,0,0,0,0,0,3.681553891,0,0,0,0,0,0,0,0.2,0,0,0,0,0,0,0,0,959.26375,0,0,0,0,0,0,0,213.4655955,0,0,0,0,0,0,0,745.7981545,0,0,0,0,508.0897264,395.4706016,112.6191248,NA,10.5,14.825,25.325,2395.937486,2841.41649,5237.353976,2954.035615,5745.443702,2791.408088
Marr,2823,B,105,7/27/2022,Marr,65.81642539,-145.7732822,1785323.387,375869.2144,782,15,80,mesic,4,moist,2019,NA,NA,100,NA,133,57,107,107,LONG,LONG,Black spruce ,110 year old bs. Wet alpine drainage. No bs regen. Forbes and betula gland now. ,0.1,2.166520834,0.7,4.145331506,Spruce,560.79845,280.399225,50.53072507,25.26536254,510.2677249,255.1338625,514.3277097,257.1638549,111.152021,55.57601051,403.1756887,201.5878443,0,0,0,0,0,0,0,0,0,0,0,2.166520834,0,0,0,0,0,0,0,0.1,0,0,0,0,0,0,0,0,560.79845,0,0,0,0,0,0,0,50.53072507,0,0,0,0,0,0,0,510.2677249,0,0,0,0,537.5630799,456.7217068,80.84137305,NA,8.9,11.95,20.85,2218.76953,2580.162115,4798.931645,2661.003488,5336.494724,2675.491237
Marr,2823,C,105,7/27/2022,Marr,65.81642539,-145.7732822,1785323.387,375869.2144,782,15,80,mesic,4,moist,2019,NA,NA,100,NA,133,57,107,107,LONG,LONG,Black spruce ,110 year old bs. Wet alpine drainage. No bs regen. Forbes and betula gland now. ,0.6,25.83410179,0.5,0.385630498,Spruce,6546.9321,3273.46605,1096.100149,548.0500743,5450.831951,2725.415976,13.88159112,6.940795562,13.88159112,6.940795562,0,0,0,0,0,0,0,0,0,0,0,0,0,25.83410179,0,0,0,0,0,0,0,0.6,0,0,0,0,0,0,0,0,6546.9321,0,0,0,0,0,0,0,1096.100149,0,0,0,0,0,0,0,5450.831951,0,0,0,0,3280.406846,2725.415976,554.9908699,NA,10,16.575,26.575,2258.727833,3257.404342,5516.132174,3812.395211,8796.53902,4984.143809
Marr,2835,A,106,7/27/2022,Marr,65.79327168,-145.7277244,1783024.331,378260.1896,834,3,140,mesic-subxeric,3,moist,2019,NA,NA,100,NA,89,68,76.7,76.7,LONG,LONG,Mixed black and white,Mixed black and white. No spruce regen. Convex site landscape. LAST SITE OF THE DAYYYYYYYY,0.05,10.05309649,1.5,4.52860581,Spruce,2515.44,1257.72,196.2182009,98.10910043,2319.221799,1159.6109,413.2626644,206.6313322,72.39888602,36.19944301,340.8637784,170.4318892,0,0,0,0,0,0,0,0,0,0,0,10.05309649,0,0,0,0,0,0,0,0.05,0,0,0,0,0,0,0,0,2515.44,0,0,0,0,0,0,0,196.2182009,0,0,0,0,0,0,0,2319.221799,0,0,0,0,1464.351332,1330.042789,134.3085434,NA,2.25,7.45,9.7,965.7360426,1988.769948,2954.50599,2123.078491,4418.857323,2295.778832
Marr,2957,C,107,7/27/2022,Marr,65.81586816,-145.7761284,1785245.724,375747.5023,832,21,90,subxeric,2,dry,2019,NA,NA,100,NA,128,61,93,93,LONG,LONG,White and black spruce,Subxerix because of high drainage ,0.35,1.422748773,0.9,2.507776336,Spruce,367.2581847,183.6290924,32.83262542,16.41631271,334.4255593,167.2127797,196.3658061,98.18290306,1.566755279,0.78337764,194.7990508,97.39952542,0,0,0,0,0,0,0,0,0,0,0,0,0,1.421963375,0.000785398,0,0,0,0,0,0,0.25,0.1,0,0,0,0,0,0,345.3825826,21.87560212,0,0,0,0,0,0,30.39366727,2.438958146,0,0,0,0,0,0,314.9889153,19.43664397,0,0,281.8119955,264.6123051,17.19969035,NA,0.5,10.7,11.2,105.2218687,2630.772182,2735.99405,2647.971872,3017.806046,369.8341738
Marr,679,A,102,7/27/2022,Marr,65.81777609,-145.7763717,1785455.116,375710.2094,852,15,172,mesic-subxeric,3,moist,2019,NA,NA,100,NA,48,34,42.3,42.3,MEDIUM,MID,White spruce,Big open white spruce stand betula understory. No spruce regen. Aspen uphill. Last before lunch on mountain top,0.05,0.07696902,3.1,2.264302905,Spruce,10.84970752,5.424853762,0.954774262,0.477387131,9.894933261,4.947466631,78.98239231,39.49119615,57.01627045,28.50813522,21.96612186,10.98306093,0,0,0,0,0,0,0,0,0,0,0,0,0,0.07696902,0,0,0,0,0,0,0,0.05,0,0,0,0,0,0,0,10.84970752,0,0,0,0,0,0,0,0.954774262,0,0,0,0,0,0,0,9.894933261,0,0,0,44.91604991,15.93052756,28.98552235,NA,5.25,9.111685109,14.36168511,2023.423155,2138.95866,4162.381816,2167.944183,4207.297866,2039.353683
Marr,679,B,102,7/27/2022,Marr,65.81777609,-145.7763717,1785455.116,375710.2094,852,15,172,mesic-subxeric,3,moist,2019,NA,NA,100,NA,48,34,42.3,42.3,MEDIUM,MID,White spruce,Big open white spruce stand betula understory. No spruce regen. Aspen uphill. Last before lunch on mountain top,0.15,22.62967728,4,4.444568207,Spruce,8550.71672,4275.35836,752.4630714,376.2315357,7798.253649,3899.126825,187.9089537,93.95447684,110.5781303,55.28906513,77.33082342,38.66541171,0,0,0,0,0,0,0,0,0,0,0,0,0,22.62967728,0,0,0,0,0,0,0,0.15,0,0,0,0,0,0,0,8550.71672,0,0,0,0,0,0,0,752.4630714,0,0,0,0,0,0,0,7798.253649,0,0,0,4369.312837,3937.792237,431.5206008,NA,3,8.360912735,11.36091274,1051.851897,1914.711126,2966.563023,2346.231727,7335.87586,4989.644134
Marr,679,C,102,7/27/2022,Marr,65.81777609,-145.7763717,1785455.116,375710.2094,852,15,172,mesic-subxeric,3,moist,2019,NA,NA,100,NA,48,34,42.3,42.3,MEDIUM,MID,White spruce,Big open white spruce stand betula understory. No spruce regen. Aspen uphill. Last before lunch on mountain top,0.1,7.587731657,3.4,2.607521902,Spruce,2682.230609,1341.115304,343.2062923,171.6031462,2339.024316,1169.512158,105.9185541,52.95927703,70.0735307,35.03676535,35.84502337,17.92251168,0,0,0,0,0,0,0,0,0,0,0,0,0,7.587731657,0,0,0,0,0,0,0,0.1,0,0,0,0,0,0,0,2682.230609,0,0,0,0,0,0,0,343.2062923,0,0,0,0,0,0,0,2339.024316,0,0,0,1394.074581,1187.43467,206.6399116,NA,6.75,7.611685109,14.36168511,2714.475152,1696.637863,4411.113014,1903.277774,5805.187595,3901.909821
Marr,910,A,103,7/27/2022,Marr,65.79186323,-145.728196,1782866.06,378258.2164,800,9,160,mesic,4,moist,2019,NA,NA,100,NA,126,75,97,97,LONG,LONG,Mixed black and white,Prefire mixed black and white with betula under. No spruce regen. Betula gland resprouts. ,0.05,11.61760963,0.7,0.137444679,Spruce,2905.2744,1452.6372,522.0398527,261.0199263,2383.234547,1191.617274,3.208027703,1.604013851,0.206481698,0.103240849,3.001546005,1.500773002,0,0,0,0,0,0,0,0,0,0,0,11.61760963,0,0,0,0,0,0,0,0.05,0,0,0,0,0,0,0,0,2905.2744,0,0,0,0,0,0,0,522.0398527,0,0,0,0,0,0,0,2383.234547,0,0,0,0,1454.241214,1193.118047,261.1231671,NA,1.8125,17.25,19.0625,458.914887,3937.997708,4396.912595,4199.120875,5851.153809,1652.032934
Marr,910,B,103,7/27/2022,Marr,65.79186323,-145.728196,1782866.06,378258.2164,800,9,160,mesic,4,moist,2019,NA,NA,100,NA,126,75,97,97,LONG,LONG,Mixed black and white,Prefire mixed black and white with betula under. No spruce regen. Betula gland resprouts. ,0.2,8.913091057,0.5,0.820741081,Spruce,2262.82145,1131.410725,390.753819,195.3769095,1872.067631,936.0338155,41.25130225,20.62565113,2.627107106,1.313553553,38.62419514,19.31209757,0,0,0,0,0,0,0,0,0,0,0,8.913091057,0,0,0,0,0,0,0,0.2,0,0,0,0,0,0,0,0,2262.82145,0,0,0,0,0,0,0,382.034519,0,0,0,0,0,0,0,1880.786931,0,0,0,0,1152.036376,955.3459131,196.6904631,NA,1.125,14.325,15.45,301.3297223,3831.226135,4132.555857,4027.916598,5284.592234,1256.675635
Marr,910,C,103,7/27/2022,Marr,65.79186323,-145.728196,1782866.06,378258.2164,800,9,160,mesic,4,moist,2019,NA,NA,100,NA,126,75,97,97,LONG,LONG,Mixed black and white,Prefire mixed black and white with betula under. No spruce regen. Betula gland resprouts. ,0.25,35.12732556,0.3,2.502278549,Spruce,8783.6461,4391.82305,1159.958545,579.9792723,7623.687555,3811.843778,160.7045255,80.35226275,32.54239707,16.27119854,128.1621284,64.08106421,0,0,0,0,0,0,0,0,0,0,0,35.12732556,0,0,0,0,0,0,0,0.25,0,0,0,0,0,0,0,0,8783.6461,0,0,0,0,0,0,0,1159.958545,0,0,0,0,0,0,0,7623.687555,0,0,0,0,4472.175313,3875.924842,596.2504708,NA,2.125,9.325,11.45,828.2890344,2556.084053,3384.373088,3152.334524,7856.5484,4704.213877
MarrRock,1371,C,113,7/28/2022,Marr,65.79140821,-145.6054399,1783520.152,383848.3617,533,2,110,mesic,4,moist,2019,2004,NA,15,NA,11,9,10,10,SHORT,SHORT,Pre pre mixed birch spruce. Pre fire spruce,Now birch resprouts. No spruce regen. Open site. ,0.3,0.071471233,0.2,0.157079633,Decid,18.02811009,9.014055045,0.492946204,0.246473102,17.53516389,8.767581943,4.727100196,2.363550098,4.727100196,2.363550098,0,0,0,0,0,0,0,0,736.7628735,1416.797984,680.0351108,0,0.071471233,0,0,0,0,0,0,0,0.3,0,0,0,0,0,0,0,18.02811009,0,0,0,0,0,0,0,0.492946204,0,0,0,0,0,0,0,17.53516389,0,0,0,0,0,0,1428.175589,745.5304555,682.645134,NA,3,5.236101353,8.236101353,1648.681345,2063.497924,3712.179268,2746.143058,5140.354858,2394.2118
MarrRock,1133,C,112,7/28/2022,Marr,65.78133878,-145.6528751,1782134.575,381831.3427,524,3,165,subxeric,2,dry,2019,2004,NA,15,NA,13,11,12,12,SHORT,SHORT,Pre pre spruce aspen. Pre aspen few spruce,No spruce regen. No sol. All burned mineral soil. Sparse shrubs now. ,0.05,0.000392699,0.6,1.396437935,Decid,0,0,0,0,0,0,72.575863,36.2879315,72.575863,36.2879315,0,0,0,0,0,0,0,0,666.7349537,957.9799383,291.2449846,NA,NA,NA,NA,NA,NA,NA,NA,NA,NA,NA,NA,NA,NA,NA,NA,0,0,0,0,0,0,0,0,0,0,0,0,0,0,0,0,0,0,0,0,0,0,0,0,994.2678698,666.7349537,327.5329161,NA,0,8.110749382,8.110749382,0,3196.369471,3196.369471,3523.902387,4190.63734,666.7349537
MarrRock,1371,A,113,7/28/2022,Marr,65.79140821,-145.6054399,1783520.152,383848.3617,533,2,110,mesic,4,moist,2019,2004,NA,15,NA,11,9,10,10,SHORT,SHORT,Pre pre mixed birch spruce. Pre fire spruce,Now birch resprouts. No spruce regen. Open site. ,NA,NA,0.5,1.058716724,Decid,NA,0,NA,0,NA,0,41.24795204,20.62397602,32.82114921,16.4105746,8.426802834,4.213401417,10087.28788,5043.643942,6421.149612,3210.574806,3666.138273,1833.069136,1868.09562,2565.039554,696.9439345,NA,NA,NA,NA,NA,NA,NA,NA,NA,NA,NA,NA,NA,NA,NA,NA,NA,NA,NA,NA,NA,NA,NA,NA,NA,NA,NA,NA,NA,NA,NA,NA,NA,NA,NA,NA,NA,NA,NA,NA,7629.307473,3705.378157,3923.929315,NA,3.75,4.486101353,8.236101353,2055.303775,1767.930031,3823.233806,5691.859346,11452.54128,5760.681932
MarrRock,1371,B,113,7/28/2022,Marr,65.79140821,-145.6054399,1783520.152,383848.3617,533,2,110,mesic,4,moist,2019,2004,NA,15,NA,11,9,10,10,SHORT,SHORT,Pre pre mixed birch spruce. Pre fire spruce,Now birch resprouts. No spruce regen. Open site. ,0.5,0.166504411,0.9,0.944833991,Decid,52.86478665,26.43239332,0.740107013,0.370053507,52.12467963,26.06233982,28.84949166,14.42474583,0,0,28.84949166,14.42474583,0,0,0,0,0,0,1039.896079,1413.073393,373.1773142,0,0.166504411,0,0,0,0,0,0,0,0.5,0,0,0,0,0,0,0,52.86478665,0,0,0,0,0,0,0,0.740107013,0,0,0,0,0,0,0,52.12467963,0,0,0,0,0,0,1453.930532,1080.383164,373.5473677,NA,8.5,0,10.25,3675.276045,0,3675.276045,373.5473677,5129.206577,4755.659209
MarrRock,1133,A,112,7/28/2022,Marr,65.78133878,-145.6528751,1782134.575,381831.3427,524,3,165,subxeric,2,dry,2019,2004,NA,15,NA,13,11,12,12,SHORT,SHORT,Pre pre spruce aspen. Pre aspen few spruce,No spruce regen. No sol. All burned mineral soil. Sparse shrubs now. ,0.1,0.032201325,0.4,1.07756628,Mixed,14.94807496,7.474037478,1.244762905,0.622381453,13.70331205,6.851656026,54.89119407,27.44559703,54.89119407,27.44559703,0,0,149.1514293,74.57571463,0,0,149.1514293,74.57571463,595.9313401,1191.86268,595.9313401,0,0.031808626,0,0,0.000392699,0,0,0,0,0.05,0,0,0.05,0,0,0,0,6.449196391,0,0,8.498878565,0,0,0,0,0.090288749,0,0,1.154474156,0,0,0,0,6.358907642,0,0,7.34440441,0,0,0,1301.358029,677.3587108,623.9993186,NA,0,8.110749382,8.110749382,0,3226.188129,3226.188129,3850.187448,4527.546158,677.3587108
MarrRock,1133,B,112,7/28/2022,Marr,65.78133878,-145.6528751,1782134.575,381831.3427,524,3,165,subxeric,2,dry,2019,2004,NA,15,NA,13,11,12,12,SHORT,SHORT,Pre pre spruce aspen. Pre aspen few spruce,No spruce regen. No sol. All burned mineral soil. Sparse shrubs now. ,0.15,0.182605073,2.3,5.910906578,Decid,44.00801965,22.00400983,1.153118019,0.576559009,42.85490163,21.42745082,299.7419072,149.8709536,299.7419072,149.8709536,0,0,0,0,0,0,0,0,601.308703,1202.512287,601.2035841,0,0.181034277,0,0,0.001570796,0,0,0,0,0.1,0,0,0.05,0,0,0,0,43.90635201,0,0,0.101667638,0,0,0,0,1.112779145,0,0,0.040338874,0,0,0,0,42.79357287,0,0,0.061328765,0,0,0,1374.387251,622.7361538,751.6510967,NA,0,3.95,3.95,0,1556.657568,1556.657568,2308.308665,2931.044819,622.7361538
MarrRock,781,A,111,7/28/2022,Marr,65.79126685,-145.6017253,1783526.015,384019.2936,521,2,100,mesic,4,moist,2019,2004,NA,15,NA,13,11,12,12,SHORT,SHORT,Spruce birch mixed pre pre. Pre birch. ,Now birch. No spruce regen. Relatively flat and open site. LAST SITE OF THE HITCHHHHHHHH. ,NA,NA,0.8,0.628318531,Decid,NA,0,NA,0,NA,0,29.08,14.54,29.08,14.54,0,0,7366.634828,3683.317414,770.6341689,385.3170845,6596.000659,3298.00033,611.9818984,1741.10714,1129.125241,NA,NA,NA,NA,NA,NA,NA,NA,NA,NA,NA,NA,NA,NA,NA,NA,NA,NA,NA,NA,NA,NA,NA,NA,NA,NA,NA,NA,NA,NA,NA,NA,NA,NA,NA,NA,NA,NA,NA,NA,5438.964554,3909.982228,1528.982326,NA,5.75,2.568845353,8.318845353,3139.630256,1012.35761,4151.987866,2541.339936,9590.95242,7049.612484
MarrRock,781,B,111,7/28/2022,Marr,65.79126685,-145.6017253,1783526.015,384019.2936,521,2,100,mesic,4,moist,2019,2004,NA,15,NA,13,11,12,12,SHORT,SHORT,Spruce birch mixed pre pre. Pre birch. ,Now birch. No spruce regen. Relatively flat and open site. LAST SITE OF THE HITCHHHHHHHH. ,0.15,0.16689711,0.1,0.078539816,Decid,37.1929142,18.5964571,0.520700799,0.260350399,36.6722134,18.3361067,3.635,1.8175,3.635,1.8175,0,0,5463.338176,2731.669088,2453.399512,1226.699756,3009.938664,1504.969332,236.5763863,524.9027726,288.3263863,0,0.16689711,0,0,0,0,0,0,0,0.15,0,0,0,0,0,0,0,37.1929142,0,0,0,0,0,0,0,0.520700799,0,0,0,0,0,0,0,36.6722134,0,0,0,0,0,0,3276.985818,1759.881825,1517.103993,NA,7.25,1.068845353,8.318845353,3952.875116,421.2218248,4374.096941,1938.325818,7651.082759,5712.756941
MarrRock,781,C,111,7/28/2022,Marr,65.79126685,-145.6017253,1783526.015,384019.2936,521,2,100,mesic,4,moist,2019,2004,NA,15,NA,13,11,12,12,SHORT,SHORT,Spruce birch mixed pre pre. Pre birch. ,Now birch. No spruce regen. Relatively flat and open site. LAST SITE OF THE HITCHHHHHHHH. ,0.35,0.570984465,NA,NA,Decid,140.5045631,70.25228157,1.967063884,0.983531942,138.5374993,69.26874963,0,0,0,0,0,0,912.6555724,456.3277862,456.3277862,228.1638931,456.3277862,228.1638931,683.494347,1130.496071,447.0017238,0,0.570984465,0,0,0,0,0,0,0,0.35,0,0,0,0,0,0,0,140.5045631,0,0,0,0,0,0,0,1.967063884,0,0,0,0,0,0,0,138.5374993,0,0,0,0,0,0,1657.076139,980.9269897,676.1491489,NA,6.75,1.568845353,8.318845353,3681.793496,618.2670866,4300.060583,1294.416236,5957.136721,4662.720486
MarrRock,552,A,109,7/28/2022,Marr,65.78413582,-145.6560266,1782425.399,381648.9187,559,6,170,subxeric,2,dry,2019,2004,NA,15,NA,13,11,12,12,SHORT,SHORT,Pre pre white spruce birch. Prefire birch salix. Now birch salix. No spruce regen. ,See. Veg,0.95,0.628318531,0.9,0.455530935,Decid,133.9552602,66.97763008,2.28873557,1.144367785,131.6665246,65.83326229,20.71400157,10.35700078,0,0,20.71400157,10.35700078,4412.997476,2206.498738,2897.892678,1448.946339,1515.104798,757.5523991,3090.421174,4878.37196,1787.950787,0,0.628318531,0,0,0,0,0,0,0,0.95,0,0,0,0,0,0,0,133.9552602,0,0,0,0,0,0,0,2.28873557,0,0,0,0,0,0,0,131.6665246,0,0,0,0,0,0,7162.205329,3924.163836,3238.041494,NA,0,8.103608338,8.103608338,0,3193.555253,3193.555253,6431.596746,10355.76058,3924.163836
MarrRock,168,A,108,7/28/2022,Marr,65.77958437,-145.652922,1781940.527,381853.6933,524,3,165,subxeric,2,dry,2019,2004,NA,15,NA,13,11,12,12,SHORT,SHORT,Pre pre spruce birch. Pre birch,Site torched. No spruce regen some birch resprouts. Near chopper. ,NA,NA,2,1.64226756,Decid,NA,0,NA,0,NA,0,77.71663097,38.85831548,77.71663097,38.85831548,0,0,0,0,0,0,0,0,251.5790948,782.9134629,531.3343681,NA,NA,NA,NA,NA,NA,NA,NA,NA,NA,NA,NA,NA,NA,NA,NA,NA,NA,NA,NA,NA,NA,NA,NA,NA,NA,NA,NA,NA,NA,NA,NA,NA,NA,NA,NA,NA,NA,NA,NA,821.7717784,251.5790948,570.1926836,NA,0,8.065220575,8.065220575,0,3178.426999,3178.426999,3748.619682,4000.198777,251.5790948
MarrRock,168,B,108,7/28/2022,Marr,65.77958437,-145.652922,1781940.527,381853.6933,524,3,165,subxeric,2,dry,2019,2004,NA,15,NA,13,11,12,12,SHORT,SHORT,Pre pre spruce birch. Pre birch,Site torched. No spruce regen some birch resprouts. Near chopper. ,0.45,0.003534292,0.6,2.111935661,Decid,75.81645749,37.90822875,6.31269603,3.156348015,69.50376146,34.75188073,110.1481814,55.07409069,110.1481814,55.07409069,0,0,488.0433731,244.0216866,122.0108433,61.00542164,366.0325299,183.0162649,0,0,0,0,0.003534292,0,0,0,0,0,0,0,0.45,0,0,0,0,0,0,0,75.81645749,0,0,0,0,0,0,0,6.31269603,0,0,0,0,0,0,0,69.50376146,0,0,0,0,0,0,337.004006,217.7681456,119.2358603,NA,0,8.065220575,8.065220575,0,3178.426999,3178.426999,3297.662859,3515.431005,217.7681456
MarrRock,168,C,108,7/28/2022,Marr,65.77958437,-145.652922,1781940.527,381853.6933,524,3,165,subxeric,2,dry,2019,2004,NA,15,NA,13,11,12,12,SHORT,SHORT,Pre pre spruce birch. Pre birch,Site torched. No spruce regen some birch resprouts. Near chopper. ,0.1,0.039662607,2.2,4.423362456,Decid,12.10559407,6.052797033,1.16753098,0.58376549,10.93806309,5.469031543,219.669655,109.8348275,219.669655,109.8348275,0,0,0,0,0,0,0,0,385.5317149,573.077901,187.5461861,0,0.039662607,0,0,0,0,0,0,0,0.1,0,0,0,0,0,0,0,12.10559407,0,0,0,0,0,0,0,1.16753098,0,0,0,0,0,0,0,10.93806309,0,0,0,0,0,0,688.9655255,391.0007465,297.9647791,NA,0,8.065220575,8.065220575,0,3178.426999,3178.426999,3476.391778,3867.392524,391.0007465
MarrRock,643,B,110,7/28/2022,Marr,65.78974286,-145.6059855,1783333.077,383846.918,524,2,100,mesic,4,moist,2019,2004,NA,15,NA,12,11,11.7,11.7,SHORT,SHORT,Pre pre birch spruce mixed.  Pre birch ,Wetter than other area. No spruce regen. Birch resprouts. Plot a and b in wet. C out of wet,1.45,0.570984465,1.1,2.123716634,Decid,134.2502269,67.12511347,2.165244607,1.082622304,132.0849823,66.04249117,71.41769018,35.70884509,0,0,71.41769018,35.70884509,2057.898478,1028.949239,514.4746195,257.2373098,1543.423859,771.7119293,1563.063703,2273.547204,710.4835012,0,0.567450173,0,0,0.003534292,0,0,0,0,1.4,0,0,0.05,0,0,0,0,133.9811963,0,0,0.269030647,0,0,0,0,2.115920011,0,0,0.049324596,0,0,0,0,131.8652763,0,0,0.219706051,0,0,0,3405.330401,2436.526968,968.8034333,NA,2,6.206969131,8.206969131,1106.518104,2446.107715,3552.625819,3414.911148,6957.95622,3543.045072
MarrRock,552,B,109,7/28/2022,Marr,65.78413582,-145.6560266,1782425.399,381648.9187,559,6,170,subxeric,2,dry,2019,2004,NA,15,NA,13,11,12,12,SHORT,SHORT,Pre pre white spruce birch. Prefire birch salix. Now birch salix. No spruce regen. ,See. Veg,1.75,0.466919208,2.6,4.251360258,Decid,84.99889082,42.49944541,1.189984472,0.594992236,83.80890635,41.90445318,210.8780337,105.4390169,5.372181558,2.686090779,205.5058522,102.7529261,5352.968321,2676.48416,0,0,5352.968321,2676.48416,3332.011642,4222.959767,890.9481251,0,0.466919208,0,0,0,0,0,0,0,1.75,0,0,0,0,0,0,0,84.99889082,0,0,0,0,0,0,0,1.189984472,0,0,0,0,0,0,0,83.80890635,0,0,0,0,0,0,7047.38239,6153.153181,894.2292081,NA,0.3,7.803608338,8.103608338,184.8405956,3075.328096,3260.168691,3969.557304,10307.55108,6337.993777
MarrRock,552,C,109,7/28/2022,Marr,65.78413582,-145.6560266,1782425.399,381648.9187,559,6,170,subxeric,2,dry,2019,2004,NA,15,NA,13,11,12,12,SHORT,SHORT,Pre pre white spruce birch. Prefire birch salix. Now birch salix. No spruce regen. ,See. Veg,0.1,0.066366145,0.3,0.254469005,Decid,14.14133042,7.070665208,0.197978626,0.098989313,13.94335179,6.971675896,11.9740229,5.987011448,2.964147057,1.482073529,9.009875838,4.504937919,14140.57788,7070.288938,2970.040892,1485.020446,11170.53698,5585.268492,2660.53997,4012.505581,1351.965611,0,0.066366145,0,0,0,0,0,0,0,0.1,0,0,0,0,0,0,0,14.14133042,0,0,0,0,0,0,0,0.197978626,0,0,0,0,0,0,0,13.94335179,0,0,0,0,0,0,11095.8522,8257.285076,2838.56712,NA,0,8.103608338,8.103608338,0,3193.555253,3193.555253,6032.122372,14289.40745,8257.285076
MarrRock,643,A,110,7/28/2022,Marr,65.78974286,-145.6059855,1783333.077,383846.918,524,2,100,mesic,4,moist,2019,2004,NA,15,NA,12,11,11.7,11.7,SHORT,SHORT,Pre pre birch spruce mixed.  Pre birch ,Wetter than other area. No spruce regen. Birch resprouts. Plot a and b in wet. C out of wet,0.85,0.801498826,0.1,0.314159265,Decid,190.2241097,95.11205486,2.663137536,1.331568768,187.5609722,93.78048609,13.07000722,6.535003612,13.07000722,6.535003612,0,0,553.4272435,276.7136218,415.0704327,207.5352163,138.3568109,69.17840544,1468.116141,1921.737321,453.6211801,0,0.801498826,0,0,0,0,0,0,0,0.85,0,0,0,0,0,0,0,190.2241097,0,0,0,0,0,0,0,2.663137536,0,0,0,0,0,0,0,187.5609722,0,0,0,0,0,0,2300.098001,1631.075032,669.0229688,NA,6.25,1.956969131,9.103484565,3410.711876,771.2229894,4181.934865,1440.245958,6482.032866,5041.786908
MarrRock,643,C,110,7/28/2022,Marr,65.78974286,-145.6059855,1783333.077,383846.918,524,2,100,mesic,4,moist,2019,2004,NA,15,NA,12,11,11.7,11.7,SHORT,SHORT,Pre pre birch spruce mixed.  Pre birch ,Wetter than other area. No spruce regen. Birch resprouts. Plot a and b in wet. C out of wet,NA,NA,0.5,0.995884871,Decid,NA,0,NA,0,NA,0,50.83609059,25.41804529,44.56408258,22.28204129,6.272008011,3.136004005,4487.19407,2243.597035,1121.798517,560.8992587,3365.395552,1682.697776,1211.572773,2564.710338,1353.137565,NA,NA,NA,NA,NA,NA,NA,NA,NA,NA,NA,NA,NA,NA,NA,NA,NA,NA,NA,NA,NA,NA,NA,NA,NA,NA,NA,NA,NA,NA,NA,NA,NA,NA,NA,NA,NA,NA,NA,NA,4833.725418,2897.406553,1936.318865,NA,3.5,4.706969131,8.206969131,1919.762965,1854.971929,3774.734894,3791.290794,8608.460312,4817.169517
MmBonanza,8,C,121,6/24/2023,MM 125,66.630344,-150.668702,1856249.753,147990.174,360,7,280,mesic,4,moist,2022,2005,NA,17,NA,57,44,48.3,48.3,MEDIUM,MID,Black spruce stand,Transect bearing 9deg. Eriophorum tussocks and sphagnum dominant. Feather mosses present. Unburned green stand 20m away. Abundant water found at permafrost boundary. ,0.95,2.361692277,3.8,0.364424748,Spruce,663.60215,331.801075,137.6722124,68.83610618,525.9299376,262.9649688,7.851676116,3.925838058,5.706199847,2.853099924,2.145476269,1.072738134,0,0,0,0,0,0,0,0,0,0,0,2.361692277,0,0,0,0,0,0,0,0.95,0,0,0,0,0,0,0,0,663.60215,0,0,0,0,0,0,0,137.6722124,0,0,0,0,0,0,0,525.9299376,0,0,0,0,335.7269131,264.0377069,71.6892061,27,24.5,10.725,35.225,7239.069716,1918.165938,9157.235654,1989.855144,9492.962567,7503.107423
MmBonanza,7,C,120,6/24/2023,MM 125,66.639351,-150.662268,1857263.608,148225.483,357,2,278,mesic,4,moist,2022,2005,NA,17,NA,67,15,42,42,MEDIUM,MID,Black spruce,"Sparse black spruce stand, significant eriophorum tussocks. Shallow permafrost. 100m away from unburned green. Sphagnum dominant pre fire. Transect 180deg az ",0.05,0.000392699,10.1,17.37457817,Spruce,26.73,13.365,13.40184805,6.700924024,13.32815195,6.664075976,2580.126356,1290.063178,2532.696204,1266.348102,47.43015267,23.71507633,0,0,0,0,0,0,0,0,0,0,0,0.000392699,0,0,0,0,0,0,0,0.05,0,0,0,0,0,0,0,0,26.73,0,0,0,0,0,0,0,13.40184805,0,0,0,0,0,0,0,13.32815195,0,0,0,0,1303.428178,30.37915231,1273.049026,26.5,30.5,6.425,36.925,9698.82883,1032.638982,10731.46781,2305.688008,12034.89599,9729.207982
MmBonanza,8,A,121,6/24/2023,MM 125,66.630344,-150.668702,1856249.753,147990.174,360,7,280,mesic,4,moist,2022,2005,NA,17,NA,57,44,48.3,48.3,MEDIUM,MID,Black spruce stand,Transect bearing 9deg. Eriophorum tussocks and sphagnum dominant. Feather mosses present. Unburned green stand 20m away. Abundant water found at permafrost boundary. ,0.55,0.211664805,2.7,1.712167996,Spruce,74.4152,37.2076,17.64176824,8.820884121,56.77343176,28.38671588,48.45674347,24.22837174,39.2653917,19.63269585,9.191351775,4.595675887,0,0,0,0,0,0,0,0,0,0,0,0.211664805,0,0,0,0,0,0,0,0.55,0,0,0,0,0,0,0,0,74.4152,0,0,0,0,0,0,0,17.64176824,0,0,0,0,0,0,0,56.77343176,0,0,0,0,61.43597174,32.98239177,28.45357997,26.5,17.5,6.45,23.95,4820.113865,1037.396993,5857.510857,1065.850573,5918.946829,4853.096256
MmBonanza,8,B,121,6/24/2023,MM 125,66.630344,-150.668702,1856249.753,147990.174,360,7,280,mesic,4,moist,2022,2005,NA,17,NA,57,44,48.3,48.3,MEDIUM,MID,Black spruce stand,Transect bearing 9deg. Eriophorum tussocks and sphagnum dominant. Feather mosses present. Unburned green stand 20m away. Abundant water found at permafrost boundary. ,0.75,0.867079572,2.7,3.828816047,Spruce,276.13655,138.068275,58.72314025,29.36157012,217.4134098,108.7067049,116.742169,58.3710845,41.30532268,20.65266134,75.43684632,37.71842316,0,0,0,0,0,0,0,0,0,0,0,0.867079572,0,0,0,0,0,0,0,0.75,0,0,0,0,0,0,0,0,276.13655,0,0,0,0,0,0,0,58.34071525,0,0,0,0,0,0,0,217.7958348,0,0,0,0,196.4393595,146.4251281,50.01423146,38.25,20.75,7.825,28.575,5922.120535,1311.777733,7233.898268,1361.791965,7430.337627,6068.545663
MmBonanza,4,A,117,6/23/2023,MM 125,66.656117,-150.656184,1859137.645,148401.686,285,9,355,mesic-subxeric,3,moist,2022,2005,NA,17,NA,76,71,73.7,73.7,LONG,LONG,Black spruce,"Above bonanza creek, gentle toe slope. Homogenous burn at this site. ",0.7,8.518035781,5.5,1.416858287,Spruce,2226.1446,1113.0723,848.7476497,424.3738249,1377.39695,688.6984751,40.25663025,20.12831512,40.25663025,20.12831512,0,0,0,0,0,0,0,0,69.0625,164.25,95.1875,0,0,8.518035781,0,0,0,0,0,0,0,0.7,0,0,0,0,0,0,0,0,2226.1446,0,0,0,0,0,0,0,808.1357997,0,0,0,0,0,0,0,1418.0088,0,0,0,0,1297.450615,757.7609751,539.68964,57.5,6.875,9.025,15.9,2524.469741,2119.438309,4643.90805,2659.127949,5941.358665,3282.230716
MmBonanza,4,B,117,6/23/2023,MM 125,66.656117,-150.656184,1859137.645,148401.686,285,9,355,mesic-subxeric,3,moist,2022,2005,NA,17,NA,76,71,73.7,73.7,LONG,LONG,Black spruce,"Above bonanza creek, gentle toe slope. Homogenous burn at this site. ",1,7.402770389,4.5,2.346769712,Spruce,1867.1743,933.58715,774.8864117,387.4432058,1092.287888,546.1439442,100.2512241,50.12561203,100.2512241,50.12561203,0,0,33.66208519,16.83104259,8.415521297,4.207760648,25.24656389,12.62328195,10.05,13.4,3.35,0,0,7.402770389,0,0,0,0,0,0,0,1,0,0,0,0,0,0,0,0,1867.1743,0,0,0,0,0,0,0,741.1781367,0,0,0,0,0,0,0,1125.996163,0,0,0,0,1013.943805,568.8172262,445.1265785,44,10.875,11.425,22.3,3881.195473,2350.629474,6231.824946,2795.756052,7245.768751,4450.012699
MmBonanza,4,C,117,6/23/2023,MM 125,66.656117,-150.656184,1859137.645,148401.686,285,9,355,mesic-subxeric,3,moist,2022,2005,NA,17,NA,76,71,73.7,73.7,LONG,LONG,Black spruce,"Above bonanza creek, gentle toe slope. Homogenous burn at this site. ",2.55,6.88048061,2,0.30787608,Spruce,1598.91715,799.458575,855.2141781,427.607089,743.7029719,371.851486,3.159336079,1.57966804,2.514741455,1.257370728,0.644594624,0.322297312,33.47153866,16.73576933,33.47153866,16.73576933,0,0,36.175,65.65,29.475,0,0,6.880087911,0,0,0,0.000392699,0,0,0,2.5,0,0,0,0.05,0,0,0,0,1598.91715,0,0,0,0,0,0,0,816.4538281,0,0,0,0,0,0,0,782.4633219,0,0,0,0,883.4240124,408.3487833,475.0752291,45,12,10.75,22.75,4362.136103,2152.518673,6514.654776,2627.593902,7398.078788,4770.484886
MmBonanza,5,A,118,6/23/2023,MM 125,66.658012,-150.654436,1859351.826,148468.597,263,0,0,subhygric,6,wet,2022,2005,NA,17,NA,93,66,80.3,80.3,LONG,LONG,Mixed white black spruce with birch.," Heavy jackstraw with 90% of trees at site fallen, most fell post fire. Standing water within the transect. Within 100m of creek. ",0.15,1.510320668,NA,NA,Mixed,449.3069119,224.653456,41.28455843,20.64227921,408.0223535,204.0111768,0,0,0,0,0,0,0,0,0,0,0,0,2287.897041,2287.897041,0,0,0.000392699,0.000392699,0,1.50953527,0,0,0,0,0.05,0.05,0,0.05,0,0,0,0,61.52741778,0,1.9008,385.8786942,0,0,0,0,6.595373505,0,0.731859836,33.95732509,0,0,0,0,54.93204427,0,1.168940164,351.9213691,0,0,0,2512.550497,2491.908218,20.64227921,33.5,3.625,24.7,28.325,860.3313142,9824.843924,10685.17524,9845.486203,13197.72573,3352.239532
MmBonanza,5,B,118,6/23/2023,MM 125,66.658012,-150.654436,1859351.826,148468.597,263,0,0,subhygric,6,wet,2022,2005,NA,17,NA,93,66,80.3,80.3,LONG,LONG,Mixed white black spruce with birch.," Heavy jackstraw with 90% of trees at site fallen, most fell post fire. Standing water within the transect. Within 100m of creek. ",0.1,5.821371187,0.2,4.908738521,Mixed,1959.898622,979.9493112,97.28183838,48.64091919,1862.616784,931.308392,316.3483979,158.1741989,74.31507982,37.15753991,242.0333181,121.016659,0,0,0,0,0,0,3071.266224,3476.053622,404.7873979,0,2.640508625,0,0,3.180862562,0,0,0,0,0.05,0,0,0.05,0,0,0,0,1016.070816,0,0,943.8278063,0,0,0,0,14.22499143,0,0,83.05684696,0,0,0,0,1001.845825,0,0,860.7709594,0,0,0,4614.177132,4123.591275,490.585857,36,0.625,24.575,25.2,287.9976305,9775.123054,10063.12068,10265.70891,14677.29782,4411.588906
MmBonanza,5,C,118,6/23/2023,MM 125,66.658012,-150.654436,1859351.826,148468.597,263,0,0,subhygric,6,wet,2022,2005,NA,17,NA,93,66,80.3,80.3,LONG,LONG,Mixed white black spruce with birch.," Heavy jackstraw with 90% of trees at site fallen, most fell post fire. Standing water within the transect. Within 100m of creek. ",0.1,38.04154544,1,4.538030588,Spruce,16147.21087,8073.605434,1420.954556,710.4772782,14726.25631,7363.128156,251.6107553,125.8053777,118.4758254,59.23791269,133.13493,66.56746498,0,0,0,0,0,0,3009.008251,3958.829367,949.8211159,0,0,0,0,38.04154544,0,0,0,0,0,0,0,0.1,0,0,0,0,0,0,0,16147.21087,0,0,0,0,0,0,0,1420.954556,0,0,0,0,0,0,0,14726.25631,0,0,0,12158.24018,10438.70387,1719.536307,28.5,2.875,22.2,25.075,644.2662706,4625.705901,5269.972171,6345.242208,17428.21235,11082.97014
MmBonanza,6,A,119,6/24/2023,MM 125,66.639817,-150.663442,1857312.699,148170.791,337,3,309,mesic-subxeric,3,moist,2022,2005,NA,17,NA,60,54,57.3,57.3,MEDIUM,MID,"Young black spruce, significant sphagnum component. ","Changes gps datum to nad 83 after isom. Most trees retained needles. Patchy burn depth in soil. 30m end was at edge of burn, with green beyond. 33deg transect az ",1.65,6.622870013,0.1,0.03848451,Spruce,1750.3205,875.16025,342.7476963,171.3738481,1407.572804,703.7864019,1.078266252,0.539133126,0.634495357,0.317247679,0.443770895,0.221885448,0,0,0,0,0,0,0,0,0,0,0,6.622870013,0,0,0,0,0,0,0,1.65,0,0,0,0,0,0,0,0,1750.3205,0,0,0,0,0,0,0,342.7476963,0,0,0,0,0,0,0,1407.572804,0,0,0,0,875.6993831,704.0082873,171.6910958,31,12,8.775,20.775,3101.593997,1766.469945,4868.063942,1938.161041,5743.763325,3805.602284
MmBonanza,6,B,119,6/24/2023,MM 125,66.639817,-150.663442,1857312.699,148170.791,337,3,309,mesic-subxeric,3,moist,2022,2005,NA,17,NA,60,54,57.3,57.3,MEDIUM,MID,"Young black spruce, significant sphagnum component. ","Changes gps datum to nad 83 after isom. Most trees retained needles. Patchy burn depth in soil. 30m end was at edge of burn, with green beyond. 33deg transect az ",2.65,5.056000677,0.1,0.15393804,Spruce,1209.1891,604.59455,300.4356243,150.2178122,908.7534757,454.3767378,7.153326466,3.576663233,5.220801676,2.610400838,1.932524789,0.966262395,0,0,0,0,0,0,0,0,0,0,0,5.056000677,0,0,0,0,0,0,0,2.65,0,0,0,0,0,0,0,0,1209.1891,0,0,0,0,0,0,0,299.4723243,0,0,0,0,0,0,0,909.7167757,0,0,0,0,608.1712132,455.3430002,152.828213,29.75,20.875,9.85,30.725,5390.788704,1727.832534,7118.621238,1880.660747,7726.792452,5846.131704
MmBonanza,6,C,119,6/24/2023,MM 125,66.639817,-150.663442,1857312.699,148170.791,337,3,309,mesic-subxeric,3,moist,2022,2005,NA,17,NA,60,54,57.3,57.3,MEDIUM,MID,"Young black spruce, significant sphagnum component. ","Changes gps datum to nad 83 after isom. Most trees retained needles. Patchy burn depth in soil. 30m end was at edge of burn, with green beyond. 33deg transect az ",1.75,9.895231461,0.4,0.608683577,Spruce,2630.14735,1315.073675,352.6771776,176.3385888,2277.470172,1138.735086,30.96473676,15.48236838,15.36831963,7.684159813,15.59641713,7.798208566,0,0,0,0,0,0,0,0,0,0,0,9.895231461,0,0,0,0,0,0,0,1.75,0,0,0,0,0,0,0,0,2630.14735,0,0,0,0,0,0,0,352.6771776,0,0,0,0,0,0,0,2277.470172,0,0,0,0,1330.556043,1146.533295,184.0227486,26,16.75,11.1,27.85,4131.294459,1996.366399,6127.660857,2180.389147,7458.216901,5277.827753
MmBonanza,7,A,120,6/24/2023,MM 125,66.639351,-150.662268,1857263.608,148225.483,357,2,278,mesic,4,moist,2022,2005,NA,17,NA,67,15,42,42,MEDIUM,MID,Black spruce,"Sparse black spruce stand, significant eriophorum tussocks. Shallow permafrost. 100m away from unburned green. Sphagnum dominant pre fire. Transect 180deg az ",0.15,0.331045326,7.8,7.122775944,Spruce,101.56305,50.781525,30.00302596,15.00151298,71.56002404,35.78001202,677.4687028,338.7343514,541.8293228,270.9146614,135.6393799,67.81968996,0,0,0,0,0,0,0,0,0,0,0,0.331045326,0,0,0,0,0,0,0,0.15,0,0,0,0,0,0,0,0,101.56305,0,0,0,0,0,0,0,30.00302596,0,0,0,0,0,0,0,71.56002404,0,0,0,0,389.5158764,103.599702,285.9161744,37,22.25,9.95,32.2,6624.656973,1748.966548,8373.623521,2034.882722,8763.139397,6728.256675
MmBonanza,7,B,120,6/24/2023,MM 125,66.639351,-150.662268,1857263.608,148225.483,357,2,278,mesic,4,moist,2022,2005,NA,17,NA,67,15,42,42,MEDIUM,MID,Black spruce,"Sparse black spruce stand, significant eriophorum tussocks. Shallow permafrost. 100m away from unburned green. Sphagnum dominant pre fire. Transect 180deg az ",0.1,0.208130513,3.8,1.398794129,Spruce,47.2397,23.61985,14.11674675,7.058373375,33.12295325,16.56147662,45.11884045,22.55942022,38.69395819,19.34697909,6.424882264,3.212441132,0,0,0,0,0,0,0,0,0,0,0,0.208130513,0,0,0,0,0,0,0,0.1,0,0,0,0,0,0,0,0,47.2397,0,0,0,0,0,0,0,13.36292175,0,0,0,0,0,0,0,33.87677825,0,0,0,0,46.17927022,19.77391775,26.40535247,32.5,26,7.825,33.825,7996.945295,1309.461067,9306.406362,1335.866419,9352.585632,8016.719213
MudNowitnaDirt,65,A,178,7/22/2023,Little Mud,64.714804,-153.748937,1639272.625,11964.237,154,2,56,mesic-subxeric,3,moist,2022,2005,1966,17,39,14,13,13.3,13.3,TRIPLE,TRIPLE-SHORT,"Spruce, birch, and large willow",Trans bearing 143. Site located upslope of a small meadow. Unburned and live birch are visible just outside of site. Live black spruce near site. Uniform burn pattern. ,0.4,0.003141593,12.4,16.52477736,Spruce,45.88133035,22.94066518,20.53902906,10.26951453,25.3423013,12.67115065,750.5580434,375.2790217,511.1157135,255.5578568,239.4423298,119.7211649,39.47458802,19.73729401,9.868647005,4.934323503,29.60594102,14.80297051,30.39105345,60.7821069,30.39105345,0,0,0.002356194,0,0,0.000785398,0,0,0,0,0.3,0,0,0.1,0,0,0,0,0,41.1939,0,4.687430351,0,0,0,0,0,17.47797559,0,3.061053463,0,0,0,0,0,23.71592441,0,1.626376888,0,0,478.7390878,177.5863395,301.1527483,NA,2.5,5.95,8.45,1089.868651,1819.487197,2909.355849,2120.639946,3388.094937,1267.454991
MudNowitnaDirt,65,B,178,7/22/2023,Little Mud,64.714804,-153.748937,1639272.625,11964.237,154,2,56,mesic-subxeric,3,moist,2022,2005,1966,17,39,14,13,13.3,13.3,TRIPLE,TRIPLE-SHORT,"Spruce, birch, and large willow",Trans bearing 143. Site located upslope of a small meadow. Unburned and live birch are visible just outside of site. Live black spruce near site. Uniform burn pattern. ,2.15,23.23050688,0.3,0.942477796,Decid,8477.758571,4238.879286,503.3277885,251.6638942,7974.430783,3987.215391,48.6466097,24.32330485,13.795199,6.8975995,34.8514107,17.42570535,0,0,0,0,0,0,8.532106896,17.06421379,8.532106896,0,23.14332768,0.047516589,0,0,0.039662607,0,0,0,0.95,1.1,0,0,0.1,0,0,0,8363.205532,0,94.3175,0,20.23553953,0,0,0,456.4130776,0,40.06491571,0,6.849795128,0,0,0,7906.792454,0,54.25258429,0,13.38574441,0,0,4280.266805,4013.173203,267.0936006,NA,0,7.45,7.45,0,2935.9744,2935.9744,3203.068001,7216.241205,4013.173203
MudNowitnaDirt,65,C,178,7/22/2023,Little Mud,64.714804,-153.748937,1639272.625,11964.237,154,2,56,mesic-subxeric,3,moist,2022,2005,1966,17,39,14,13,13.3,13.3,TRIPLE,TRIPLE-SHORT,"Spruce, birch, and large willow",Trans bearing 143. Site located upslope of a small meadow. Unburned and live birch are visible just outside of site. Live black spruce near site. Uniform burn pattern. ,3.75,0.481056375,2,1.307687942,Spruce,349.984448,174.992224,110.2393774,55.11968872,239.7450705,119.8725353,62.64357562,31.32178781,21.59069866,10.79534933,41.05287697,20.52643848,12.70172508,6.35086254,6.35086254,3.17543127,6.35086254,3.17543127,106.8481603,164.3963207,57.54816034,0,0.374634924,0.105243354,0,0,0.001178097,0,0,0,0.1,3.5,0,0,0.15,0,0,0,100.5951995,0,239.6893,0,9.69994849,0,0,0,5.241415842,0,99.12004505,0,5.735416539,0,0,0,95.35378363,0,140.5692549,0,3.964531952,0,0,377.061195,250.4225654,126.6386297,NA,2,7.2,9.2,728.6852976,1896.588552,2625.27385,2023.227182,3002.335045,979.107863
MudNowitnaDirt,66,A,179,7/22/2023,Little Mud,64.713647,-153.753518,1639142.753,11746.413,157,7,325,xeric,1,dry,2022,2005,1966,17,39,15,14,14.3,14.3,TRIPLE,TRIPLE-SHORT,Birch and black spruce,Trans bearing 236. Site located on the N side of a small ridge that runs E to W. Site is drier than the nearby meadow below. Live birch visible across meadow to N. Some live trees present in transect. Uniform burn pattern. ,2.85,6.130425364,0.3,0.10681415,Decid,1975.998215,987.9991074,58.0431472,29.0215736,1917.955068,958.9775338,4.732079134,2.366039567,1.093786783,0.546893391,3.638292351,1.819146176,0,0,0,0,0,0,467.460732,710.2554922,242.7947602,0,6.120607887,0.009424778,0,0,0.000392699,0,0,0,1.6,1.2,0,0,0.05,0,0,0,1910.160829,0,64.746,0,1.091385945,0,0,0,48.16071705,0,9.637025093,0,0.245405058,0,0,0,1862.000112,0,55.10897491,0,0.845980887,0,0,1700.620639,1428.257412,272.3632272,NA,1,7.95,8.95,282.1774319,3133.019662,3415.197094,3405.382889,5115.817733,1710.434844
MudNowitnaDirt,66,B,179,7/22/2023,Little Mud,64.713647,-153.753518,1639142.753,11746.413,157,7,325,xeric,1,dry,2022,2005,1966,17,39,15,14,14.3,14.3,TRIPLE,TRIPLE-SHORT,Birch and black spruce,Trans bearing 236. Site located on the N side of a small ridge that runs E to W. Site is drier than the nearby meadow below. Live birch visible across meadow to N. Some live trees present in transect. Uniform burn pattern. ,2.65,0.433539786,0.3,0.18378317,Mixed,237.9312713,118.9656356,15.70392707,7.851963536,222.2273442,111.1136721,8.425230017,4.212615008,0.688959401,0.344479701,7.736270616,3.868135308,0,0,0,0,0,0,43.44557808,113.0161562,69.57057808,0,0.424115008,0.007461283,0,0,0.001963495,0,0,0,1.45,0.95,0,0,0.25,0,0,0,142.3648011,0,85.1202,0,10.44627014,0,0,0,4.078340143,0,10.2287561,0,1.396830834,0,0,0,138.286461,0,74.8914439,0,9.049439305,0,0,236.1944068,158.4273855,77.76702132,NA,0.375,6.45,6.825,531.0741415,2565.596895,3096.671037,2643.363916,3332.865443,689.501527
MudNowitnaDirt,66,C,179,7/22/2023,Little Mud,64.713647,-153.753518,1639142.753,11746.413,157,7,325,xeric,1,dry,2022,2005,1966,17,39,15,14,14.3,14.3,TRIPLE,TRIPLE-SHORT,Birch and black spruce,Trans bearing 236. Site located on the N side of a small ridge that runs E to W. Site is drier than the nearby meadow below. Live birch visible across meadow to N. Some live trees present in transect. Uniform burn pattern. ,2.5,1.657190125,0.7,2.722190034,Mixed,622.0231536,311.0115768,43.24805856,21.62402928,578.775095,289.3875475,150.9140349,75.45701746,8.608979413,4.304489707,142.3050555,71.15252776,219.4945206,109.7472603,0,0,219.4945206,109.7472603,100.6253347,262.6851825,162.0598478,0,1.64619455,0.010210176,0,0,0.000785398,0,0,0,1.1,1.3,0,0,0.1,0,0,0,474.3926851,0,137.6892,0,9.941268523,0,0,0,17.23478228,0,23.97172568,0,2.041550606,0,0,0,457.1579028,0,113.7174743,0,7.899717917,0,0,758.901037,570.9126702,187.9883668,NA,1.125,6.95,8.075,883.2318236,2764.480375,3647.712199,2952.468742,4406.613236,1454.144494
MudNowitnaDirt,67,A,180,7/22/2023,Little Mud,64.712441,-153.756477,1639007.712,11605.892,157,1,350,xeric,1,dry,2022,2005,1966,17,39,16,14,15.3,15.3,TRIPLE,TRIPLE-SHORT,"Birch, small black spruce, willow",Trans bearing 265. Site located on a slight slope about 1m above a lower meadow with trees present. Live birch and willow present at site. Patchy burn pattern. Unusually large alder thicket 30-50m south. ,3.6,0.487732259,5.1,2.093086105,Mixed,191.8512691,95.92563454,13.0916356,6.545817801,178.7596335,89.37981674,81.02825067,40.51412534,5.717280765,2.858640382,75.31096991,37.65548495,0.219545244,0.109772622,0,0,0.219545244,0.109772622,147.2922173,199.9412743,52.64905697,0,0.462599518,0.025132741,0,0,0,0,0,0,0.4,3.2,0,0,0,0,0,0,117.4824691,0,74.3688,0,0,0,0,0,2.353993885,0,10.73764172,0,0,0,0,0,115.1284752,0,63.63115828,0,0,0,0,336.4908068,274.4372916,62.05351516,NA,8.5,10.45,18.95,3961.679747,4156.664737,8118.344484,4218.718252,8454.835291,4236.117039
MudNowitnaDirt,67,B,180,7/22/2023,Little Mud,64.712441,-153.756477,1639007.712,11605.892,157,1,350,xeric,1,dry,2022,2005,1966,17,39,16,14,15.3,15.3,TRIPLE,TRIPLE-SHORT,"Birch, small black spruce, willow",Trans bearing 265. Site located on a slight slope about 1m above a lower meadow with trees present. Live birch and willow present at site. Patchy burn pattern. Unusually large alder thicket 30-50m south. ,3.35,6.57260453,1.4,1.837831702,Mixed,2312.102585,1156.051292,66.68878849,33.34439424,2245.413796,1122.706898,88.64210706,44.32105353,42.89880298,21.44940149,45.74330409,22.87165204,0,0,0,0,0,0,36.57519957,72.10868716,35.53348759,0,6.551791479,0.020813051,0,0,0,0,0,0,0.7,2.65,0,0,0,0,0,0,2232.922385,0,79.1802,0,0,0,0,0,43.04853962,0,23.64024887,0,0,0,0,0,2189.873845,0,55.53995113,0,0,0,0,1272.481033,1182.15375,90.32728332,NA,4,8.2,12.2,1959.990084,3261.689076,5221.67916,3352.016359,6494.160193,3142.143834
MudNowitnaDirt,67,C,180,7/22/2023,Little Mud,64.712441,-153.756477,1639007.712,11605.892,157,1,350,xeric,1,dry,2022,2005,1966,17,39,16,14,15.3,15.3,TRIPLE,TRIPLE-SHORT,"Birch, small black spruce, willow",Trans bearing 265. Site located on a slight slope about 1m above a lower meadow with trees present. Live birch and willow present at site. Patchy burn pattern. Unusually large alder thicket 30-50m south. ,3.3,4.204629068,0.1,0.095033178,Mixed,1217.420014,608.7100068,83.0333984,41.5166992,1134.386615,567.1933076,4.456047533,2.228023767,2.228023767,1.114011883,2.228023767,1.114011883,18.42127389,9.210636947,0,0,18.42127389,9.210636947,165.1517082,261.0872621,95.93555393,0,3.178899066,1.025730001,0,0,0,0,0,0,0.6,2.7,0,0,0,0,0,0,941.3049137,0,276.1151,0,0,0,0,0,15.78262533,0,67.25077307,0,0,0,0,0,925.5222883,0,208.8643269,0,0,0,0,881.2359296,742.6696646,138.566265,NA,6.5,6.2,12.7,3178.827661,2466.155155,5644.982816,2604.72142,6526.218745,3921.497325
MudNowitnaDirt,68,A,181,7/23/2023,Little Mud,64.720611,-153.777512,1639915.495,10600.35,139,1,89,mesic-subxeric,3,moist,2022,2005,1966,17,39,NA,NA,11,11,TRIPLE,TRIPLE-SHORT,"Larch, birch, black spruce, salix, and betula. ","Site is maybe more subxeric. Transect bearing is 0. Site is situated in a depression on a landscape level and local topography is not consistently level. Stand in site is mixture of larch, black spruce and birch all <10 m tall with several pre fire snags still standing and covering forest floor. Forest floor is consistently burned.",0.35,0.002748894,3.9,1.301404757,Spruce,31.81886446,15.90943223,6.652216319,3.32610816,25.16664814,12.58332407,38.9764553,19.48822765,24.37386645,12.18693322,14.60258885,7.301294427,168.4625739,84.23128697,42.11564349,21.05782174,126.3469305,63.17346523,3.332746479,13.33098592,9.998239437,0,0,0.001963495,0,0,0.000785398,0,0,0,0,0.25,0,0,0.1,0,0,0,0,0,30.2346,0,1.584264459,0,0,0,0,0,5.496867968,0,1.155348351,0,0,0,0,0,24.73773203,0,0.428916107,0,0,132.9599328,86.39083021,46.56910256,87,4,7.2,11.2,1250.734966,1592.150166,2842.885132,1638.719269,2975.845065,1337.125796
MudNowitnaDirt,68,B,181,7/23/2023,Little Mud,64.720611,-153.777512,1639915.495,10600.35,139,1,89,mesic-subxeric,3,moist,2022,2005,1966,17,39,NA,NA,11,11,TRIPLE,TRIPLE-SHORT,"Larch, birch, black spruce, salix, and betula. ","Site is maybe more subxeric. Transect bearing is 0. Site is situated in a depression on a landscape level and local topography is not consistently level. Stand in site is mixture of larch, black spruce and birch all <10 m tall with several pre fire snags still standing and covering forest floor. Forest floor is consistently burned.",2.85,0.053799774,1,1.149822911,Spruce,192.1370941,96.06854703,70.68932707,35.34466354,121.447767,60.7238835,54.83193957,27.41596979,11.53037168,5.765185839,43.30156789,21.65078395,407.2268669,203.6134334,0,0,407.2268669,203.6134334,54.05105634,163.9542254,109.903169,0,0.001178097,0.052621677,0,0,0,0,0,0,0.15,2.7,0,0,0,0,0,0,6.525594065,0,185.6115,0,0,0,0,0,0.356758906,0,70.33256817,0,0,0,0,0,6.168835159,0,115.2789318,0,0,0,0,491.0521756,340.0391572,151.0130184,NA,1.75,5.95,7.7,821.1816655,1819.487197,2640.668863,1970.500216,3131.721039,1161.220823
MudNowitnaDirt,68,C,181,7/23/2023,Little Mud,64.720611,-153.777512,1639915.495,10600.35,139,1,89,mesic-subxeric,3,moist,2022,2005,1966,17,39,NA,NA,11,11,TRIPLE,TRIPLE-SHORT,"Larch, birch, black spruce, salix, and betula. ","Site is maybe more subxeric. Transect bearing is 0. Site is situated in a depression on a landscape level and local topography is not consistently level. Stand in site is mixture of larch, black spruce and birch all <10 m tall with several pre fire snags still standing and covering forest floor. Forest floor is consistently burned.",1.1,0.05576327,10.5,19.05218865,Spruce,92.04069407,46.02034703,34.23080747,17.11540374,57.80988659,28.9049433,1218.693135,609.3465675,682.8998834,341.4499417,535.7932515,267.8966258,852.8633797,426.4316898,70.5447212,35.2723606,782.3186585,391.1593292,124.5716007,209.8161249,85.24452417,0,0.000392699,0.055370571,0,0,0,0,0,0,0.05,1.05,0,0,0,0,0,0,3.896594065,0,88.1441,0,0,0,0,0,0.29510498,0,33.93570249,0,0,0,0,0,3.601489085,0,54.20839751,0,0,0,0,1291.614729,812.532499,479.0822302,NA,6,6.2,12.2,2009.235899,1304.274955,3313.510854,1783.357185,4605.125584,2821.768398
MudNowitnaDirt,69,A,182,7/23/2023,Little Mud,64.718866,-153.785274,1639719.638,10231.164,138,4,130,mesic-subxeric,3,moist,2022,2005,1966,17,39,16,10,12.7,12.7,TRIPLE,TRIPLE-SHORT,"Aspen, birch, spruce, salix and betula woodland ",Transect bearing is 210. Site is located on side of mild slope bit local topography is fairly level. Understory is uniformly burned pretty much down to mineral soil. Lots of small (<9 m tall) dead downed and standing aspen and birch. Small (3 m tall) dense spruce in understory. ,6.1,3.31438025,0.1,0.019634954,Mixed,955.2010792,477.6005396,129.1685464,64.58427318,826.0325328,413.0162664,0.844192503,0.422096252,0.52797112,0.26398556,0.316221383,0.158110692,0,0,0,0,0,0,14.27582443,57.10329771,42.82747329,2.930320548,0.246615023,0.137444679,0,0,0,0,0,2.8,0.2,3.1,0,0,0,0,0,694.2298243,60.79485489,0,200.1764,0,0,0,0,65.52067337,2.76031587,0,60.88755713,0,0,0,0,628.7091509,58.03453902,0,139.2888429,0,0,0,0,535.1259336,427.4502015,107.675732,NA,1,5.45,6.45,824.5388766,2167.829935,2992.368811,2275.505667,3527.494745,1251.989078
MudNowitnaDirt,69,B,182,7/23/2023,Little Mud,64.718866,-153.785274,1639719.638,10231.164,138,4,130,mesic-subxeric,3,moist,2022,2005,1966,17,39,16,10,12.7,12.7,TRIPLE,TRIPLE-SHORT,"Aspen, birch, spruce, salix and betula woodland ",Transect bearing is 210. Site is located on side of mild slope bit local topography is fairly level. Understory is uniformly burned pretty much down to mineral soil. Lots of small (<9 m tall) dead downed and standing aspen and birch. Small (3 m tall) dense spruce in understory. ,5.2,2.569822791,6.9,3.252333795,Mixed,710.1475976,355.0737988,96.07118912,48.03559456,614.0764085,307.0382042,103.5585791,51.77928955,32.5408114,16.2704057,71.01776771,35.50888385,0,0,0,0,0,0,4.331303057,8.662606115,4.331303057,2.520735405,0.000392699,0.048694686,0,0,0,0,0,1.9,0.05,3.25,0,0,0,0,0,564.0645985,7.342099081,0,138.7409,0,0,0,0,55.42469558,0.325845416,0,40.26934812,0,0,0,0,508.6399029,7.016253666,0,98.47155188,0,0,0,0,415.5156945,346.8783911,68.63730332,NA,1.25,6.2,7.45,941.9247706,2466.155155,3408.079926,2534.792458,3823.59562,1288.803162
MudNowitnaDirt,69,C,182,7/23/2023,Little Mud,64.718866,-153.785274,1639719.638,10231.164,138,4,130,mesic-subxeric,3,moist,2022,2005,1966,17,39,16,10,12.7,12.7,TRIPLE,TRIPLE-SHORT,"Aspen, birch, spruce, salix and betula woodland ",Transect bearing is 210. Site is located on side of mild slope bit local topography is fairly level. Understory is uniformly burned pretty much down to mineral soil. Lots of small (<9 m tall) dead downed and standing aspen and birch. Small (3 m tall) dense spruce in understory. ,5.75,0.733169186,0.7,0.673086226,Mixed,312.5402199,156.27011,42.4590697,21.22953485,270.0811502,135.0405751,31.97815738,15.98907869,8.456376741,4.228188371,23.52178064,11.76089032,0,0,0,0,0,0,463.9090564,915.9269587,452.0179022,0.002748894,0.694684676,0.033379422,0,0,0,0.002356194,0,0.35,0.85,4.25,0,0,0,0.3,0,14.4135994,161.0783207,0,119.8692,0,0,17.1790998,0,2.833474998,4.54990084,0,29.68751671,0,0,3.876416376,1.511760782,11.5801244,156.5284199,0,90.18168329,0,0,13.30268342,-1.511760782,1088.186147,610.7105218,477.4756255,NA,1.375,8.7,10.075,680.2106283,3460.572556,4140.783184,3938.048182,5228.969332,1290.92115
PreachPreacher,281,A,97,7/26/2022,Preacher Creek,65.96928092,-144.7205138,1808508.442,421303.9419,169,0,0,mesic,4,moist,2019,2004,NA,15,NA,NA,NA,32,32,MEDIUM,SHORT,White spruce,Spruce pre 04. Few spruce seedlings before 19. Few spruce seedlings now. Deciduous regen mostly,NA,NA,0.1,2.922466566,Mixed,NA,0,NA,0,NA,0,190.5458152,95.27290761,190.5458152,95.27290761,0,0,2868.497927,1434.248963,0,0,2868.497927,1434.248963,1284.453321,1336.203321,51.75,NA,NA,NA,NA,NA,NA,NA,NA,NA,NA,NA,NA,NA,NA,NA,NA,NA,NA,NA,NA,NA,NA,NA,NA,NA,NA,NA,NA,NA,NA,NA,NA,NA,NA,NA,NA,NA,NA,NA,NA,2865.725192,2718.702284,147.0229076,NA,0.25,7.732565619,7.982565619,472.3811945,3075.759123,3548.140318,3222.782031,6413.86551,3191.083479
PreachPreacher,281,B,97,7/26/2022,Preacher Creek,65.96928092,-144.7205138,1808508.442,421303.9419,169,0,0,mesic,4,moist,2019,2004,NA,15,NA,NA,NA,32,32,MEDIUM,SHORT,White spruce,Spruce pre 04. Few spruce seedlings before 19. Few spruce seedlings now. Deciduous regen mostly,0.05,0.07696902,1.3,6.199147704,Spruce,10.84970752,5.424853762,3.292632522,1.646316261,7.557075001,3.778537501,340.9834181,170.491709,340.9834181,170.491709,0,0,857.9368749,428.9684374,0,0,857.9368749,428.9684374,83.3,95.2,11.9,0,0,0,0,0.07696902,0,0,0,0,0,0,0,0.05,0,0,0,0,0,0,0,10.84970752,0,0,0,0,0,0,0,3.292632522,0,0,0,0,0,0,0,7.557075001,0,0,0,700.0850002,516.0469749,184.0380253,NA,0.625,7.357565619,7.982565619,335.2009778,2295.479086,2630.680064,2479.517112,3330.765064,851.2479527
PreachPreacher,281,C,97,7/26/2022,Preacher Creek,65.96928092,-144.7205138,1808508.442,421303.9419,169,0,0,mesic,4,moist,2019,2004,NA,15,NA,NA,NA,32,32,MEDIUM,SHORT,White spruce,Spruce pre 04. Few spruce seedlings before 19. Few spruce seedlings now. Deciduous regen mostly,0.05,0.141764368,1.4,4.987278338,Decid,35.69735201,17.84867601,4.244998189,2.122499094,31.45235382,15.72617691,263.4080356,131.7040178,263.4080356,131.7040178,0,0,0,0,0,0,0,0,874.4625523,874.4625523,0,0,0.141764368,0,0,0,0,0,0,0,0.05,0,0,0,0,0,0,0,35.69735201,0,0,0,0,0,0,0,4.244998189,0,0,0,0,0,0,0,31.45235382,0,0,0,0,0,0,1024.015246,890.1887292,133.8265169,NA,6.25,1.732565619,7.99128281,3410.711876,682.787692,4093.499568,816.6142089,5117.514814,4300.900605
PreachPreacher,46,A,96,7/26/2022,Preacher Creek,65.94457446,-144.6798011,1806044.763,423524.8505,215,2,0,mesic-subxeric,3,moist,2019,2004,NA,15,NA,15,13,13.7,13.7,SHORT,SHORT,White spruce birch mixed in 04. Birch after 04,Birch aspen regen. Old big white spruce before 04. Near chopper and ditch,1,5.748329158,0.2,0.226194671,Decid,1843.396736,921.6983679,25.8075543,12.90377715,1817.589181,908.7945907,10.73922258,5.369611291,0,0,10.73922258,5.369611291,0,0,0,0,0,0,700.0826712,1550.758145,850.6754742,0,5.748329158,0,0,0,0,0,0,0,1,0,0,0,0,0,0,0,1843.396736,0,0,0,0,0,0,0,25.8075543,0,0,0,0,0,0,0,1817.589181,0,0,0,0,0,0,2477.826125,1614.246873,863.5792514,NA,0.5,6.915698186,7.415698186,293.2732436,2725.411119,3018.684363,3588.99037,5496.510487,1907.520117
PreachPreacher,46,B,96,7/26/2022,Preacher Creek,65.94457446,-144.6798011,1806044.763,423524.8505,215,2,0,mesic-subxeric,3,moist,2019,2004,NA,15,NA,15,13,13.7,13.7,SHORT,SHORT,White spruce birch mixed in 04. Birch after 04,Birch aspen regen. Old big white spruce before 04. Near chopper and ditch,0.15,0.303949089,0.1,0.078539816,Decid,75.12003093,37.56001547,1.39644671,0.698223355,73.72358422,36.86179211,3.635,1.8175,0,0,3.635,1.8175,0,0,0,0,0,0,349.8244886,1013.345162,663.5206734,0,0.303949089,0,0,0,0,0,0,0,0.15,0,0,0,0,0,0,0,75.12003093,0,0,0,0,0,0,0,1.39644671,0,0,0,0,0,0,0,73.72358422,0,0,0,0,0,0,1052.722677,388.5037807,664.2188968,NA,0,8.052647212,8.052647212,0,3173.471956,3173.471956,3837.690853,4226.194633,388.5037807
PreachPreacher,46,C,96,7/26/2022,Preacher Creek,65.94457446,-144.6798011,1806044.763,423524.8505,215,2,0,mesic-subxeric,3,moist,2019,2004,NA,15,NA,15,13,13.7,13.7,SHORT,SHORT,White spruce birch mixed in 04. Birch after 04,Birch aspen regen. Old big white spruce before 04. Near chopper and ditch,0.1,0.495193542,NA,NA,Decid,137.2983395,68.64916975,1.922176753,0.961088376,135.3761627,67.68808137,0,0,0,0,0,0,0,0,0,0,0,0,891.4425609,3414.670244,2523.227683,0,0.495193542,0,0,0,0,0,0,0,0.1,0,0,0,0,0,0,0,137.2983395,0,0,0,0,0,0,0,1.922176753,0,0,0,0,0,0,0,135.3761627,0,0,0,0,0,0,3483.319414,959.1306423,2524.188771,NA,0.75,7.250089627,8.000089627,428.8140537,2857.191617,3286.005671,5381.380388,6769.325084,1387.944696
PreachPreacher,483,A,98,7/26/2022,Preacher Creek,65.94399699,-144.6845522,1805950.835,423319.3563,253,5,25,mesic-subxeric,3,moist,2019,2004,NA,15,NA,14,12,13.3,13.3,SHORT,SHORT,Birch some white spruce uphill prior to 04 burn. Site located 30 m west of unburned area. Birch resprouts and aspen seedlings. Pretty wet. ,See prefire  veg,1.15,5.571614571,0.5,4.162610266,Decid,1562.021889,781.0109443,35.76465417,17.88232709,1526.257234,763.1286172,237.855321,118.9276605,0,0,237.855321,118.9276605,0,0,0,0,0,0,40.06238976,160.249559,120.1871693,0,4.776398931,0,0,0.79521564,0,0,0,0,1.1,0,0,0.05,0,0,0,0,1383.199958,0,0,178.8219302,0,0,0,0,20.02832431,0,0,15.73632986,0,0,0,0,1363.171634,0,0,163.0856004,0,0,0,1060.188164,922.1186675,138.0694964,NA,1.25,6.721530798,7.971530798,699.8956739,2648.891591,3348.787265,2786.961088,4408.975429,1622.014341
PreachPreacher,483,B,98,7/26/2022,Preacher Creek,65.94399699,-144.6845522,1805950.835,423319.3563,253,5,25,mesic-subxeric,3,moist,2019,2004,NA,15,NA,14,12,13.3,13.3,SHORT,SHORT,Birch some white spruce uphill prior to 04 burn. Site located 30 m west of unburned area. Birch resprouts and aspen seedlings. Pretty wet. ,See prefire  veg,0.15,0.333794219,NA,NA,Decid,85.56004877,42.78002438,1.197840683,0.598920341,84.36220808,42.18110404,0,0,0,0,0,0,6479.611699,3239.80585,0,0,6479.611699,3239.80585,518.8586813,1264.300835,745.4421538,0,0.333794219,0,0,0,0,0,0,0,0.15,0,0,0,0,0,0,0,85.56004877,0,0,0,0,0,0,0,1.197840683,0,0,0,0,0,0,0,84.36220808,0,0,0,0,0,0,4546.886709,3800.845635,746.0410741,NA,0.125,8.359696824,8.484696824,89.96202849,3294.477298,3384.439327,4040.518372,7931.326036,3890.807664
PreachPreacher,483,C,98,7/26/2022,Preacher Creek,65.94399699,-144.6845522,1805950.835,423319.3563,253,5,25,mesic-subxeric,3,moist,2019,2004,NA,15,NA,14,12,13.3,13.3,SHORT,SHORT,Birch some white spruce uphill prior to 04 burn. Site located 30 m west of unburned area. Birch resprouts and aspen seedlings. Pretty wet. ,See prefire  veg,0.8,0.328296432,1.4,3.153373626,Decid,66.91285341,33.45642671,1.017958213,0.508979107,65.8948952,32.9474476,166.8606542,83.43032712,5.202373529,2.601186764,161.6582807,80.82914035,0,0,0,0,0,0,0,0,0,0,0.328296432,0,0,0,0,0,0,0,0.8,0,0,0,0,0,0,0,66.91285341,0,0,0,0,0,0,0,1.017958213,0,0,0,0,0,0,0,65.8948952,0,0,0,0,0,0,116.8867538,113.776588,3.110165871,NA,3.75,4.734696824,8.484696824,2055.303775,1865.89915,3921.202925,1869.009316,4038.089679,2169.080363
PreachPreacher,579,A,99,7/26/2022,Preacher Creek,65.94500927,-144.6863483,1806050.94,423222.5247,232,1,310,subxeric,2,dry,2019,2004,NA,15,NA,17,13,15,15,SHORT,SHORT,Birch,White spruce birch mixed prior to 04 birch resprout regen. Up on ridge. Saw thumb plot,0.15,1.131366054,NA,NA,Decid,332.9824268,166.4912134,4.661753975,2.330876987,328.3206728,164.1603364,0,0,0,0,0,0,0,0,0,0,0,0,598.048105,2392.19242,1794.144315,0,1.131366054,0,0,0,0,0,0,0,0.15,0,0,0,0,0,0,0,332.9824268,0,0,0,0,0,0,0,4.661753975,0,0,0,0,0,0,0,328.3206728,0,0,0,0,0,0,2558.683634,762.2084414,1796.475192,NA,0,7.91745572,7.91745572,0,3120.19427,3120.19427,4916.669462,5678.877904,762.2084414
PreachPreacher,579,B,99,7/26/2022,Preacher Creek,65.94500927,-144.6863483,1806050.94,423222.5247,232,1,310,subxeric,2,dry,2019,2004,NA,15,NA,17,13,15,15,SHORT,SHORT,Birch,White spruce birch mixed prior to 04 birch resprout regen. Up on ridge. Saw thumb plot,0.1,0.801498826,NA,NA,Decid,241.2318401,120.61592,5.521562313,2.760781156,235.7102778,117.8551389,0,0,0,0,0,0,0,0,0,0,0,0,3119.291735,5780.540495,2661.24876,0,0.801498826,0,0,0,0,0,0,0,0.1,0,0,0,0,0,0,0,241.2318401,0,0,0,0,0,0,0,5.521562313,0,0,0,0,0,0,0,235.7102778,0,0,0,0,0,0,5901.156415,3237.146874,2664.009541,NA,0,8.307180886,8.307180886,0,3273.781265,3273.781265,5937.790805,9174.937679,3237.146874
PreachPreacher,579,C,99,7/26/2022,Preacher Creek,65.94500927,-144.6863483,1806050.94,423222.5247,232,1,310,subxeric,2,dry,2019,2004,NA,15,NA,17,13,15,15,SHORT,SHORT,Birch,White spruce birch mixed prior to 04 birch resprout regen. Up on ridge. Saw thumb plot,0.1,0.387201295,NA,NA,Decid,102.6199628,51.30998141,1.43667948,0.71833974,101.1832833,50.59164167,0,0,0,0,0,0,0,0,0,0,0,0,402.4630059,753.1760119,350.7130059,0,0.387201295,0,0,0,0,0,0,0,0.1,0,0,0,0,0,0,0,102.6199628,0,0,0,0,0,0,0,1.43667948,0,0,0,0,0,0,0,101.1832833,0,0,0,0,0,0,804.4859933,453.0546476,351.4313457,NA,0,8.593462234,8.593462234,0,3386.602031,3386.602031,3738.033377,4191.088024,453.0546476
PreachPreacher,8675309,A,101,7/26/2022,Preacher Creek,65.96744717,-144.7241821,1808283.091,421166.8902,169,0,0,mesic-subhygric,5,wet,2019,2004,NA,15,NA,NA,NA,11.5,11.5,SHORT,SHORT,Birch resprouts with spruce seedlings,Small burn patch. Mixed prefire mixed post 2019. No 2019 spruce regen. Birch sprouts and aspen seedlings. Low severity plot near lake and landing spot. LAST SITE OF THE DAYYYYYY!!!!,1.15,0.009032079,NA,NA,Spruce,93.7035,46.85175,6.359197321,3.17959866,87.34430268,43.67215134,0,0,0,0,0,0,1101.773129,550.8865643,393.5164162,196.7582081,708.2567125,354.1283562,1089.131524,1587.978536,498.847012,0,0,0.009032079,0,0,0,0,0,0,0,1.15,0,0,0,0,0,0,0,0,93.7035,0,0,0,0,0,0,0,6.359197321,0,0,0,0,0,0,0,87.34430268,0,0,0,0,2185.71685,1486.932032,698.7848188,NA,8,0.154818397,10.0774092,2840.859836,22.13225179,2862.992087,720.9170706,5048.708938,4327.791867
PreachPreacher,8675309,B,101,7/26/2022,Preacher Creek,65.96744717,-144.7241821,1808283.091,421166.8902,169,0,0,mesic-subhygric,5,wet,2019,2004,NA,15,NA,NA,NA,11.5,11.5,SHORT,SHORT,Birch resprouts with spruce seedlings,Small burn patch. Mixed prefire mixed post 2019. No 2019 spruce regen. Birch sprouts and aspen seedlings. Low severity plot near lake and landing spot. LAST SITE OF THE DAYYYYYY!!!!,NA,NA,NA,NA,Mixed,NA,0,NA,0,NA,0,0,0,0,0,0,0,2806.9998,1403.4999,577.9149796,288.9574898,2229.08482,1114.54241,1032.565712,1603.74675,571.1810373,NA,NA,NA,NA,NA,NA,NA,NA,NA,NA,NA,NA,NA,NA,NA,NA,NA,NA,NA,NA,NA,NA,NA,NA,NA,NA,NA,NA,NA,NA,NA,NA,NA,NA,NA,NA,NA,NA,NA,NA,3007.24665,2147.108122,860.1385271,NA,2.5,5.654818397,8.154818397,1528.854241,2249.299926,3778.154167,3109.438453,6785.400816,3675.962363
PreachPreacher,8675309,C,101,7/26/2022,Preacher Creek,65.96744717,-144.7241821,1808283.091,421166.8902,169,0,0,mesic-subhygric,5,wet,2019,2004,NA,15,NA,NA,NA,11.5,11.5,SHORT,SHORT,Birch resprouts with spruce seedlings,Small burn patch. Mixed prefire mixed post 2019. No 2019 spruce regen. Birch sprouts and aspen seedlings. Low severity plot near lake and landing spot. LAST SITE OF THE DAYYYYYY!!!!,0.65,0.357356164,NA,NA,Decid,107.4055057,53.70275287,1.855057882,0.927528941,105.5504479,52.77522393,0,0,0,0,0,0,836.4378602,418.2189301,198.1643591,99.08217956,638.2735011,319.1367505,855.0356874,1332.2571,477.2214124,0,0.356178067,0.001178097,0,0,0,0,0,0,0.5,0.15,0,0,0,0,0,0,100.1884057,0,7.2171,0,0,0,0,0,1.40263768,0,0.452420201,0,0,0,0,0,98.78576805,0,6.764679799,0,0,0,0,1804.178783,1226.947662,577.2311209,NA,1,7.154818397,8.154818397,564.3548638,2819.646128,3384.000992,3396.877249,5188.179775,1791.302526
PreachPreacher,918,A,100,7/26/2022,Preacher Creek,65.96837425,-144.7244254,1808383.715,421141.5521,170,0,0,mesic-subhygric,5,wet,2019,2004,NA,15,NA,34,11,20.3,20.3,SHORT,SHORT,Mixed spruce and deciduous seedlings. Big spruce prior to 04. Deciduous regen only now. Wet flat site. Low severity. ,See veg,0.35,0.105243354,NA,NA,Decid,37.14247618,18.57123809,2.154138192,1.077069096,34.98833799,17.494169,0,0,0,0,0,0,100.2504343,50.12521713,0,0,100.2504343,50.12521713,3907.829958,6097.069166,2189.239208,0,0.080110613,0,0,0.025132741,0,0,0,0,0.3,0,0,0.05,0,0,0,0,34.31025795,0,0,2.832218232,0,0,0,0,1.023986802,0,0,1.13015139,0,0,0,0,33.28627115,0,0,1.702066842,0,0,0,6165.765621,3975.449344,2190.316277,71.5,11.5,0,12.5,4089.04877,0,4089.04877,2190.316277,10254.81439,8064.498114
PreachPreacher,918,B,100,7/26/2022,Preacher Creek,65.96837425,-144.7244254,1808383.715,421141.5521,170,0,0,mesic-subhygric,5,wet,2019,2004,NA,15,NA,34,11,20.3,20.3,SHORT,SHORT,Mixed spruce and deciduous seedlings. Big spruce prior to 04. Deciduous regen only now. Wet flat site. Low severity. ,See veg,0.45,0.349894882,NA,NA,Mixed,96.23740012,48.11870006,2.879156544,1.439578272,93.35824358,46.67912179,0,0,0,0,0,0,13456.83693,6728.418465,3375.430466,1687.715233,10081.40646,5040.703232,1580.791724,2485.865356,905.0736326,0,0.30787608,0,0,0.042018802,0,0,0,0,0.05,0,0,0.4,0,0,0,0,86.75252966,0,0,9.484870465,0,0,0,0,1.214535415,0,0,1.664621129,0,0,0,0,85.53799424,0,0,7.820249336,0,0,0,9262.402521,6668.174077,2594.228444,75,12.25,0,14.625,5857.404068,0,5857.404068,2594.228444,15119.80659,12525.57815
PreachPreacher,918,C,100,7/26/2022,Preacher Creek,65.96837425,-144.7244254,1808383.715,421141.5521,170,0,0,mesic-subhygric,5,wet,2019,2004,NA,15,NA,34,11,20.3,20.3,SHORT,SHORT,Mixed spruce and deciduous seedlings. Big spruce prior to 04. Deciduous regen only now. Wet flat site. Low severity. ,See veg,0.05,0.031808626,0.2,0.226194671,Decid,6.449196391,3.224598196,0.521929277,0.260964639,5.927267114,2.963633557,10.73922258,5.369611291,1.119555623,0.559777811,9.619666959,4.809833479,276.684144,138.342072,59.0224575,29.51122875,217.6616865,108.8308433,2347.934253,4280.007742,1932.073489,0,0.031808626,0,0,0,0,0,0,0,0.05,0,0,0,0,0,0,0,6.449196391,0,0,0,0,0,0,0,0.521929277,0,0,0,0,0,0,0,5.927267114,0,0,0,0,0,0,4426.944024,2464.538563,1962.405461,85,13,0,13,4773.586694,0,4773.586694,1962.405461,9200.530717,7238.125257
Shovel,18,A,5,7/5/2021,Shovel Creek,64.95943689,-148.1654613,1678632.531,275290.341,436,16,264,mesic-subhygric,5,wet,2019,NA,NA,100,NA,102,91,96,96,LONG,LONG,BS,Low severity. Some unburned sphagnum patches. ,1.55,18.24519203,NA,NA,Spruce,4837.535605,2418.767803,1234.308114,617.154057,3603.227491,1801.613746,0,0,0,0,0,0,0,0,0,0,0,0,22.82037593,45.64075185,22.82037593,0,2.150420171,16.09477186,0,0,0,0,0,0,0.05,1.5,0,0,0,0,0,0,803.213305,0,4034.3223,0,0,0,0,0,54.92536325,0,1096.188376,0,0,0,0,0,748.2879418,0,2938.133924,0,0,0,0,2464.408555,1824.434122,639.9744329,NA,14.91666667,12.81111111,27.72777778,3063.520957,2811.266998,5874.787954,3451.24143,8339.196509,4887.955079
Shovel,18,B,5,7/5/2021,Shovel Creek,64.95943689,-148.1654613,1678632.531,275290.341,436,16,264,mesic-subhygric,5,wet,2019,NA,NA,100,NA,102,91,96,96,LONG,LONG,BS,Low severity. Some unburned sphagnum patches. ,0.95,4.414330377,NA,NA,Spruce,1133.72795,566.863975,307.8721215,153.9360608,825.8558285,412.9279142,0,0,0,0,0,0,0,0,0,0,0,0,0,0,0,0,0,4.414330377,0,0,0,0,0,0,0,0.95,0,0,0,0,0,0,0,0,1133.72795,0,0,0,0,0,0,0,295.8738215,0,0,0,0,0,0,0,837.8541285,0,0,0,0,566.863975,412.9279142,153.9360608,NA,30.08333333,8.644444444,38.72777778,6630.396837,1480.286504,8110.683341,1634.222565,8677.547316,7043.324751
Shovel,18,C,5,7/5/2021,Shovel Creek,64.95943689,-148.1654613,1678632.531,275290.341,436,16,264,mesic-subhygric,5,wet,2019,NA,NA,100,NA,102,91,96,96,LONG,LONG,BS,Low severity. Some unburned sphagnum patches. ,2.55,13.38750439,NA,NA,Spruce,3433.2523,1716.62615,1251.756227,625.8781134,2181.496073,1090.748037,0,0,0,0,0,0,0,0,0,0,0,0,0,0,0,0,0,13.38750439,0,0,0,0,0,0,0,2.55,0,0,0,0,0,0,0,0,3433.2523,0,0,0,0,0,0,0,1197.069977,0,0,0,0,0,0,0,2236.182323,0,0,0,0,1716.62615,1090.748037,625.8781134,NA,22.41666667,12.14444444,34.56111111,4646.454693,2238.773808,6885.228501,2864.651921,8601.854651,5737.20273
Shovel,21,A,2,7/4/2021,Shovel Creek,64.95248,-148.41943,1676829.662,263401.3342,720,11,340,subxeric,2,dry,2019,NA,NA,100,NA,145,65,93.7,93.7,LONG,LONG,Low density tree line black spruce,"Rocky soil, no thaw depth ",0.05,0.000392699,NA,NA,Spruce,0,0,0,0,0,0,0,0,0,0,0,0,0,0,0,0,0,0,0,0,0,NA,NA,NA,NA,NA,NA,NA,NA,NA,NA,NA,NA,NA,NA,NA,NA,0,0,0,0,0,0,0,0,0,0,0,0,0,0,0,0,0,0,0,0,0,0,0,0,0,0,0,NA,10.58333333,14.2,24.78333333,2850.693174,3014.074946,5864.76812,3014.074946,5864.76812,2850.693174
Shovel,21,B,2,7/4/2021,Shovel Creek,64.95248,-148.41943,1676829.662,263401.3342,720,11,340,subxeric,2,dry,2019,NA,NA,100,NA,145,65,93.7,93.7,LONG,LONG,Low density tree line black spruce,"Rocky soil, no thaw depth ",0.2,1.124065778,NA,NA,Spruce,261.2961435,130.6480718,52.76113201,26.38056601,208.5350115,104.2675057,0,0,0,0,0,0,0,0,0,0,0,0,0,0,0,0,0,1.124065778,0,0,0,0,0,0,0,0.2,0,0,0,0,0,0,0,0,261.2961435,0,0,0,0,0,0,0,50.69838426,0,0,0,0,0,0,0,210.5977592,0,0,0,0,130.6480718,104.2675057,26.38056601,NA,9.083333333,14.7,23.78333333,2375.390419,3141.222129,5516.612548,3167.602695,5647.26062,2479.657925
Shovel,21,C,2,7/4/2021,Shovel Creek,64.95248,-148.41943,1676829.662,263401.3342,720,11,340,subxeric,2,dry,2019,NA,NA,100,NA,145,65,93.7,93.7,LONG,LONG,Low density tree line black spruce,"Rocky soil, no thaw depth ",0.15,1.800639172,NA,NA,Spruce,473.7966105,236.8983053,67.79370392,33.89685196,406.0029066,203.0014533,0,0,0,0,0,0,0,0,0,0,0,0,0,0,0,0,0,1.800639172,0,0,0,0,0,0,0,0.15,0,0,0,0,0,0,0,0,473.7966105,0,0,0,0,0,0,0,63.26791717,0,0,0,0,0,0,0,410.5286933,0,0,0,0,236.8983053,203.0014533,33.89685196,NA,12.95833333,10.75555556,23.71388889,3357.721299,1932.456924,5290.178223,1966.353776,5527.076529,3560.722752
Shovel,26,A,6,7/5/2021,Shovel Creek,64.9594,-148.16544,1678628.522,275291.7043,476,13,285,mesic,4,moist,2019,NA,NA,100,NA,102,93,98.7,98.7,LONG,LONG,Black spruce,"High severity; trees fallen over;  one small patch of organic soil at 3m, but deep burning everywhere and exposed mineral soil. ",1,13.1000683,NA,NA,Spruce,3345.141575,1672.570787,1035.55947,517.7797348,2309.582105,1154.791053,0,0,0,0,0,0,0,0,0,0,0,0,27.94426113,111.7770445,83.83278339,0,0,12.07865799,0,1.021410311,0,0,0,0,0,0.95,0,0.05,0,0,0,0,0,0,3103.662687,241.4788884,0,0,0,0,0,0,946.3633252,47.31649071,0,0,0,0,0,0,2157.299361,194.1623977,0,0,0,1784.347832,1182.735314,601.6125182,NA,3.208333333,20.2,23.40833333,833.3412593,4364.708066,5198.049325,4966.320584,6982.397157,2016.076573
Shovel,26,B,6,7/5/2021,Shovel Creek,64.9594,-148.16544,1678628.522,275291.7043,476,13,285,mesic,4,moist,2019,NA,NA,100,NA,102,93,98.7,98.7,LONG,LONG,Black spruce,"High severity; trees fallen over;  one small patch of organic soil at 3m, but deep burning everywhere and exposed mineral soil. ",0.7,9.350950533,NA,NA,Spruce,2410.89745,1205.448725,707.7147158,353.8573579,1703.182734,851.5913671,0,0,0,0,0,0,0,0,0,0,0,0,111.7770445,223.554089,111.7770445,0,0,9.350950533,0,0,0,0,0,0,0,0.7,0,0,0,0,0,0,0,0,2410.89745,0,0,0,0,0,0,0,681.7204908,0,0,0,0,0,0,0,1729.176959,0,0,0,0,1429.002814,963.3684116,465.6344024,NA,2.083333333,29.97777778,32.06111111,447.668717,6617.52906,7065.197777,7083.163462,8494.200591,1411.037129
Shovel,26,C,6,7/5/2021,Shovel Creek,64.9594,-148.16544,1678628.522,275291.7043,476,13,285,mesic,4,moist,2019,NA,NA,100,NA,102,93,98.7,98.7,LONG,LONG,Black spruce,"High severity; trees fallen over;  one small patch of organic soil at 3m, but deep burning everywhere and exposed mineral soil. ",1.3,16.48943444,NA,NA,Spruce,4110.71185,2055.355925,1006.688288,503.344144,3104.023562,1552.011781,0,0,0,0,0,0,0,0,0,0,0,0,27.94426113,111.7770445,83.83278339,0,0,16.48943444,0,0,0,0,0,0,0,1.3,0,0,0,0,0,0,0,0,4110.71185,0,0,0,0,0,0,0,959.630088,0,0,0,0,0,0,0,3151.081762,0,0,0,0,2167.13297,1579.956042,587.1769274,NA,4,32.97777778,36.97777778,984.8813663,7434.247161,8419.128528,8021.424089,10586.2615,2564.837408
Shovel,31,A,3,7/4/2021,Shovel Creek,64.95606,-148.39127,1677339.384,264693.6526,745,10,300,mesic,4,moist,2019,NA,NA,100,NA,110,41,76.3,76.3,LONG,LONG,Tree line black spruce. Low density.,No thaw. Lower severity. Deeper burning around trees. ,0.3,2.86545844,NA,NA,Spruce,791.0361735,395.5180868,94.51353588,47.25676794,696.5226376,348.2613188,0,0,0,0,0,0,0,0,0,0,0,0,0,0,0,0,0,2.86545844,0,0,0,0,0,0,0,0.3,0,0,0,0,0,0,0,0,791.0361735,0,0,0,0,0,0,0,94.51353588,0,0,0,0,0,0,0,696.5226376,0,0,0,0,395.5180868,348.2613188,47.25676794,NA,10.75,19.31111111,30.06111111,3412.692512,4307.983099,7720.675612,4355.239867,8116.193698,3760.953831
Shovel,31,B,3,7/4/2021,Shovel Creek,64.95606,-148.39127,1677339.384,264693.6526,745,10,300,mesic,4,moist,2019,NA,NA,100,NA,110,41,76.3,76.3,LONG,LONG,Tree line black spruce. Low density.,No thaw. Lower severity. Deeper burning around trees. ,0.25,0.304098315,NA,NA,Spruce,163.458441,81.7292205,37.04093768,18.52046884,126.4175033,63.20875166,0,0,0,0,0,0,0,0,0,0,0,0,0,0,0,0,0,0.304098315,0,0,0,0,0,0,0,0.25,0,0,0,0,0,0,0,0,163.458441,0,0,0,0,0,0,0,37.04093768,0,0,0,0,0,0,0,126.4175033,0,0,0,0,81.7292205,63.20875166,18.52046884,NA,17.5,9.644444444,27.14444444,5673.029098,1705.447901,7378.476999,1723.96837,7460.20622,5736.23785
Shovel,31,C,3,7/4/2021,Shovel Creek,64.95606,-148.39127,1677339.384,264693.6526,745,10,300,mesic,4,moist,2019,NA,NA,100,NA,110,41,76.3,76.3,LONG,LONG,Tree line black spruce. Low density.,No thaw. Lower severity. Deeper burning around trees. ,0.05,0.009817477,NA,NA,Spruce,1.49,0.745,0.613506902,0.306753451,0.876493098,0.438246549,0,0,0,0,0,0,0,0,0,0,0,0,0,0,0,0,0,0.009817477,0,0,0,0,0,0,0,0.05,0,0,0,0,0,0,0,0,1.49,0,0,0,0,0,0,0,0.613506902,0,0,0,0,0,0,0,0.876493098,0,0,0,0,0.745,0.438246549,0.306753451,NA,24.29166667,10.36666667,34.65833333,8432.525594,1836.304509,10268.8301,1836.611262,10269.5751,8432.96384
Shovel,41,A,1,7/3/2021,Shovel Creek,64.9498674,-148.2947491,1677039.451,269296.9071,686,7,275,xeric,1,dry,2019,NA,NA,100,NA,160,92,135.7,135.7,LONG,LONG,Black spruce,No thaw depth too rocky. Slope = 7 degrees Aspect = 275 Lat = 64.94985 Lon = 148.29469 elevation = 686,0.25,32.78173394,NA,NA,Mixed,12154.12143,6077.060716,1731.339622,865.6698111,10422.78181,5211.390905,0,0,0,0,0,0,0,0,0,0,0,0,56.95259846,227.8103938,170.8577954,0,0,11.4624935,0,21.31924045,0,0,0,0,0,0.2,0,0.05,0,0,0,0,0,0,2899.3658,9254.755631,0,0,0,0,0,0,584.9441434,1146.395479,0,0,0,0,0,0,2314.421657,8108.360153,0,0,0,6304.87111,5268.343503,1036.527606,NA,3.625,19.86666667,23.49166667,860.3313142,7902.303616,8762.63493,8938.831223,15067.50604,6128.674818
Shovel,41,B,1,7/3/2021,Shovel Creek,64.9498674,-148.2947491,1677039.451,269296.9071,686,7,275,xeric,1,dry,2019,NA,NA,100,NA,160,92,135.7,135.7,LONG,LONG,Black spruce,No thaw depth too rocky. Slope = 7 degrees Aspect = 275 Lat = 64.94985 Lon = 148.29469 elevation = 686,0.05,0.000392699,NA,NA,Spruce,0,0,0,0,0,0,0,0,0,0,0,0,0,0,0,0,0,0,64.78610746,157.4754859,92.6893784,NA,NA,NA,NA,NA,NA,NA,NA,NA,NA,NA,NA,NA,NA,NA,NA,0,0,0,0,0,0,0,0,0,0,0,0,0,0,0,0,0,0,0,0,0,0,0,0,157.4754859,64.78610746,92.6893784,NA,5,14.2,19.2,1330.105569,3787.740562,5117.846131,3880.42994,5275.321616,1394.891676
Shovel,41,C,1,7/3/2021,Shovel Creek,64.9498674,-148.2947491,1677039.451,269296.9071,686,7,275,xeric,1,dry,2019,NA,NA,100,NA,160,92,135.7,135.7,LONG,LONG,Black spruce,No thaw depth too rocky. Slope = 7 degrees Aspect = 275 Lat = 64.94985 Lon = 148.29469 elevation = 686,0.55,37.25182759,NA,NA,Spruce,9397.42885,4698.714425,1447.982619,723.9913093,7949.446231,3974.723116,0,0,0,0,0,0,0,0,0,0,0,0,199.2583685,398.5167371,199.2583685,0,0,37.25182759,0,0,0,0,0,0,0,0.55,0,0,0,0,0,0,0,0,9397.42885,0,0,0,0,0,0,0,1395.046694,0,0,0,0,0,0,0,8002.382156,0,0,0,0,5097.231162,4173.981485,923.2496778,NA,3.625,16.2,19.825,913.2914234,4488.34537,5401.636794,5411.595048,10498.86796,5087.272908
Shovel,47,A,46,7/20/2021,Shovel Creek,64.94795,-148.31549,1676742.488,268338.5777,686,15,352,subxeric,2,dry,2015,NA,NA,100,NA,83,80,81,81,LONG,LONG,Black spruce,Rocky; thin organic; only 1 mineral collected; lots of shrub resprouts; trees had low combustion,0.15,2.07423655,1.1,1.532311817,Spruce,523.5752,261.7876,73.3124603,36.65623015,450.2627397,225.1313699,71.39492028,35.69746014,2.565453647,1.282726824,68.82946663,34.41473332,0,0,0,0,0,0,54.52936384,218.1174554,163.5880915,0,0,2.07423655,0,0,0,0,0,0,0,0.15,0,0,0,0,0,0,0,0,523.5752,0,0,0,0,0,0,0,73.3124603,0,0,0,0,0,0,0,450.2627397,0,0,0,0,515.6025155,314.0754671,201.5270485,20,7.25,21.64444444,28.89444444,1799.162197,4491.885812,6291.048009,4693.41286,6806.650525,2113.237664
Shovel,47,B,46,7/20/2021,Shovel Creek,64.94795,-148.31549,1676742.488,268338.5777,686,15,352,subxeric,2,dry,2015,NA,NA,100,NA,83,80,81,81,LONG,LONG,Black spruce,Rocky; thin organic; only 1 mineral collected; lots of shrub resprouts; trees had low combustion,0.35,5.947034893,1.3,3.118030709,Spruce,1518.497,759.2485,236.4135541,118.206777,1282.083446,641.041723,200.3109788,100.1554894,8.077782041,4.03889102,192.2331968,96.1165984,0,0,0,0,0,0,13.0625,52.25,39.1875,0,0,5.947034893,0,0,0,0,0,0,0,0.35,0,0,0,0,0,0,0,0,1518.497,0,0,0,0,0,0,0,235.9720041,0,0,0,0,0,0,0,1282.524996,0,0,0,0,911.6539894,750.2208214,161.433168,NA,8.916666667,15.53333333,24.45,2310.414382,3004.957394,5315.371776,3166.390562,6227.025765,3060.635203
Shovel,47,C,46,7/20/2021,Shovel Creek,64.94795,-148.31549,1676742.488,268338.5777,686,15,352,subxeric,2,dry,2015,NA,NA,100,NA,83,80,81,81,LONG,LONG,Black spruce,Rocky; thin organic; only 1 mineral collected; lots of shrub resprouts; trees had low combustion,0.15,6.716725093,0.8,1.131758753,Spruce,1689.0784,844.5392,409.4893328,204.7446664,1279.589067,639.7945336,55.92941446,27.96470723,20.69091938,10.34545969,35.23849508,17.61924754,0,0,0,0,0,0,0,0,0,0,0,6.716725093,0,0,0,0,0,0,0,0.15,0,0,0,0,0,0,0,0,1689.0784,0,0,0,0,0,0,0,380.9714828,0,0,0,0,0,0,0,1308.106917,0,0,0,0,872.5039072,657.4137811,215.0901261,NA,5.916666667,19.14444445,25.06111111,1407.307681,3866.509952,5273.817632,4081.600078,6146.32154,2064.721462
Shovel,60,A,7,7/5/2021,Shovel Creek,64.9589,-148.24605,1678241.133,271502.7004,540,13,288,mesic-subhygric,5,wet,2019,NA,NA,100,NA,94,90,92.3,92.3,LONG,LONG,Black spruce ,Patchy burning; lots of exposed mineral soil; rocky no thaw depths; lots of seedlings,0.55,8.041691795,NA,NA,Spruce,2055.2092,1027.6046,288.3442082,144.1721041,1766.864992,883.4324959,0,0,0,0,0,0,0,0,0,0,0,0,13.80632744,55.22530974,41.41898231,0,0,8.041691795,0,0,0,0,0,0,0,0.55,0,0,0,0,0,0,0,0,2055.2092,0,0,0,0,0,0,0,288.3442082,0,0,0,0,0,0,0,1766.864992,0,0,0,0,1082.82991,897.2388233,185.5910864,NA,6.583333333,30.31111111,36.89444445,2305.787495,6698.962156,9004.749652,6884.553243,10087.57956,3203.026319
Shovel,60,B,7,7/5/2021,Shovel Creek,64.9589,-148.24605,1678241.133,271502.7004,540,13,288,mesic-subhygric,5,wet,2019,NA,NA,100,NA,94,90,92.3,92.3,LONG,LONG,Black spruce ,Patchy burning; lots of exposed mineral soil; rocky no thaw depths; lots of seedlings,0.1,0.349502183,NA,NA,Spruce,53.044,26.522,33.87154026,16.93577013,19.17245974,9.586229871,0,0,0,0,0,0,0,0,0,0,0,0,0,0,0,0,0,0.349502183,0,0,0,0,0,0,0,0.1,0,0,0,0,0,0,0,0,53.044,0,0,0,0,0,0,0,31.84946526,0,0,0,0,0,0,0,21.19453474,0,0,0,0,26.522,9.586229871,16.93577013,NA,5.166666667,24.75555555,29.92222222,1720.366139,5305.951714,7026.317852,5322.887484,7052.839852,1729.952369
Shovel,60,C,7,7/5/2021,Shovel Creek,64.9589,-148.24605,1678241.133,271502.7004,540,13,288,mesic-subhygric,5,wet,2019,NA,NA,100,NA,94,90,92.3,92.3,LONG,LONG,Black spruce ,Patchy burning; lots of exposed mineral soil; rocky no thaw depths; lots of seedlings,0.45,4.462239665,NA,NA,Spruce,1167.71155,583.855775,178.5109146,89.2554573,989.2006354,494.6003177,0,0,0,0,0,0,0,0,0,0,0,0,178.0789009,352.1262414,174.0473405,0,0,4.462239665,0,0,0,0,0,0,0,0.45,0,0,0,0,0,0,0,0,1167.71155,0,0,0,0,0,0,0,176.2381146,0,0,0,0,0,0,0,991.4734354,0,0,0,0,935.9820164,672.6792186,263.3027978,NA,11.625,17.86666667,29.49166667,4964.399314,4157.20771,9121.607024,4420.510508,10057.58904,5637.078532
Shovel,8,A,4,7/5/2021,Shovel Creek,64.95412,-148.2617,1677646.255,270812.084,517,15,312,mesic,4,moist,2019,NA,NA,100,NA,342,201,254.7,254.7,LONG,LONG,Black spruce ,N convex landscape position low severity with lots of sphagnum,0.8,10.59777012,NA,NA,Spruce,2738.21735,1369.108675,642.3163374,321.1581687,2095.901013,1047.950506,0,0,0,0,0,0,0,0,0,0,0,0,294.0279138,392.0372184,98.0093046,0,0,10.59777012,0,0,0,0,0,0,0,0.8,0,0,0,0,0,0,0,0,2738.21735,0,0,0,0,0,0,0,612.5609124,0,0,0,0,0,0,0,2125.656438,0,0,0,0,1761.145893,1341.97842,419.1674733,45,28.41666667,10.2,38.61666667,8660.276961,1868.550025,10528.82699,2287.717498,12289.97288,10002.25538
Shovel,8,B,4,7/5/2021,Shovel Creek,64.95412,-148.2617,1677646.255,270812.084,517,15,312,mesic,4,moist,2019,NA,NA,100,NA,342,201,254.7,254.7,LONG,LONG,Black spruce ,N convex landscape position low severity with lots of sphagnum,0.25,11.70793042,NA,NA,Spruce,2949.86841,1474.934205,882.6041067,441.3020533,2067.264304,1033.632152,0,0,0,0,0,0,0,0,0,0,0,0,201.8492631,351.7762645,149.9270015,0,0.173180295,11.53475013,0,0,0,0,0,0,0.05,0.2,0,0,0,0,0,0,44.89236038,0,2904.97605,0,0,0,0,0,2.711827263,0,789.6702794,0,0,0,0,0,42.18053312,0,2115.305771,0,0,0,0,1826.71047,1235.481415,591.2290548,NA,7.125,17.2,24.325,1626.885284,3384.852331,5011.737616,3976.081386,6838.448085,2862.366699
Shovel,8,C,4,7/5/2021,Shovel Creek,64.95412,-148.2617,1677646.255,270812.084,517,15,312,mesic,4,moist,2019,NA,NA,100,NA,342,201,254.7,254.7,LONG,LONG,Black spruce ,N convex landscape position low severity with lots of sphagnum,0.65,24.70273573,NA,NA,Spruce,6279.75345,3139.876725,1657.198288,828.599144,4622.555162,2311.277581,0,0,0,0,0,0,0,0,0,0,0,0,48.14014606,192.5605842,144.4204382,0,0,24.70273573,0,0,0,0,0,0,0,0.65,0,0,0,0,0,0,0,0,6279.75345,0,0,0,0,0,0,0,1542.474638,0,0,0,0,0,0,0,4737.278812,0,0,0,0,3332.437309,2359.417727,973.0195822,NA,17.29166667,21.2,38.49166667,4750.842105,4589.352073,9340.194178,5562.371655,12672.63149,7110.259832
SnohomishEagle,60,A,173,7/20/2023,Snohomish,63.837145,-152.784231,1541840.422,59726.709,323,1,221,subxeric,2,dry,2022,1990,NA,32,NA,29,26,27.7,27.7,SHORT,MID,"Mixed spruce and deciduous woodland (birch, willow, and aspen). ","Transect bearing 141. Site might be closer to xeric in moisture class. Located in thick mixed spruce and deciduous stand, mostly dead and standing trees with several live ones mixed in. Small willow, birch, and aspen shoots are dominating the understory throughout site. Burn pattern is fairly uniform across forest floor. Site topography is fairly level. ",1.05,6.801940794,NA,NA,Spruce,1661.277839,830.6389195,311.2691191,155.6345595,1350.00872,675.00436,0,0,0,0,0,0,0,0,0,0,0,0,88.45237459,257.0295287,168.5771541,0,0,5.848860123,0,0.952295273,0,0.000785398,0,0,0,0.85,0,0.1,0,0.1,0,0,0,0,1456.548,204.3596864,0,0.370152721,0,0,0,0,271.4616098,28.64679812,0,0.066862691,0.032573439,0,0,0,1185.08639,175.7128882,0,0.30329003,-0.032573439,1087.668448,763.4567346,324.2117136,NA,5.125,8.7,13.825,2405.897811,2408.121561,4814.019372,2732.333275,5901.68782,3169.354546
SnohomishEagle,60,B,173,7/20/2023,Snohomish,63.837145,-152.784231,1541840.422,59726.709,323,1,221,subxeric,2,dry,2022,1990,NA,32,NA,29,26,27.7,27.7,SHORT,MID,"Mixed spruce and deciduous woodland (birch, willow, and aspen). ","Transect bearing 141. Site might be closer to xeric in moisture class. Located in thick mixed spruce and deciduous stand, mostly dead and standing trees with several live ones mixed in. Small willow, birch, and aspen shoots are dominating the understory throughout site. Burn pattern is fairly uniform across forest floor. Site topography is fairly level. ",3.65,16.44741564,0.8,8.666083335,Mixed,5448.261056,2724.130528,438.849725,219.4248625,5009.411331,2504.705666,515.2486228,257.6243114,61.19712422,30.59856211,454.0514986,227.0257493,0,0,0,0,0,0,202.0527003,378.2736097,176.2209094,0.127234502,9.398859821,3.16004951,0,3.69490566,0,0.066366145,0,0.05,0.65,2.8,0,0.1,0,0.05,0,25.31131121,3504.709375,0,923.7702,984.6879989,0,9.78217076,0,0.937498789,133.9769602,0,167.7050996,132.359077,0,0.273058254,0.860831027,24.37381243,3370.732415,0,756.0651004,852.3289218,0,9.509112506,-0.860831027,3360.028449,2933.784116,426.244334,NA,3,7.575,10.575,1472.455053,3013.084726,4485.539779,3439.32906,7845.568228,4406.239169
SnohomishEagle,60,C,173,7/20/2023,Snohomish,63.837145,-152.784231,1541840.422,59726.709,323,1,221,subxeric,2,dry,2022,1990,NA,32,NA,29,26,27.7,27.7,SHORT,MID,"Mixed spruce and deciduous woodland (birch, willow, and aspen). ","Transect bearing 141. Site might be closer to xeric in moisture class. Located in thick mixed spruce and deciduous stand, mostly dead and standing trees with several live ones mixed in. Small willow, birch, and aspen shoots are dominating the understory throughout site. Burn pattern is fairly uniform across forest floor. Site topography is fairly level. ",6.2,37.90410076,0.3,0.745342857,Mixed,13668.73032,6834.365158,581.9007647,290.9503823,13086.82955,6543.414776,21.57593457,10.78796729,1.247044934,0.623522467,20.32888964,10.16444482,0,0,0,0,0,0,180.0312317,573.2889608,393.257729,11.36471142,21.20378692,4.602433238,0,0.730812991,0.000785398,0.001570796,0,0.25,1.05,4.5,0,0.1,0.1,0.2,0,3440.324391,8756.512523,0,1303.1354,140.6877845,16.21613601,11.85408181,0,85.12463292,240.1156918,0,234.0408293,18.5150446,2.447790777,0.613616104,1.043159199,3355.199758,8516.396831,0,1069.094571,122.1727399,13.76834524,11.2404657,-1.043159199,7418.442086,6733.610453,684.8316338,NA,4,7.7,11.7,1686.810563,3062.805596,4749.616159,3747.637229,12168.05824,8420.421016
SnohomishEagle,61,A,174,7/20/2023,Snohomish,63.838853,-152.783366,1542031.904,59765.705,319,3,298,subxeric,2,dry,2022,1990,NA,32,NA,116,30,78.7,78.7,LONG,MID,Black spruce stand 6-7 m. ,"Transect bearing is 30. Site is possibly more on the xeric side. Forest stand consists of well spaced dead and standing black spruce and clumps of alder. Ground is burned down to mineral soil in patches and burned sphagnum clumps persist through site. On a landscape level the topography is slopeing down west of the site, but locally the site is fairly level. ",0.95,4.992383426,2.7,1.034369381,Spruce,1732.128923,866.0644613,659.4159075,329.7079537,1072.713015,536.3565075,0,0,0,0,0,0,0,0,0,0,0,0,26.4625,92.45,65.9875,0,0,4.991598027,0,0,0.000392699,0,0.000392699,0,0,0.85,0,0,0.05,0,0.05,0,0,0,1670.2615,0,13.76287591,0,48.10454665,0,0,0,508.3508767,0,7.536566272,0,127.9385146,0,0,0,1161.910623,0,6.226309637,0,-79.8339679,958.5144613,562.8190075,395.6954537,NA,6.75,15.325,22.075,1781.363943,3715.771205,5497.135148,4111.466659,6455.64961,2344.18295
SnohomishEagle,61,B,174,7/20/2023,Snohomish,63.838853,-152.783366,1542031.904,59765.705,319,3,298,subxeric,2,dry,2022,1990,NA,32,NA,116,30,78.7,78.7,LONG,MID,Black spruce stand 6-7 m. ,"Transect bearing is 30. Site is possibly more on the xeric side. Forest stand consists of well spaced dead and standing black spruce and clumps of alder. Ground is burned down to mineral soil in patches and burned sphagnum clumps persist through site. On a landscape level the topography is slopeing down west of the site, but locally the site is fairly level. ",0.35,0.002748894,3.6,1.619491013,Spruce,100.2404877,50.12024387,47.64598729,23.82299364,52.59450045,26.29725023,41.71457851,20.85728925,27.56720026,13.78360013,14.14737825,7.073689127,444.1500829,222.0750415,96.11957204,48.05978602,348.0305109,174.0152555,0,0,0,0,0,0.002356194,0,0,0.000392699,0,0,0,0,0.3,0,0,0.05,0,0,0,0,0,59.9049,0,40.33558774,0,0,0,0,0,27.74378972,0,19.90219757,0,0,0,0,0,32.16111028,0,20.43339017,0,0,293.0525746,207.3861949,85.66637979,NA,21.75,12.2,33.95,6439.922125,2236.2606,8676.182724,2321.926979,8969.235299,6647.30832
SnohomishEagle,61,C,174,7/20/2023,Snohomish,63.838853,-152.783366,1542031.904,59765.705,319,3,298,subxeric,2,dry,2022,1990,NA,32,NA,116,30,78.7,78.7,LONG,MID,Black spruce stand 6-7 m. ,"Transect bearing is 30. Site is possibly more on the xeric side. Forest stand consists of well spaced dead and standing black spruce and clumps of alder. Ground is burned down to mineral soil in patches and burned sphagnum clumps persist through site. On a landscape level the topography is slopeing down west of the site, but locally the site is fairly level. ",1.85,1.733766446,6.4,3.485597049,Spruce,475.7173271,237.8586635,179.4183258,89.70916292,296.2990013,148.1495006,112.5393461,56.26967306,41.30241713,20.65120857,71.23692899,35.6184645,45.86199109,22.93099554,19.19762597,9.598812985,26.66436512,13.33218256,49.575,105.85,56.275,0,0,1.732981048,0,0,0.000785398,0,0,0,0,1.75,0,0,0.1,0,0,0,0,0,442.6107,0,33.1066271,0,0,0,0,0,153.7159483,0,17.37932758,0,0,0,0,0,288.8947517,0,15.72729952,0,0,422.9093321,246.6751477,176.2341845,NA,23.25,12.2,35.45,6980.541848,2238.584157,9219.126005,2414.818342,9642.035337,7227.216995
SnohomishEagle,62,A,175,7/21/2023,Snohomish,63.839691,-152.778787,1542129.597,59988.896,322,2,299,subxeric,2,dry,2022,1990,NA,32,NA,25,23,24.3,24.3,SHORT,MID,Larch and black spruce stand <10 m tall.,"Transect bearing is 29. Forest stand consists of well spaced dead and standing black spruce and larch. Ground is burned down to mineral soil in patches and burned sphagnum clumps persist through site. On a landscape level the topography is slopeing down west of the site, but locally the site is fairly level. ",2.8,1.15885499,3.2,1.44984501,Spruce,483.0425,241.52125,173.2148261,86.60741303,309.8276739,154.913837,31.78317636,15.89158818,22.20310386,11.10155193,9.580072497,4.790036248,0,0,0,0,0,0,70.50673264,162.8639603,92.35722761,0,0,1.15885499,0,0,0,0,0,0,0,2.8,0,0,0,0,0,0,0,0,483.0425,0,0,0,0,0,0,0,167.5055261,0,0,0,0,0,0,0,315.5369739,0,0,0,0,420.2767984,230.2106059,190.0661926,NA,11.25,10.95,22.2,5763.015821,1961.648113,7724.663934,2151.714305,8144.940732,5993.226427
SnohomishEagle,62,B,175,7/21/2023,Snohomish,63.839691,-152.778787,1542129.597,59988.896,322,2,299,subxeric,2,dry,2022,1990,NA,32,NA,25,23,24.3,24.3,SHORT,MID,Larch and black spruce stand <10 m tall.,"Transect bearing is 29. Forest stand consists of well spaced dead and standing black spruce and larch. Ground is burned down to mineral soil in patches and burned sphagnum clumps persist through site. On a landscape level the topography is slopeing down west of the site, but locally the site is fairly level. ",1.25,0.589048623,2.9,1.266847238,Spruce,186.7819,93.39095,68.10702929,34.05351464,118.6748707,59.33743536,38.77652112,19.38826056,24.84160114,12.42080057,13.93491998,6.967459988,0,0,0,0,0,0,207.6871576,303.0705335,95.38337596,0,0,0.589048623,0,0,0,0,0,0,0,1.25,0,0,0,0,0,0,0,0,186.7819,0,0,0,0,0,0,0,65.11025429,0,0,0,0,0,0,0,121.6716457,0,0,0,0,415.8497441,273.9920529,141.8576912,NA,15.5,13.7,29.2,8489.383685,2569.482906,11058.86659,2711.340597,11474.71634,8763.375738
SnohomishEagle,62,C,175,7/21/2023,Snohomish,63.839691,-152.778787,1542129.597,59988.896,322,2,299,subxeric,2,dry,2022,1990,NA,32,NA,25,23,24.3,24.3,SHORT,MID,Larch and black spruce stand <10 m tall.,"Transect bearing is 29. Forest stand consists of well spaced dead and standing black spruce and larch. Ground is burned down to mineral soil in patches and burned sphagnum clumps persist through site. On a landscape level the topography is slopeing down west of the site, but locally the site is fairly level. ",0.75,1.425104967,4.1,2.561968809,Spruce,449.6826606,224.8413303,86.17942581,43.08971291,363.5032348,181.7516174,76.25139571,38.12569785,50.75415619,25.3770781,25.49723952,12.74861976,0,0,0,0,0,0,42.46412129,65.35648515,22.89236386,0,0.190066356,1.235038612,0,0,0,0,0,0,0.05,0.7,0,0,0,0,0,0,49.93881063,0,399.74385,0,0,0,0,0,2.04796684,0,82.89763397,0,0,0,0,0,47.89084379,0,316.846216,0,0,0,0,328.3235133,236.9643584,91.35915487,NA,18.375,9.45,27.825,10427.83353,1649.447884,12077.28141,1740.807038,12405.60492,10664.79788
SnohomishEagle,63,A,176,7/21/2023,Snohomish,63.832563,-152.757481,1541353.152,61050.269,208,2,125,mesic-subxeric,3,moist,2022,1990,NA,32,NA,NA,NA,37,37,MEDIUM,MID,White spruce and deciduous stand. ,Transect bearing is 39. Site runs parallel to creek (~10m away) and is located in burned white spruce stand with several live spruce and birch in area. Ground is fairly evenly burned to mineral soil (sand) throughout site. ,0.5,89.74587734,NA,NA,Spruce,45361.88364,22680.94182,7109.05486,3554.52743,38252.82878,19126.41439,0,0,0,0,0,0,0,0,0,0,0,0,0,0,0,0,0.127627202,0,0,89.61707204,0.001178097,0,0,0,0.1,0,0,0.25,0.15,0,0,0,35.43678313,0,0,45303.74009,22.70676704,0,0,0,0.880787289,0,0,7104.632308,3.541765427,0,0,0,34.55599584,0,0,38199.10778,19.16500161,0,0,22680.94182,19126.41439,3554.52743,NA,1.5,16.0952788,17.5952788,397.3485787,4451.011291,4848.35987,8005.538721,27529.30169,19523.76297
SnohomishEagle,63,B,176,7/21/2023,Snohomish,63.832563,-152.757481,1541353.152,61050.269,208,2,125,mesic-subxeric,3,moist,2022,1990,NA,32,NA,NA,NA,37,37,MEDIUM,MID,White spruce and deciduous stand. ,Transect bearing is 39. Site runs parallel to creek (~10m away) and is located in burned white spruce stand with several live spruce and birch in area. Ground is fairly evenly burned to mineral soil (sand) throughout site. ,0.2,104.9327289,NA,NA,Spruce,51142.20774,25571.10387,8902.500963,4451.250481,42239.70678,21119.85339,0,0,0,0,0,0,0,0,0,0,0,0,0,0,0,0,0.30787608,0,0,104.6248528,0,0,0,0,0.05,0,0,0.15,0,0,0,0,86.75252966,0,0,51055.45521,0,0,0,0,4.632317885,0,0,8897.868645,0,0,0,0,82.12021177,0,0,42157.58657,0,0,0,25571.10387,21119.85339,4451.250481,NA,0,16.07275382,16.07275382,0,4442.990047,4442.990047,8894.240528,30014.09392,21119.85339
SnohomishEagle,63,C,176,7/21/2023,Snohomish,63.832563,-152.757481,1541353.152,61050.269,208,2,125,mesic-subxeric,3,moist,2022,1990,NA,32,NA,NA,NA,37,37,MEDIUM,MID,White spruce and deciduous stand. ,Transect bearing is 39. Site runs parallel to creek (~10m away) and is located in burned white spruce stand with several live spruce and birch in area. Ground is fairly evenly burned to mineral soil (sand) throughout site. ,0.1,59.28970735,NA,NA,Spruce,27658.97886,13829.48943,4486.768218,2243.384109,23172.21065,11586.10532,0,0,0,0,0,0,3379.366127,1689.683063,0,0,3379.366127,1689.683063,1335.412992,1780.550656,445.137664,0,0,0,0,59.28970735,0,0,0,0,0,0,0,0.1,0,0,0,0,0,0,0,27658.97886,0,0,0,0,0,0,0,4486.768218,0,0,0,0,0,0,0,23172.21065,0,0,0,17299.72315,14611.20137,2688.521773,NA,0,17.5952788,17.5952788,0,4992.291977,4992.291977,7680.81375,22292.01513,14611.20137
SnohomishEagle,64,A,177,7/21/2023,Snohomish,63.834225,-152.764137,1541532.617,60719.815,242,8,123,xeric,1,dry,2022,1990,NA,32,NA,28,27,27.3,27.3,SHORT,MID,Spruce and birch woodland. ,Transect bearing is 21. Site is located on SW facing hillside consisting of mostly small (3-5 m) burned spruce with several larger (10-15 m) burned birch spaced throughout.  Forest floor has been burned consistently to mineral with hardly any organic layer left. ,3.6,8.179529173,NA,NA,Mixed,3583.866221,1791.93311,465.707748,232.853874,3118.158473,1559.079236,0,0,0,0,0,0,0,0,0,0,0,0,35.7839137,116.3356548,80.55174111,0,8.020093346,0.159435827,0,0,0,0,0,0,0.5,3.1,0,0,0,0,0,0,3028.347621,0,555.5186,0,0,0,0,0,196.9552362,0,267.4700119,0,0,0,0,0,2831.392384,0,288.0485881,0,0,0,0,1908.268765,1594.86315,313.4056151,NA,0.75,8.95,9.7,375.501234,3560.014296,3935.51553,3873.419911,5843.784295,1970.364384
SnohomishEagle,64,B,177,7/21/2023,Snohomish,63.834225,-152.764137,1541532.617,60719.815,242,8,123,xeric,1,dry,2022,1990,NA,32,NA,28,27,27.3,27.3,SHORT,MID,Spruce and birch woodland. ,Transect bearing is 21. Site is located on SW facing hillside consisting of mostly small (3-5 m) burned spruce with several larger (10-15 m) burned birch spaced throughout.  Forest floor has been burned consistently to mineral with hardly any organic layer left. ,3.85,0.162184721,0.2,0.40212386,Spruce,505.8289,252.91445,241.917533,120.9587665,263.911367,131.9556835,19.96996864,9.984984318,13.92041375,6.960206876,6.049554885,3.024777442,0,0,0,0,0,0,145.6374972,246.5499887,100.9124916,0,0,0.162184721,0,0,0,0,0,0,0,3.85,0,0,0,0,0,0,0,0,505.8289,0,0,0,0,0,0,0,241.195058,0,0,0,0,0,0,0,264.633842,0,0,0,0,509.4494231,280.6179581,228.8314649,NA,1,9.7,10.7,432.3744462,2703.839707,3136.214153,2932.671171,3645.663576,712.9924043
SnohomishEagle,64,C,177,7/21/2023,Snohomish,63.834225,-152.764137,1541532.617,60719.815,242,8,123,xeric,1,dry,2022,1990,NA,32,NA,28,27,27.3,27.3,SHORT,MID,Spruce and birch woodland. ,Transect bearing is 21. Site is located on SW facing hillside consisting of mostly small (3-5 m) burned spruce with several larger (10-15 m) burned birch spaced throughout.  Forest floor has been burned consistently to mineral with hardly any organic layer left. ,1.65,2.129214421,NA,NA,Spruce,723.5966467,361.7983234,247.3610378,123.6805189,476.2356089,238.1178045,0,0,0,0,0,0,0,0,0,0,0,0,60.19999272,231.6499821,171.4499894,0,1.061858317,1.067356104,0,0,0,0,0,0,0.05,1.6,0,0,0,0,0,0,358.0452467,0,365.5514,0,0,0,0,0,24.13949612,0,217.8777917,0,0,0,0,0,333.9057506,0,147.6736083,0,0,0,0,593.4483055,298.3177972,295.1305083,NA,3.5,9.95,13.45,1208.826705,2409.495902,3618.322607,2704.626411,4211.770913,1507.144502
TananaRoad,735,A,47,7/24/2021,Hay Slough,65.119326,-151.213906,1687102.109,130839.0013,384,3,152,mesic-subxeric,3,moist,2015,1969,NA,46,NA,38,33,35,35,MEDIUM,MID,Sparse black spruce - maybe white spruce. ,Rocky soil. Ash layer. Burned to mineral in many places. ,0.05,0.039269908,0.7,4.623638988,Spruce,5.96,2.98,3.073424,1.536712,2.886576,1.443288,236.9939266,118.4969633,59.24848165,29.62424083,177.745445,88.87272248,0,0,0,0,0,0,534.2674688,1112.878898,578.6114294,0,0,0.039269908,0,0,0,0,0,0,0,0.05,0,0,0,0,0,0,0,0,5.96,0,0,0,0,0,0,0,2.930924,0,0,0,0,0,0,0,3.029076,0,0,0,0,1234.355861,624.5834793,609.7723822,40.33333333,3.666666667,14.86666667,18.53333334,1220.7513,4034.420944,5255.172244,4644.193326,6489.528106,1845.33478
TananaRoad,735,B,47,7/24/2021,Hay Slough,65.119326,-151.213906,1687102.109,130839.0013,384,3,152,mesic-subxeric,3,moist,2015,1969,NA,46,NA,38,33,35,35,MEDIUM,MID,Sparse black spruce - maybe white spruce. ,Rocky soil. Ash layer. Burned to mineral in many places. ,0.4,0.481449074,NA,NA,Spruce,201.7761681,100.8880841,29.44079598,14.72039799,172.3353722,86.16768608,0,0,0,0,0,0,0,0,0,0,0,0,35.80470411,143.2188164,107.4141123,0,0.07696902,0.404480054,0,0,0,0,0,0,0.05,0.35,0,0,0,0,0,0,17.73876815,0,184.0374,0,0,0,0,0,0.410255018,0,29.03054097,0,0,0,0,0,17.32851313,0,155.006859,0,0,0,0,244.1069005,121.9723902,122.1345103,35,5.041666667,10.03333333,15.075,1754.690072,2285.2012,4039.891272,2407.33571,4283.998172,1876.662462
TananaRoad,735,C,47,7/24/2021,Hay Slough,65.119326,-151.213906,1687102.109,130839.0013,384,3,152,mesic-subxeric,3,moist,2015,1969,NA,46,NA,38,33,35,35,MEDIUM,MID,Sparse black spruce - maybe white spruce. ,Rocky soil. Ash layer. Burned to mineral in many places. ,0.6,0.807782011,0.7,0.445320759,Spruce,244.3235563,122.1617781,44.95489194,22.47744597,199.3686644,99.68433218,20.33153001,10.165765,20.33153001,10.165765,0,0,0,0,0,0,0,0,90.67477867,362.6991147,272.024336,0,0.105636053,0.702145958,0,0,0,0,0,0,0.1,0.5,0,0,0,0,0,0,23.1789563,0,221.1446,0,0,0,0,0,0.686263527,0,44.26862841,0,0,0,0,0,22.49269277,0,176.8759716,0,0,0,0,495.0266578,190.3591108,304.667547,39,6.958333333,8.116666667,15.075,2581.70216,1893.284227,4474.986387,2197.951774,4970.013045,2772.061271
TananaRoad,740,A,50,7/25/2021,Hay Slough,65.1217,-151.22812,1687338.576,130160.838,339,8,190,subxeric,2,dry,2015,1969,NA,46,NA,84,78,81,81,LONG,MID,Black spruce and some birch,Lots of unburned birch around site; ,0.75,21.71468842,NA,NA,Spruce,5547.793681,2773.89684,1434.726552,717.363276,4113.067129,2056.533564,0,0,0,0,0,0,0,0,0,0,0,0,55.40807436,110.8161487,55.40807436,0,0.481056375,21.23363205,0,0,0,0,0,0,0.05,0.7,0,0,0,0,0,0,144.612581,0,5403.1811,0,0,0,0,0,13.76777053,0,1325.851257,0,0,0,0,0,130.8448104,0,4077.329843,0,0,0,0,2884.712989,2111.941638,772.7713504,39.66666667,2.291666667,19.2,21.49166667,716.4306489,3859.366372,4575.797021,4632.137723,7460.51001,2828.372287
TananaRoad,740,B,50,7/25/2021,Hay Slough,65.1217,-151.22812,1687338.576,130160.838,339,8,190,subxeric,2,dry,2015,1969,NA,46,NA,84,78,81,81,LONG,MID,Black spruce and some birch,Lots of unburned birch around site; ,0.35,10.48938517,NA,NA,Spruce,2721.412483,1360.706242,678.5239694,339.2619847,2042.888514,1021.444257,0,0,0,0,0,0,0,0,0,0,0,0,269.3436458,808.1872915,538.8436458,0,1.191056315,9.298328856,0,0,0,0,0,0,0.1,0.25,0,0,0,0,0,0,377.9001835,0,2343.5123,0,0,0,0,0,43.0228222,0,580.6305222,0,0,0,0,0,334.8773613,0,1762.881778,0,0,0,0,2168.893534,1290.787903,878.1056305,33.33333333,3.458333333,22.08888889,25.54722222,1299.827942,5113.074446,6412.902387,5991.180076,8581.795921,2590.615844
TananaRoad,740,C,50,7/25/2021,Hay Slough,65.1217,-151.22812,1687338.576,130160.838,339,8,190,subxeric,2,dry,2015,1969,NA,46,NA,84,78,81,81,LONG,MID,Black spruce and some birch,Lots of unburned birch around site; ,0.95,37.69950454,NA,NA,Spruce,9726.987164,4863.493582,2994.034103,1497.017051,6732.953061,3366.47653,0,0,0,0,0,0,0,0,0,0,0,0,13.45005014,53.80020055,40.35015041,0,2.268622595,35.43088195,0,0,0,0,0,0,0.1,0.85,0,0,0,0,0,0,783.7880136,0,8943.19915,0,0,0,0,0,81.00871292,0,2634.194315,0,0,0,0,0,702.7793007,0,6309.004835,0,0,0,0,4917.293783,3379.92658,1537.367201,28,1.958333333,24.97777778,26.93611111,659.566964,5827.21042,6486.777384,7364.577621,11404.07117,4039.493544
TananaRoad,747,A,48,7/24/2021,Hay Slough,65.12051,-151.21452,1687232.764,130804.6499,371,2,217,mesic,4,moist,2015,1969,NA,46,NA,79,41,62,62,LONG,MID,"Black spruce with a couple birch, lots of willow and alder;",no burned alder on transect; lots of seedlings; thick ash layer below organic soil; some trees survived 69 fire; ,1.2,3.815856977,0.8,1.184773129,Spruce,1036.594641,518.2973207,260.4790595,130.2395298,776.1155818,388.0577909,59.09919297,29.54959649,56.28652638,28.14326319,2.812666587,1.406333294,0,0,0,0,0,0,122.3337096,244.6674193,122.3337096,0,0.65423667,3.161620307,0,0,0,0,0,0,0.1,1.1,0,0,0,0,0,0,189.5049413,0,847.0897,0,0,0,0,0,7.318445629,0,245.2154389,0,0,0,0,0,182.1864957,0,601.8742611,0,0,0,0,792.5143365,511.7978338,280.7165026,42,2.25,15.36666667,17.61666667,733.9358821,3733.798,4467.733882,4014.514502,5260.248218,1245.733716
TananaRoad,747,B,48,7/24/2021,Hay Slough,65.12051,-151.21452,1687232.764,130804.6499,371,2,217,mesic,4,moist,2015,1969,NA,46,NA,79,41,62,62,LONG,MID,"Black spruce with a couple birch, lots of willow and alder;",no burned alder on transect; lots of seedlings; thick ash layer below organic soil; some trees survived 69 fire; ,0.55,5.378013924,NA,NA,Spruce,1401.258137,700.6290687,229.0374521,114.5187261,1172.220685,586.1103427,0,0,0,0,0,0,0,0,0,0,0,0,329.839374,739.9146565,410.0752824,0,0.392699082,4.985314842,0,0,0,0,0,0,0.1,0.45,0,0,0,0,0,0,109.8099875,0,1291.44815,0,0,0,0,0,10.09517767,0,214.6999744,0,0,0,0,0,99.71480981,0,1076.748176,0,0,0,0,1440.543725,915.9497167,524.5940085,33.66666667,0.583333333,12.53333333,13.11666667,249.0884098,3505.874235,3754.962645,4030.468243,5195.50637,1165.038127
TananaRoad,747,C,48,7/24/2021,Hay Slough,65.12051,-151.21452,1687232.764,130804.6499,371,2,217,mesic,4,moist,2015,1969,NA,46,NA,79,41,62,62,LONG,MID,"Black spruce with a couple birch, lots of willow and alder;",no burned alder on transect; lots of seedlings; thick ash layer below organic soil; some trees survived 69 fire; ,0.6,7.897963931,2.5,3.205209905,Spruce,2008.468052,1004.234026,437.4982425,218.7491213,1570.96981,785.4849048,158.9974996,79.4987498,153.549707,76.77485352,5.447792549,2.723896275,0,0,0,0,0,0,121.3724471,242.7448942,121.3724471,0,0.141764368,7.756199563,0,0,0,0,0,0,0.05,0.55,0,0,0,0,0,0,35.69735201,0,1972.7707,0,0,0,0,0,3.175960992,0,414.1899815,0,0,0,0,0,32.52139102,0,1558.580718,0,0,0,0,1326.47767,909.5812482,416.8964219,41.33333333,5.625,10.47777778,16.10277778,2336.641982,2577.553505,4914.195486,2994.449927,6240.673156,3246.22323
TananaRoad,757,A,51,7/25/2021,Hay Slough,65.121398,-151.210403,1687339.777,130993.7117,256,7.5,231,mesic-subxeric,3,moist,2015,1969,NA,46,NA,82,66,76,76,LONG,MID,Black spruce,Prob not a reburn. If it did burn in the 69 fire then trees were either young and survived the low severity. Or it didn’t burn. Lots of mineral soil exposed. Deep burning. High severity.,0.45,22.1525479,NA,NA,Spruce,5598.14835,2799.074175,1928.207117,964.1035583,3669.941233,1834.970617,0,0,0,0,0,0,0,0,0,0,0,0,0,0,0,0,0,22.1525479,0,0,0,0,0,0,0,0.45,0,0,0,0,0,0,0,0,5598.14835,0,0,0,0,0,0,0,1765.932467,0,0,0,0,0,0,0,3832.215883,0,0,0,0,2799.074175,1834.970617,964.1035583,31.33333333,1.25,18.92222222,20.17222222,340.3282117,4276.730639,4617.058851,5240.834197,7416.133026,2175.298829
TananaRoad,757,B,51,7/25/2021,Hay Slough,65.121398,-151.210403,1687339.777,130993.7117,256,7.5,231,mesic-subxeric,3,moist,2015,1969,NA,46,NA,82,66,76,76,LONG,MID,Black spruce,Prob not a reburn. If it did burn in the 69 fire then trees were either young and survived the low severity. Or it didn’t burn. Lots of mineral soil exposed. Deep burning. High severity.,0.6,22.16197268,NA,NA,Spruce,5559.46285,2779.731425,1893.446342,946.7231708,3666.016508,1833.008254,0,0,0,0,0,0,0,0,0,0,0,0,41.19077855,164.7631142,123.5723356,0,0,22.16197268,0,0,0,0,0,0,0,0.6,0,0,0,0,0,0,0,0,5559.46285,0,0,0,0,0,0,0,1746.637017,0,0,0,0,0,0,0,3812.825833,0,0,0,0,2944.494539,1874.199033,1070.295506,34,5.75,14.92222222,20.67222222,2101.45659,3065.316143,5166.772733,4135.611649,8111.267273,3975.655623
TananaRoad,757,C,51,7/25/2021,Hay Slough,65.121398,-151.210403,1687339.777,130993.7117,256,7.5,231,mesic-subxeric,3,moist,2015,1969,NA,46,NA,82,66,76,76,LONG,MID,Black spruce,Prob not a reburn. If it did burn in the 69 fire then trees were either young and survived the low severity. Or it didn’t burn. Lots of mineral soil exposed. Deep burning. High severity.,0.6,8.146935149,NA,NA,Spruce,2091.40505,1045.702525,774.6005664,387.3002832,1316.804484,658.4022418,0,0,0,0,0,0,0,0,0,0,0,0,28,112,84,0,0,8.146935149,0,0,0,0,0,0,0,0.6,0,0,0,0,0,0,0,0,2091.40505,0,0,0,0,0,0,0,711.1668164,0,0,0,0,0,0,0,1380.238234,0,0,0,0,1157.702525,686.4022418,471.3002832,33.66666667,3.583333333,16.53333333,20.11666667,1195.295923,3612.994356,4808.290278,4084.294639,5965.992803,1881.698165
TananaRoad,777,A,52,7/25/2021,Hay Slough,65.12084,-151.23143,1687236.312,130009.4937,324,2.5,172,subxeric,2,dry,2015,1969,NA,46,NA,90,71,80.3,80.3,LONG,MID,Black spruce,Most trees fallen. High severity. Super shallow organic. Probably not a reburn.,0.3,10.64489401,0.2,0.014137167,Spruce,2697.52626,1348.76313,771.4784914,385.7392457,1926.047769,963.0238844,0.590608889,0.295304444,0.06724933,0.033624665,0.523359559,0.261679779,0,0,0,0,0,0,22.82037593,45.64075185,22.82037593,0.40212386,0,10.24277015,0,0,0,0,0,0.05,0,0.25,0,0,0,0,0,92.90471025,0,0,2604.62155,0,0,0,0,3.153666959,0,0,710.3415494,0,0,0,0,89.75104329,0,0,1894.280001,0,0,0,0,1394.699186,986.1059401,408.5932463,28.33333333,2,23.42222222,25.42222222,509.3018254,5983.589791,6492.891617,6392.183038,7887.590803,1495.407766
TananaRoad,777,B,52,7/25/2021,Hay Slough,65.12084,-151.23143,1687236.312,130009.4937,324,2.5,172,subxeric,2,dry,2015,1969,NA,46,NA,90,71,80.3,80.3,LONG,MID,Black spruce,Most trees fallen. High severity. Super shallow organic. Probably not a reburn.,1.65,32.3721488,NA,NA,Spruce,8111.95645,4055.978225,2871.09566,1435.54783,5240.86079,2620.430395,0,0,0,0,0,0,0,0,0,0,0,0,136.1747718,181.5663624,45.3915906,0,0,32.3721488,0,0,0,0,0,0,0,1.65,0,0,0,0,0,0,0,0,8111.95645,0,0,0,0,0,0,0,2628.32681,0,0,0,0,0,0,0,5483.62964,0,0,0,0,4237.544587,2756.605167,1480.939421,37.66666667,2.333333333,21.97777778,24.31111111,500.5910196,4545.171245,5045.762265,6026.110666,9283.306852,3257.196186
TananaRoad,777,C,52,7/25/2021,Hay Slough,65.12084,-151.23143,1687236.312,130009.4937,324,2.5,172,subxeric,2,dry,2015,1969,NA,46,NA,90,71,80.3,80.3,LONG,MID,Black spruce,Most trees fallen. High severity. Super shallow organic. Probably not a reburn.,0.9,29.30477627,0.2,0.07696902,Spruce,7434.10415,3717.052075,2702.517641,1351.25882,4731.586509,2365.793255,3.413407953,1.706703977,3.413407953,1.706703977,0,0,0,0,0,0,0,0,0,0,0,0,0,29.30477627,0,0,0,0,0,0,0,0.9,0,0,0,0,0,0,0,0,7434.10415,0,0,0,0,0,0,0,2468.767166,0,0,0,0,0,0,0,4965.336984,0,0,0,0,3718.758779,2365.793255,1352.965524,33.33333333,1.708333333,26.64444445,28.35277778,343.4152413,5727.601754,6071.016995,7080.567278,9789.775774,2709.208496
TananaRoad,876,A,53,7/25/2021,Hay Slough,65.11636,-151.22972,1686740.708,130110.5726,287,0,0,mesic,4,moist,2015,1969,NA,46,NA,196,68,128.3,128.3,LONG,MID,Black spruce,Slope and aspect are n/a. Some treees survived 69 fire. Rocky under organic. ,0.75,6.672350097,NA,NA,Spruce,1754.180325,877.0901625,661.710892,330.855446,1092.469433,546.2347165,0,0,0,0,0,0,0,0,0,0,0,0,165.5029344,275.0058688,109.5029344,0,0,6.672350097,0,0,0,0,0,0,0,0.75,0,0,0,0,0,0,0,0,1754.180325,0,0,0,0,0,0,0,606.897817,0,0,0,0,0,0,0,1147.282508,0,0,0,0,1152.096031,711.7376509,440.3583804,33.66666667,18,11.22777778,29.22777778,8448.550734,2050.304427,10498.85516,2490.662808,11650.95119,9160.288385
TananaRoad,876,B,53,7/25/2021,Hay Slough,65.11636,-151.22972,1686740.708,130110.5726,287,0,0,mesic,4,moist,2015,1969,NA,46,NA,196,68,128.3,128.3,LONG,MID,Black spruce,Slope and aspect are n/a. Some treees survived 69 fire. Rocky under organic. ,0.5,5.45223405,NA,NA,Spruce,1392.58345,696.291725,492.7035313,246.3517656,899.8799187,449.9399594,0,0,0,0,0,0,0,0,0,0,0,0,0,0,0,0,0,5.45223405,0,0,0,0,0,0,0,0.5,0,0,0,0,0,0,0,0,1392.58345,0,0,0,0,0,0,0,460.8611813,0,0,0,0,0,0,0,931.7222687,0,0,0,0,696.291725,449.9399594,246.3517656,55,18.58333333,10.2,28.78333333,8780.598178,1803.704336,10584.30251,2050.056102,11280.59424,9230.538137
TananaRoad,876,C,53,7/25/2021,Hay Slough,65.11636,-151.22972,1686740.708,130110.5726,287,0,0,mesic,4,moist,2015,1969,NA,46,NA,196,68,128.3,128.3,LONG,MID,Black spruce,Slope and aspect are n/a. Some treees survived 69 fire. Rocky under organic. ,0.75,8.042869892,NA,NA,Spruce,2074.0004,1037.0002,701.2037777,350.6018889,1372.796622,686.3983111,0,0,0,0,0,0,0,0,0,0,0,0,262.6183424,520.270497,257.6521545,0,0,8.042869892,0,0,0,0,0,0,0,0.75,0,0,0,0,0,0,0,0,2074.0004,0,0,0,0,0,0,0,652.0758027,0,0,0,0,0,0,0,1421.924597,0,0,0,0,1557.270697,949.0166535,608.2540434,42,9.125,27.36666667,36.49166667,3716.779474,5928.184643,9644.964117,6536.438687,11202.23481,4665.796127
TananaRoad,905,A,54,7/25/2021,Hay Slough,65.11549,-151.23235,1686638.663,129991.1625,268,4,189,mesic,4,moist,2015,1969,NA,46,NA,85,83,84,84,LONG,MID,Pre pre fire had birch but pre fire mostly black spruce,Rocky; lots of seedlings in B and C; some trees might have survived 1969 fire; trees had high combustion; heterogenous SOL depth; hit rock so no mineral samples,2.05,12.57579539,NA,NA,Spruce,3255.22005,1627.610025,1255.15436,627.5771799,2000.06569,1000.032845,0,0,0,0,0,0,0,0,0,0,0,0,209.9616307,680.740789,470.7791584,0,0,12.57579539,0,0,0,0,0,0,0,2.05,0,0,0,0,0,0,0,0,3255.22005,0,0,0,0,0,0,0,1168.25876,0,0,0,0,0,0,0,2086.96129,0,0,0,0,2308.350814,1209.994476,1098.356338,24,19.25,17.58888889,36.83888889,8744.037109,3483.064673,12227.10178,4581.421011,14535.4526,9954.031585
TananaRoad,905,B,54,7/25/2021,Hay Slough,65.11549,-151.23235,1686638.663,129991.1625,268,4,189,mesic,4,moist,2015,1969,NA,46,NA,85,83,84,84,LONG,MID,Pre pre fire had birch but pre fire mostly black spruce,Rocky; lots of seedlings in B and C; some trees might have survived 1969 fire; trees had high combustion; heterogenous SOL depth; hit rock so no mineral samples,1.45,31.78624177,NA,NA,Spruce,8048.888286,4024.444143,2796.873261,1398.43663,5252.015025,2626.007513,0,0,0,0,0,0,0,0,0,0,0,0,587.9525206,2351.810082,1763.857562,0,0.265464579,31.52077719,0,0,0,0,0,0,0.05,1.4,0,0,0,0,0,0,73.21148609,0,7975.6768,0,0,0,0,0,6.737477531,0,2584.182733,0,0,0,0,0,66.47400856,0,5391.494067,0,0,0,0,6376.254225,3213.960034,3162.294192,33,12.5,22.31111111,34.81111111,5188.658036,4632.94182,9821.599855,7795.236011,16197.85408,8402.618069
TananaRoad,905,C,54,7/25/2021,Hay Slough,65.11549,-151.23235,1686638.663,129991.1625,268,4,189,mesic,4,moist,2015,1969,NA,46,NA,85,83,84,84,LONG,MID,Pre pre fire had birch but pre fire mostly black spruce,Rocky; lots of seedlings in B and C; some trees might have survived 1969 fire; trees had high combustion; heterogenous SOL depth; hit rock so no mineral samples,1.15,19.97974388,NA,NA,Spruce,5087.88275,2543.941375,1670.295761,835.1478804,3417.586989,1708.793495,0,0,0,0,0,0,0,0,0,0,0,0,97.763006,391.052024,293.289018,0,0,19.97974388,0,0,0,0,0,0,0,1.15,0,0,0,0,0,0,0,0,5087.88275,0,0,0,0,0,0,0,1555.577211,0,0,0,0,0,0,0,3532.305539,0,0,0,0,2934.993399,1806.556501,1128.436898,25,25.41666667,9.922222222,35.33888889,12234.54506,1753.964328,13988.50939,2882.401227,16923.50278,14041.10156
TananaRoad,929,A,49,7/24/2021,Hay Slough,65.11942,-151.25096,1687040.062,129099.459,236,2,199,mesic,4,moist,2015,1969,NA,46,NA,83,59,69.7,69.7,LONG,MID,Black spruce with unburned deciduous and spruce nearby,17.5m changes to deep burning; some trees survived 1969; lots of regeneration  in deep burning areas with exposed mineral,0.25,11.52022026,NA,NA,Spruce,2922.9276,1461.4638,597.828077,298.9140385,2325.099523,1162.549762,0,0,0,0,0,0,0,0,0,0,0,0,37.22748469,49.63664625,12.40916156,0,0,11.52022026,0,0,0,0,0,0,0,0.25,0,0,0,0,0,0,0,0,2922.9276,0,0,0,0,0,0,0,574.605952,0,0,0,0,0,0,0,2348.321648,0,0,0,0,1511.100446,1199.777247,311.3232001,48,14,20.97777778,34.97777778,7745.178973,4296.8383,12042.01727,4608.1615,13553.11772,8944.95622
TananaRoad,929,B,49,7/24/2021,Hay Slough,65.11942,-151.25096,1687040.062,129099.459,236,2,199,mesic,4,moist,2015,1969,NA,46,NA,83,59,69.7,69.7,LONG,MID,Black spruce with unburned deciduous and spruce nearby,17.5m changes to deep burning; some trees survived 1969; lots of regeneration  in deep burning areas with exposed mineral,0.35,2.245846048,NA,NA,Spruce,576.6695,288.33475,99.91443707,49.95721854,476.7550629,238.3775315,0,0,0,0,0,0,0,0,0,0,0,0,0,0,0,0,0,2.245846048,0,0,0,0,0,0,0,0.35,0,0,0,0,0,0,0,0,576.6695,0,0,0,0,0,0,0,98.65758707,0,0,0,0,0,0,0,478.0119129,0,0,0,0,288.33475,238.3775315,49.95721854,45.66666667,7.541666667,18.75555555,26.29722222,3666.91074,3753.188351,7420.099092,3803.14557,7708.433842,3905.288272
TananaRoad,929,C,49,7/24/2021,Hay Slough,65.11942,-151.25096,1687040.062,129099.459,236,2,199,mesic,4,moist,2015,1969,NA,46,NA,83,59,69.7,69.7,LONG,MID,Black spruce with unburned deciduous and spruce nearby,17.5m changes to deep burning; some trees survived 1969; lots of regeneration  in deep burning areas with exposed mineral,0.85,18.75059575,0.1,0.028274334,Spruce,4754.68675,2377.343375,1416.079048,708.0395242,3338.607702,1669.303851,1.234800314,0.617400157,1.234800314,0.617400157,0,0,0,0,0,0,0,0,0,0,0,0,0,18.75059575,0,0,0,0,0,0,0,0.85,0,0,0,0,0,0,0,0,4754.68675,0,0,0,0,0,0,0,1297.517273,0,0,0,0,0,0,0,3457.169477,0,0,0,0,2377.960775,1669.303851,708.6569244,58,3.916666667,24.03333333,27.95,1660.974247,5064.470392,6725.444639,5773.127316,9103.405414,3330.278098
Tractor,1232,A,66,7/21/2022,Tractor Trail 2,66.41306426,-144.0122087,1861976.875,445832.2733,165,0,0,mesic,4,moist,2019,NA,NA,100,NA,NA,NA,NA,100,LONG,LONG,White spruce,"Rotten cores, standing white spruce",0.1,33.05937219,NA,NA,Spruce,14662.38911,7331.194553,2775.83416,1387.91708,11886.55495,5943.277473,0,0,0,0,0,0,885.8481438,442.9240719,0,0,885.8481438,442.9240719,46.45343667,185.8137467,139.36031,0,0,0,0,33.05937219,0,0,0,0,0,0,0,0.1,0,0,0,0,0,0,0,14662.38911,0,0,0,0,0,0,0,2775.83416,0,0,0,0,0,0,0,11886.55495,0,0,0,7959.932372,6432.654982,1527.27739,NA,0,25.5242446,25.5242446,0,5438.39837,5438.39837,6965.67576,13398.33074,6432.654982
Tractor,1232,B,66,7/21/2022,Tractor Trail 2,66.41306426,-144.0122087,1861976.875,445832.2733,165,0,0,mesic,4,moist,2019,NA,NA,100,NA,NA,NA,NA,100,LONG,LONG,White spruce,"Rotten cores, standing white spruce",0.1,18.63357143,0.1,0.706858347,Spruce,7019.889955,3509.944977,916.5543624,458.2771812,6103.335592,3051.667796,39.37477883,19.68738941,0,0,39.37477883,19.68738941,0,0,0,0,0,0,0,0,0,0,0,0,0,18.63357143,0,0,0,0,0,0,0,0.1,0,0,0,0,0,0,0,7019.889955,0,0,0,0,0,0,0,916.5543624,0,0,0,0,0,0,0,6103.335592,0,0,0,3529.632366,3071.355185,458.2771812,NA,0,25.5242446,25.5242446,0,5438.39837,5438.39837,5896.675551,8968.030737,3071.355185
Tractor,1232,C,66,7/21/2022,Tractor Trail 2,66.41306426,-144.0122087,1861976.875,445832.2733,165,0,0,mesic,4,moist,2019,NA,NA,100,NA,NA,NA,NA,100,LONG,LONG,White spruce,"Rotten cores, standing white spruce",0.2,27.60870894,0.3,0.942477796,Spruce,11082.56016,5541.280079,1655.099042,827.5495209,9427.461117,4713.730558,48.0681818,24.0340909,40.62564257,20.31282128,7.442539232,3.721269616,1441.295216,720.6476078,0,0,1441.295216,720.6476078,733.2261809,1313.452752,580.2265711,0,0,0,0,27.60831624,0.000392699,0,0,0,0,0,0,0.15,0.05,0,0,0,0,0,0,11039.59625,42.9639118,0,0,0,0,0,0,1647.782841,7.316200371,0,0,0,0,0,0,9391.813405,35.64771143,0,0,7599.41453,6171.325616,1428.088913,NA,0.75,24.7742446,25.5242446,100.5391263,5246.425458,5346.964584,6674.514371,12946.37911,6271.864743
Tractor,2132,A,67,7/21/2022,Tractor Trail 2,66.3696131,-143.7536396,1858961.59,458026.0259,240,8,25,mesic,4,moist,2019,NA,NA,100,NA,93,92,92.3,92.3,LONG,LONG,Black spruce ,Severe fire black spruce cage w dwd ,1.4,24.16787958,0.2,0.567057474,Spruce,6251.4318,3125.7159,2288.57699,1144.288495,3962.85481,1981.427405,18.42482425,9.212412124,11.61166909,5.805834543,6.813155161,3.406577581,325.0068825,162.5034412,0,0,325.0068825,162.5034412,115.5232415,462.0929658,346.5697244,0,0,24.16787958,0,0,0,0,0,0,0,1.4,0,0,0,0,0,0,0,0,6251.4318,0,0,0,0,0,0,0,2223.06794,0,0,0,0,0,0,0,4028.36386,0,0,0,0,3759.524719,2262.860665,1496.664054,NA,1.05,9.225,10.275,323.4163986,2525.500791,2848.917189,4022.164845,6608.441908,2586.277064
Tractor,2132,B,67,7/21/2022,Tractor Trail 2,66.3696131,-143.7536396,1858961.59,458026.0259,240,8,25,mesic,4,moist,2019,NA,NA,100,NA,93,92,92.3,92.3,LONG,LONG,Black spruce ,Severe fire black spruce cage w dwd ,1.45,17.30114344,NA,NA,Spruce,4349.0262,2174.5131,1776.277272,888.1386362,2572.748928,1286.374464,0,0,0,0,0,0,15.02171123,7.510855617,0,0,15.02171123,7.510855617,231.2003074,564.9728105,333.7725031,0,0,17.30114344,0,0,0,0,0,0,0,1.45,0,0,0,0,0,0,0,0,4349.0262,0,0,0,0,0,0,0,1731.504197,0,0,0,0,0,0,0,2617.522003,0,0,0,0,2746.996766,1525.085627,1221.911139,NA,1.625,5.9,7.525,623.7640959,1801.994943,2425.759039,3023.906083,5172.755805,2148.849723
Tractor,2132,C,67,7/21/2022,Tractor Trail 2,66.3696131,-143.7536396,1858961.59,458026.0259,240,8,25,mesic,4,moist,2019,NA,NA,100,NA,93,92,92.3,92.3,LONG,LONG,Black spruce ,Severe fire black spruce cage w dwd ,0.9,14.63589477,1.1,15.72288583,Spruce,3726.805,1863.4025,1432.213999,716.1069995,2294.591001,1147.295501,959.194895,479.5974475,393.2412048,196.6206024,565.9536902,282.9768451,270.5189834,135.2594917,0,0,270.5189834,135.2594917,487.2314882,779.5703811,292.3388929,0,0,14.63589477,0,0,0,0,0,0,0,0.9,0,0,0,0,0,0,0,0,3726.805,0,0,0,0,0,0,0,1391.759399,0,0,0,0,0,0,0,2335.045601,0,0,0,0,3257.82982,2052.763326,1205.066495,NA,4.5,16.2,20.7,1026.427733,3896.913569,4923.341302,5101.980064,8181.171122,3079.191059
Tractor,2513,A,68,7/21/2022,Tractor Trail 2,66.41269382,-144.0056618,1861980.123,446128.4775,166,0,0,mesic-subxeric,3,moist,2019,NA,NA,100,NA,NA,NA,131,131,LONG,LONG,White spruce,"Org samples off transect, big white spruce, Aspen regen outside of plots but not in",NA,NA,NA,NA,Spruce,NA,0,NA,0,NA,0,0,0,0,0,0,0,1162.306461,581.1532303,0,0,1162.306461,581.1532303,18.86173929,75.44695714,56.58521786,NA,NA,NA,NA,NA,NA,NA,NA,NA,NA,NA,NA,NA,NA,NA,NA,NA,NA,NA,NA,NA,NA,NA,NA,NA,NA,NA,NA,NA,NA,NA,NA,NA,NA,NA,NA,NA,NA,NA,NA,656.6001874,600.0149696,56.58521786,NA,0,26.69191633,26.69191633,0,5739.579077,5739.579077,5796.164294,6396.179264,600.0149696
Tractor,2513,B,68,7/21/2022,Tractor Trail 2,66.41269382,-144.0056618,1861980.123,446128.4775,166,0,0,mesic-subxeric,3,moist,2019,NA,NA,100,NA,NA,NA,131,131,LONG,LONG,White spruce,"Org samples off transect, big white spruce, Aspen regen outside of plots but not in",0.15,19.25717757,NA,NA,Spruce,7861.641251,3930.820626,1357.445949,678.7229747,6504.195302,3252.097651,0,0,0,0,0,0,35.05848248,17.52924124,0,0,35.05848248,17.52924124,0,0,0,0,0,0,0,19.25717757,0,0,0,0,0,0,0,0.15,0,0,0,0,0,0,0,7861.641251,0,0,0,0,0,0,0,1357.445949,0,0,0,0,0,0,0,6504.195302,0,0,0,3948.349867,3269.626892,678.7229747,NA,0,21.14870734,21.14870734,0,4335.719721,4335.719721,5014.442696,8284.069589,3269.626892
Tractor,2513,C,68,7/21/2022,Tractor Trail 2,66.41269382,-144.0056618,1861980.123,446128.4775,166,0,0,mesic-subxeric,3,moist,2019,NA,NA,100,NA,NA,NA,131,131,LONG,LONG,White spruce,"Org samples off transect, big white spruce, Aspen regen outside of plots but not in",0.2,43.73803832,NA,NA,Spruce,19296.73838,9648.36919,3274.792069,1637.396035,16021.94631,8010.973155,0,0,0,0,0,0,0,0,0,0,0,0,43.68054047,174.7221619,131.0416214,0,0,0,0,43.73803832,0,0,0,0,0,0,0,0.2,0,0,0,0,0,0,0,19296.73838,0,0,0,0,0,0,0,3274.792069,0,0,0,0,0,0,0,16021.94631,0,0,0,9823.091352,8054.653695,1768.437656,NA,0,21.14870734,21.14870734,0,4335.719721,4335.719721,6104.157378,14158.81107,8054.653695
Tractor,2759,A,69,7/21/2022,Tractor Trail 2,66.36790751,-143.7542317,1858770.125,458028.909,244,0,0,mesic-subxeric,3,moist,2019,NA,NA,100,NA,95,91,93.3,93.3,LONG,LONG,Black spruce ,Black spruce dominated with large white spruce mixed in very little shrub nut wet,0.9,20.14742639,NA,NA,Spruce,5482.933579,2741.46679,1934.394453,967.1972267,3548.539126,1774.269563,0,0,0,0,0,0,774.091043,387.0455215,0,0,774.091043,387.0455215,0,0,0,0,0,14.23769791,0,4.496011786,1.413716694,0,0,0,0,0.8,0,0.05,0.05,0,0,0,0,0,3688.1731,1429.656858,365.1036216,0,0,0,0,0,1367.104485,408.6711,127.0474931,0,0,0,0,0,2321.068615,1020.985758,238.0561284,0,0,3128.512312,2161.315085,967.1972267,NA,0,14.7,14.7,0,3965.696322,3965.696322,4932.893549,7094.208634,2161.315085
Tractor,2759,B,69,7/21/2022,Tractor Trail 2,66.36790751,-143.7542317,1858770.125,458028.909,244,0,0,mesic-subxeric,3,moist,2019,NA,NA,100,NA,95,91,93.3,93.3,LONG,LONG,Black spruce ,Black spruce dominated with large white spruce mixed in very little shrub nut wet,0.9,21.76181231,NA,NA,Spruce,5778.80706,2889.40353,1977.744452,988.872226,3801.062608,1900.531304,0,0,0,0,0,0,46.66724045,23.33362023,0,0,46.66724045,23.33362023,0,0,0,0,0,15.48765908,0,6.274153228,0,0,0,0,0,0.8,0,0.1,0,0,0,0,0,0,3905.0389,1873.76816,0,0,0,0,0,0,1444.201995,533.5424575,0,0,0,0,0,0,2460.836905,1340.225702,0,0,0,2912.73715,1923.864924,988.872226,NA,0.375,7.525,7.9,245.9029243,2354.456987,2600.359911,3343.329213,5513.097061,2169.767849
Tractor,2759,C,69,7/21/2022,Tractor Trail 2,66.36790751,-143.7542317,1858770.125,458028.909,244,0,0,mesic-subxeric,3,moist,2019,NA,NA,100,NA,95,91,93.3,93.3,LONG,LONG,Black spruce ,Black spruce dominated with large white spruce mixed in very little shrub nut wet,0.9,22.61357662,NA,NA,Spruce,5727.78625,2863.893125,1945.631551,972.8157753,3782.154699,1891.07735,0,0,0,0,0,0,0,0,0,0,0,0,0,0,0,0,0,22.61357662,0,0,0,0,0,0,0,0.9,0,0,0,0,0,0,0,0,5727.78625,0,0,0,0,0,0,0,1923.429626,0,0,0,0,0,0,0,3804.356624,0,0,0,0,2863.893125,1891.07735,972.8157753,NA,0,15.95,15.95,0,4438.813432,4438.813432,5411.629207,7302.706557,1891.07735
Tractor,3982,A,70,7/21/2022,Tractor Trail 2,66.37137544,-143.7528288,1859160.797,458031.8677,214,3,358,mesic,4,moist,2019,NA,NA,100,NA,104,94,100.3,100.3,LONG,LONG,Spruces and birch,"Everything dead and down, fireweed abundant, no regeneration, no shrubs",0.35,31.82354818,NA,NA,Spruce,11298.79554,5649.397771,2339.461725,1169.730862,8959.333817,4479.666909,0,0,0,0,0,0,0,0,0,0,0,0,0,0,0,0,0,0,0,30.9187695,0.904778684,0,0,0,0,0,0,0.3,0.05,0,0,0,0,0,0,11086.26496,212.5305853,0,0,0,0,0,0,2269.221704,70.24002013,0,0,0,0,0,0,8817.043252,142.2905652,0,0,5649.397771,4479.666909,1169.730862,NA,0,22.29857875,22.29857875,0,4621.338663,4621.338663,5791.069525,10270.73643,4479.666909
Tractor,3982,B,70,7/21/2022,Tractor Trail 2,66.37137544,-143.7528288,1859160.797,458031.8677,214,3,358,mesic,4,moist,2019,NA,NA,100,NA,104,94,100.3,100.3,LONG,LONG,Spruces and birch,"Everything dead and down, fireweed abundant, no regeneration, no shrubs",0.25,24.9305012,NA,NA,Decid,10616.54188,5308.270939,1661.324055,830.6620276,8955.217824,4477.608912,0,0,0,0,0,0,0,0,0,0,0,0,0,0,0,0,20.41760335,0,0,4.247433268,0.265464579,0,0,0,0.15,0,0,0.05,0.05,0,0,0,9229.924543,0,0,1335.336622,51.28071389,0,0,0,1320.757172,0,0,326.269031,14.29785227,0,0,0,7909.167372,0,0,1009.067591,36.98286161,0,0,5308.270939,4477.608912,830.6620276,NA,0,6.226900163,6.226900163,0,2453.962345,2453.962345,3284.624373,7762.233284,4477.608912
Tractor,3982,C,70,7/21/2022,Tractor Trail 2,66.37137544,-143.7528288,1859160.797,458031.8677,214,3,358,mesic,4,moist,2019,NA,NA,100,NA,104,94,100.3,100.3,LONG,LONG,Spruces and birch,"Everything dead and down, fireweed abundant, no regeneration, no shrubs",0.2,19.3722384,NA,NA,Mixed,6625.916981,3312.95849,1203.025209,601.5126047,5422.891771,2711.445886,0,0,0,0,0,0,0,0,0,0,0,0,0,0,0,0,5.042648908,5.375657729,0,8.953931762,0,0,0,0,0.1,0.05,0,0.05,0,0,0,0,2008.168703,0,1349.94865,3267.799627,0,0,0,0,198.7915125,0,347.808519,656.4251779,0,0,0,0,1809.377191,0,1002.140131,2611.374449,0,0,0,3312.95849,2711.445886,601.5126047,NA,0,9.266645564,9.266645564,0,3685.96544,3685.96544,4287.478045,6998.92393,2711.445886
Tractor,4156,A,71,7/21/2022,Tractor Trail 2,66.41456361,-144.0071624,1862175.562,446030.8401,164,0,0,mesic,4,moist,2019,NA,NA,100,NA,156,133,146.7,146.7,LONG,LONG,White spruce ,Productive white spruce aspen regen toe slope,0.05,15.8654356,NA,NA,Spruce,6492.041438,3246.020719,1724.79597,862.3979852,4767.245467,2383.622734,0,0,0,0,0,0,1514.160641,757.0803207,0,0,1514.160641,757.0803207,79.49921623,317.9968649,238.4976487,0,0,0,0,15.8654356,0,0,0,0,0,0,0,0.05,0,0,0,0,0,0,0,6492.041438,0,0,0,0,0,0,0,1724.79597,0,0,0,0,0,0,0,4767.245467,0,0,0,4321.097905,3220.202271,1100.895634,NA,0,22.84512903,22.84512903,0,4758.169562,4758.169562,5859.065196,9079.267467,3220.202271
Tractor,4156,B,71,7/21/2022,Tractor Trail 2,66.41456361,-144.0071624,1862175.562,446030.8401,164,0,0,mesic,4,moist,2019,NA,NA,100,NA,156,133,146.7,146.7,LONG,LONG,White spruce ,Productive white spruce aspen regen toe slope,0.1,13.40988824,NA,NA,Spruce,5194.328034,2597.164017,1274.239009,637.1195044,3920.089026,1960.044513,0,0,0,0,0,0,0,0,0,0,0,0,56.95259846,227.8103938,170.8577954,0,0,0,0,13.40988824,0,0,0,0,0,0,0,0.1,0,0,0,0,0,0,0,5194.328034,0,0,0,0,0,0,0,1274.239009,0,0,0,0,0,0,0,3920.089026,0,0,0,2824.974411,2016.997111,807.9772998,NA,0,22.55309033,22.55309033,0,4684.972072,4684.972072,5492.949372,7509.946483,2016.997111
Tractor,4156,C,71,7/21/2022,Tractor Trail 2,66.41456361,-144.0071624,1862175.562,446030.8401,164,0,0,mesic,4,moist,2019,NA,NA,100,NA,156,133,146.7,146.7,LONG,LONG,White spruce ,Productive white spruce aspen regen toe slope,0.15,3.75891561,NA,NA,Spruce,996.5440166,498.2720083,297.2796725,148.6398362,699.2643441,349.632172,0,0,0,0,0,0,0,0,0,0,0,0,97.21323776,388.8529511,291.6397133,0,0,0,0,3.75891561,0,0,0,0,0,0,0,0.15,0,0,0,0,0,0,0,996.5440166,0,0,0,0,0,0,0,297.2796725,0,0,0,0,0,0,0,699.2643441,0,0,0,887.1249594,446.8454098,440.2795495,NA,3.125,19.42809033,22.55309033,725.8112186,3914.291031,4640.102249,4354.57058,5527.227209,1172.656628
MtPrindle1,554,C,17,7/9/2021,U.S. Creek,65.29811,-146.63409,1723330.011,343100.7282,520,19,130,xeric,1,dry,2015,2004,NA,11,NA,NA,NA,NA,11,SHORT,SHORT,Pre pre fire had aspen birch and black spruce; pre fire was aspen; lots of aspen resprouts ,"Burned aspen around site but not in plot; many unknown cwd were probably aspen; sandy, rocky; ashy layer below org indicating org is newly accumulated after 2015",0.25,1.71923658,NA,NA,Decid,397.3338491,198.6669245,16.3886888,8.194344402,380.9451603,190.4725801,0,0,0,0,0,0,0,0,0,0,0,0,1142.415668,2048.334546,905.9188788,1.71923658,0,0,0,0,0,0,0,0.25,0,0,0,0,0,0,0,397.3338491,0,0,0,0,0,0,0,16.3886888,0,0,0,0,0,0,0,380.9451603,0,0,0,0,0,0,0,2247.001471,1332.888248,914.1132232,26,2.166666667,4.120955052,6.287621719,1196.878644,1624.029334,2820.907978,2538.142557,5067.909449,2529.766892
MtPrindle1,570,A,18,7/9/2021,U.S. Creek,65.29825,-146.63603,1723335.495,343009.0082,528,14,212,xeric,1,dry,2015,2004,NA,11,NA,NA,NA,NA,11,SHORT,SHORT,"Pre pre fire was black spruce, birch, aspen; pre fire was aspen","Lots of aspen resprouts ; unknown cwd might be aspen;dry, sandy, all newly accumulated org",0.3,1.95446333,NA,NA,Decid,448.4947449,224.2473725,42.07228702,21.03614351,406.4224579,203.2112289,0,0,0,0,0,0,0,0,0,0,0,0,581.0884931,1781.645941,1200.557448,1.95446333,0,0,0,0,0,0,0,0.3,0,0,0,0,0,0,0,448.4947449,0,0,0,0,0,0,0,42.07228702,0,0,0,0,0,0,0,406.4224579,0,0,0,0,0,0,0,2005.893313,784.299722,1221.593591,23.33333333,2,4.205978829,6.205978829,1106.518104,1657.536399,2764.054503,2879.12999,4769.947816,1890.817826
MtPrindle1,536,A,14,7/9/2021,U.S. Creek,65.29786,-146.62308,1723359.247,343614.5477,470,19,140,xeric,1,dry,2015,2004,NA,11,NA,NA,NA,NA,11,SHORT,SHORT,Pre pre fire was  birch and black spruce; pre reburn was birch,"Lots of birch resprouts; very grassy;  all trees are cwd; shallow organic soils not sure if anything burned in 2015. Steep slow. Dry sandy rocky soil. Lots of birch seedlings too, unburned birch 30 m upslope. ",0.35,26.66858734,NA,NA,Decid,10211.99293,5105.996463,1070.158948,535.079474,9141.833978,4570.916989,0,0,0,0,0,0,0,0,0,0,0,0,748.2583323,2719.976196,1971.717864,0,21.01372056,5.654866776,0,0,0,0,0,0,0.3,0.05,0,0,0,0,0,0,8792.472926,0,1419.52,0,0,0,0,0,747.4181285,0,322.7408194,0,0,0,0,0,8045.054797,0,1096.779181,0,0,0,0,7825.972659,5319.175321,2506.797338,26,6.833333333,2.549167522,10.25500057,3137.774254,1004.602764,4142.377018,3511.400101,11968.34968,8456.949575
MtPrindle1,536,B,14,7/9/2021,U.S. Creek,65.29786,-146.62308,1723359.247,343614.5477,470,19,140,xeric,1,dry,2015,2004,NA,11,NA,NA,NA,NA,11,SHORT,SHORT,Pre pre fire was  birch and black spruce; pre reburn was birch,"Lots of birch resprouts; very grassy;  all trees are cwd; shallow organic soils not sure if anything burned in 2015. Steep slow. Dry sandy rocky soil. Lots of birch seedlings too, unburned birch 30 m upslope. ",0.8,59.68908232,0.6,2.303498714,Decid,24700.13325,12350.06663,2103.054032,1051.527016,22597.07922,11298.53961,121.0969855,60.54849274,24.13447188,12.06723594,96.9625136,48.4812568,0,0,0,0,0,0,810.2429827,962.4449803,152.2019976,0,54.85063694,4.838445386,0,0,0,0,0,0,0.75,0.05,0,0,0,0,0,0,23484.0434,0,1216.08985,0,0,0,0,0,1824.818651,0,278.2353805,0,0,0,0,0,21659.22475,0,937.8544695,0,0,0,0,13373.0601,12157.26385,1215.79625,40.33333333,1.833333333,5.097852276,6.93118561,1016.157564,2009.015273,3025.172837,3224.811522,16398.23294,13173.42141
MtPrindle1,536,C,14,7/9/2021,U.S. Creek,65.29786,-146.62308,1723359.247,343614.5477,470,19,140,xeric,1,dry,2015,2004,NA,11,NA,NA,NA,NA,11,SHORT,SHORT,Pre pre fire was  birch and black spruce; pre reburn was birch,"Lots of birch resprouts; very grassy;  all trees are cwd; shallow organic soils not sure if anything burned in 2015. Steep slow. Dry sandy rocky soil. Lots of birch seedlings too, unburned birch 30 m upslope. ",0.55,28.65407389,NA,NA,Decid,11943.49599,5971.747997,356.3670254,178.1835127,11587.12897,5793.564484,0,0,0,0,0,0,0,0,0,0,0,0,223.264951,397.4917855,174.2268346,0,24.60573906,4.048334833,0,0,0,0,0,0,0.45,0.1,0,0,0,0,0,0,10913.80034,0,1029.69565,0,0,0,0,0,238.1975711,0,118.1694544,0,0,0,0,0,10675.60277,0,911.5261956,0,0,0,0,6369.239783,6016.829435,352.4103473,35.66666667,2.916666667,4.04392075,6.960587417,1603.501075,1593.670846,3197.17192,1946.081193,9566.411703,7620.33051
MtPrindle1,542,A,15,7/9/2021,U.S. Creek,65.29789,-146.62794,1723337.432,343388.7311,476,16,138,xeric,1,dry,2015,2004,NA,11,NA,NA,NA,NA,11,SHORT,SHORT,Pre pre fire black spruce and birch; pre reburn birch,"Lots of birch resprouts, some aspen; all true cwd are included in tree inventory data and include decay class in notes; sandy, rocky; do not date soils, new since 2015",0.55,12.50825115,NA,NA,Decid,5176.344385,2588.172192,434.9975877,217.4987939,4741.346797,2370.673399,0,0,0,0,0,0,0,0,0,0,0,0,479.3677139,903.4030021,424.0352882,0,12.50825115,0,0,0,0,0,0,0,0.55,0,0,0,0,0,0,0,5176.344385,0,0,0,0,0,0,0,434.9975877,0,0,0,0,0,0,0,4741.346797,0,0,0,0,0,0,3491.575194,2850.041113,641.5340821,16,2.083333333,7.431246967,9.5145803,1151.698374,2928.584008,4080.282382,3570.11809,7571.857576,4001.739487
MtPrindle1,542,B,15,7/9/2021,U.S. Creek,65.29789,-146.62794,1723337.432,343388.7311,476,16,138,xeric,1,dry,2015,2004,NA,11,NA,NA,NA,NA,11,SHORT,SHORT,Pre pre fire black spruce and birch; pre reburn birch,"Lots of birch resprouts, some aspen; all true cwd are included in tree inventory data and include decay class in notes; sandy, rocky; do not date soils, new since 2015",0.1,4.666050489,NA,NA,Spruce,1175.178574,587.5892872,96.90754566,48.45377283,1078.271029,539.1355144,0,0,0,0,0,0,0,0,0,0,0,0,621.1751179,1056.973646,435.7985283,0,0.000392699,4.66565779,0,0,0,0,0,0,0.05,0.05,0,0,0,0,0,0,2.142724473,0,1173.03585,0,0,0,0,0,0.074570083,0,96.83297557,0,0,0,0,0,2.068154389,0,1076.202874,0,0,0,0,1644.562933,1160.310632,484.2523011,19.33333333,1.666666667,9.90571516,11.57238183,584.8675318,2381.984924,2966.852456,2866.237225,4611.41539,1745.178164
MtPrindle1,542,C,15,7/9/2021,U.S. Creek,65.29789,-146.62794,1723337.432,343388.7311,476,16,138,xeric,1,dry,2015,2004,NA,11,NA,NA,NA,NA,11,SHORT,SHORT,Pre pre fire black spruce and birch; pre reburn birch,"Lots of birch resprouts, some aspen; all true cwd are included in tree inventory data and include decay class in notes; sandy, rocky; do not date soils, new since 2015",0.75,1.507964474,NA,NA,Decid,655.2484154,327.6242077,13.00573145,6.502865727,642.2426839,321.121342,0,0,0,0,0,0,0,0,0,0,0,0,320.0083366,965.0819329,645.0735963,0,1.507964474,0,0,0,0,0,0,0,0.75,0,0,0,0,0,0,0,655.2484154,0,0,0,0,0,0,0,13.00573145,0,0,0,0,0,0,0,642.2426839,0,0,0,0,0,0,1292.706141,641.1296786,651.576462,23.66666667,1.083333333,8.4432803,9.526613634,609.5351338,3327.416754,3936.951888,3978.993216,5229.658028,1250.664812
MtPrindle1,552,A,16,7/9/2021,U.S. Creek,65.29753,-146.64056,1723232.364,342807.7414,499,13,190,xeric,1,dry,2015,2004,NA,11,NA,NA,NA,NA,11,SHORT,SHORT,Pre pre fire is black spruce and aspen. Prefire is aspen,Lots of prefire aspen with fire scars and loads of resprouts. Dry soils. Probably no residual post fire soil all newly accumulated. Some 2004 spruce and aspen survived. Must have been low severity in 2015,0.3,1.947002047,1.3,6.564679597,Decid,527.3248687,263.6624343,17.63968542,8.819842708,509.6851833,254.8425916,356.3873852,178.1936926,67.17712127,33.58856063,289.210264,144.605132,0,0,0,0,0,0,813.0457296,1242.848717,429.802987,1.94582395,0,0.001178097,0,0,0,0,0,0.15,0,0.15,0,0,0,0,0,518.9791687,0,0,8.3457,0,0,0,0,17.02822021,0,0,0.611465204,0,0,0,0,501.9509485,0,0,7.734234796,0,0,0,0,1684.704843,1212.493453,472.2113903,22.66666667,1.333333333,5.744978924,7.078312257,745.0759439,2264.041752,3009.117696,2736.253142,4693.822539,1957.569397
MtPrindle1,552,B,16,7/9/2021,U.S. Creek,65.29753,-146.64056,1723232.364,342807.7414,499,13,190,xeric,1,dry,2015,2004,NA,11,NA,NA,NA,NA,11,SHORT,SHORT,Pre pre fire is black spruce and aspen. Prefire is aspen,Lots of prefire aspen with fire scars and loads of resprouts. Dry soils. Probably no residual post fire soil all newly accumulated. Some 2004 spruce and aspen survived. Must have been low severity in 2015,0.05,0.113490035,0.4,0.099745567,Spruce,17.28972783,8.644863913,5.407908753,2.703954377,11.88181907,5.940909537,4.520913333,2.260456666,1.587245979,0.79362299,2.933667354,1.466833677,0,0,0,0,0,0,1017.388601,2034.777202,1017.388601,0,0,0,0,0.113490035,0,0,0,0,0,0,0,0.05,0,0,0,0,0,0,0,17.28972783,0,0,0,0,0,0,0,5.407908753,0,0,0,0,0,0,0,11.88181907,0,0,0,2045.682522,1024.796344,1020.886178,34.33333333,1.666666667,5.394654584,7.061321251,700.4692002,1632.417899,2332.887099,2653.304077,4378.569621,1725.265544
MtPrindle1,552,C,16,7/9/2021,U.S. Creek,65.29753,-146.64056,1723232.364,342807.7414,499,13,190,xeric,1,dry,2015,2004,NA,11,NA,NA,NA,NA,11,SHORT,SHORT,Pre pre fire is black spruce and aspen. Prefire is aspen,Lots of prefire aspen with fire scars and loads of resprouts. Dry soils. Probably no residual post fire soil all newly accumulated. Some 2004 spruce and aspen survived. Must have been low severity in 2015,0.35,2.750464368,0.5,0.336150414,Decid,757.1513316,378.5756658,28.07407848,14.03703924,729.0772531,364.5386265,15.42995701,7.714978507,3.963729181,1.98186459,11.46622783,5.733113916,0,0,0,0,0,0,287.0758612,518.3034446,231.2275835,2.74967897,0,0.000785398,0,0,0,0,0,0.25,0,0.1,0,0,0,0,0,749.6298066,0,0,7.521525,0,0,0,0,26.03685607,0,0,2.037222401,0,0,0,0,723.5929505,0,0,5.484302599,0,0,0,0,904.5940889,657.3476016,247.2464873,27.33333333,1.5,5.578312257,7.078312257,835.436484,2198.359998,3033.796482,2445.606485,3938.390571,1492.784086
MtPrindle1,554,A,17,7/9/2021,U.S. Creek,65.29811,-146.63409,1723330.011,343100.7282,520,19,130,xeric,1,dry,2015,2004,NA,11,NA,NA,NA,NA,11,SHORT,SHORT,Pre pre fire had aspen birch and black spruce; pre fire was aspen; lots of aspen resprouts ,"Burned aspen around site but not in plot; many unknown cwd were probably aspen; sandy, rocky; ashy layer below org indicating org is newly accumulated after 2015",0.25,1.256637061,NA,NA,Decid,276.1560903,138.0780451,3.866185264,1.933092632,272.289905,136.1449525,0,0,0,0,0,0,0,0,0,0,0,0,1216.730753,1740.879603,524.1488504,1.256637061,0,0,0,0,0,0,0,0.25,0,0,0,0,0,0,0,276.1560903,0,0,0,0,0,0,0,3.866185264,0,0,0,0,0,0,0,272.289905,0,0,0,0,0,0,0,1878.957648,1352.875705,526.0819431,11.33333333,1.083333333,5.204288386,6.287621719,609.5351338,2050.960735,2660.495868,2577.042678,4539.453517,1962.410839
MtPrindle1,554,B,17,7/9/2021,U.S. Creek,65.29811,-146.63409,1723330.011,343100.7282,520,19,130,xeric,1,dry,2015,2004,NA,11,NA,NA,NA,NA,11,SHORT,SHORT,Pre pre fire had aspen birch and black spruce; pre fire was aspen; lots of aspen resprouts ,"Burned aspen around site but not in plot; many unknown cwd were probably aspen; sandy, rocky; ashy layer below org indicating org is newly accumulated after 2015",0.45,3.232698841,NA,NA,Decid,775.6715762,387.8357881,46.05195997,23.02597998,729.6196162,364.8098081,0,0,0,0,0,0,0,0,0,0,0,0,1001.269482,1495.903324,494.6338421,3.232698841,0,0,0,0,0,0,0,0.45,0,0,0,0,0,0,0,775.6715762,0,0,0,0,0,0,0,46.05195997,0,0,0,0,0,0,0,729.6196162,0,0,0,0,0,0,0,1883.739112,1366.07929,517.6598221,21.5,2.583333333,4.067894958,6.651228291,1422.779994,1603.118854,3025.898848,2120.778676,4909.63796,2788.859285
MtPrindle1,570,B,18,7/9/2021,U.S. Creek,65.29825,-146.63603,1723335.495,343009.0082,528,14,212,xeric,1,dry,2015,2004,NA,11,NA,NA,NA,NA,11,SHORT,SHORT,"Pre pre fire was black spruce, birch, aspen; pre fire was aspen","Lots of aspen resprouts ; unknown cwd might be aspen;dry, sandy, all newly accumulated org",0.05,0.628318531,0.5,2.302053838,Decid,153.834719,76.9173595,12.14558531,6.072792654,141.6891337,70.84456685,123.111181,61.55559052,11.25138881,5.625694404,111.8597922,55.92989612,0,0,0,0,0,0,966.2122478,2339.967641,1373.755393,0.628318531,0,0,0,0,0,0,0,0.05,0,0,0,0,0,0,0,153.834719,0,0,0,0,0,0,0,12.14558531,0,0,0,0,0,0,0,141.6891337,0,0,0,0,0,0,0,2478.440591,1092.986711,1385.45388,27.33333333,7.5,0,11.41666667,3480.14872,0,3480.14872,1385.45388,5958.589311,4573.135431
MtPrindle1,570,C,18,7/9/2021,U.S. Creek,65.29825,-146.63603,1723335.495,343009.0082,528,14,212,xeric,1,dry,2015,2004,NA,11,NA,NA,NA,NA,11,SHORT,SHORT,"Pre pre fire was black spruce, birch, aspen; pre fire was aspen","Lots of aspen resprouts ; unknown cwd might be aspen;dry, sandy, all newly accumulated org",0.2,1.508357173,NA,NA,Mixed,393.0740813,196.5370406,26.86963952,13.43481976,366.2044418,183.1022209,0,0,0,0,0,0,0,0,0,0,0,0,776.9857407,1342.577185,565.5914444,0.761836218,0.746520954,0,0,0,0,0,0,0.1,0.1,0,0,0,0,0,0,175.2500142,217.8240671,0,0,0,0,0,0,21.42283636,5.446803159,0,0,0,0,0,0,153.8271779,212.3772639,0,0,0,0,0,0,1539.114226,960.0879616,579.0262642,36.33333333,2.75,2.871089653,5.621089653,1646.240135,1142.024604,2788.264739,1721.050869,4327.378965,2606.328096
MtPrindle1,576,A,19,7/9/2021,U.S. Creek,65.29662,-146.63892,1723140.047,342895.0376,469,11,175,xeric,1,dry,2015,2004,NA,11,NA,NA,NA,NA,11,SHORT,SHORT,Black spruce and aspen,Pre pre black spruce aspen and birch. pre fire aspen. Organic soil is newly accumulted.,0.55,6.844352295,0.8,0.515221195,Decid,1702.928856,851.4644281,36.09844321,18.0492216,1666.830413,833.4152065,23.58991403,11.79495701,1.573,0.7865,22.01691403,11.00845701,0,0,0,0,0,0,124.9992162,408.9968649,283.9976487,6.844352295,0,0,0,0,0,0,0,0.55,0,0,0,0,0,0,0,1702.928856,0,0,0,0,0,0,0,36.09844321,0,0,0,0,0,0,0,1666.830413,0,0,0,0,0,0,0,1272.25625,969.4228797,302.8333703,32,0.916666667,6.922184948,7.838851615,519.1745938,2727.96749,3247.142084,3030.800861,4519.398334,1488.597474
MtPrindle1,576,B,19,7/9/2021,U.S. Creek,65.29662,-146.63892,1723140.047,342895.0376,469,11,175,xeric,1,dry,2015,2004,NA,11,NA,NA,NA,NA,11,SHORT,SHORT,Black spruce and aspen,Pre pre black spruce aspen and birch. pre fire aspen. Organic soil is newly accumulted.,0.35,3.844916709,NA,NA,Decid,960.2644789,480.1322394,28.49362094,14.24681047,931.7708579,465.885429,0,0,0,0,0,0,0,0,0,0,0,0,133.3268116,533.3072465,399.9804349,3.491487535,0.353429174,0,0,0,0,0,0,0.3,0.05,0,0,0,0,0,0,858.6634914,101.6009875,0,0,0,0,0,0,21.91145412,6.582166816,0,0,0,0,0,0,836.7520373,95.01882067,0,0,0,0,0,0,1013.439486,599.2122406,414.2272454,32.66666667,0.833333333,6.652101776,7.48543511,473.9943238,2621.530272,3095.524595,3035.757517,4108.964081,1073.206564
MtPrindle1,576,C,19,7/9/2021,U.S. Creek,65.29662,-146.63892,1723140.047,342895.0376,469,11,175,xeric,1,dry,2015,2004,NA,11,NA,NA,NA,NA,11,SHORT,SHORT,Black spruce and aspen,Pre pre black spruce aspen and birch. pre fire aspen. Organic soil is newly accumulted.,0.4,2.037715535,0.5,0.176714587,Decid,492.3860843,246.1930421,13.68753558,6.843767791,478.6985487,239.3492744,7.843705541,3.921852771,2.081244026,1.040622013,5.762461515,2.881230758,0,0,0,0,0,0,117.6175695,326.2351389,208.6175695,2.037715535,0,0,0,0,0,0,0,0.4,0,0,0,0,0,0,0,492.3860843,0,0,0,0,0,0,0,13.68753558,0,0,0,0,0,0,0,478.6985487,0,0,0,0,0,0,0,576.3500338,359.8480746,216.5019593,22.66666667,1.416666667,5.616318559,7.032985226,790.256214,2213.337921,3003.594135,2429.839881,3579.944169,1150.104289
MtPrindle2,609,A,10,7/8/2021,Cripple Creek,65.30354,-146.59595,1724128.894,344802.6038,548,10,275,mesic-subxeric,3,moist,2019,2004,NA,15,NA,NA,NA,NA,15,SHORT,SHORT,Salix and betula shrub,"All tree were cwd ; older cwd included decay class in notes for all Prindle sites; rocky; very thin organic soil, tall shrubs. Mo thaw. ; seedlings should be in the tree inventory",0.15,17.93024737,1.1,5.120875742,Spruce,4499.17315,2249.586575,1214.209256,607.104628,3284.963894,1642.481947,346.3574305,173.1787153,0,0,346.3574305,173.1787153,0,0,0,0,0,0,171.1782928,424.5534457,253.3751529,0,0,17.93024737,0,0,0,0,0,0,0,0.15,0,0,0,0,0,0,0,0,4499.17315,0,0,0,0,0,0,0,1031.991181,0,0,0,0,0,0,0,3467.181969,0,0,0,0,2847.318736,1986.838955,860.4797809,38.66666667,1.916666667,8.463070974,10.37973764,529.5636623,1944.895957,2474.45962,2805.375738,5321.778356,2516.402617
MtPrindle2,609,B,10,7/8/2021,Cripple Creek,65.30354,-146.59595,1724128.894,344802.6038,548,10,275,mesic-subxeric,3,moist,2019,2004,NA,15,NA,NA,NA,NA,15,SHORT,SHORT,Salix and betula shrub,"All tree were cwd ; older cwd included decay class in notes for all Prindle sites; rocky; very thin organic soil, tall shrubs. Mo thaw. ; seedlings should be in the tree inventory",0.3,11.81042488,0.1,0.314366645,Spruce,3005.71875,1502.859375,747.2506882,373.6253441,2258.468062,1129.234031,21.04484493,10.52242247,0,0,21.04484493,10.52242247,0,0,0,0,0,0,0,0,0,0,0,11.81042488,0,0,0,0,0,0,0,0.3,0,0,0,0,0,0,0,0,3005.71875,0,0,0,0,0,0,0,647.0231882,0,0,0,0,0,0,0,2358.695562,0,0,0,0,1513.381797,1139.756453,373.6253441,45,3.666666667,5.2,8.866666667,1383.917117,1391.430011,2775.347127,1765.055355,4288.728925,2523.67357
MtPrindle2,587,A,8,7/8/2021,Cripple Creek,65.30515,-146.59331,1724320.897,344905.0696,553,18,300,mesic-subhygric,5,wet,2019,2004,NA,15,NA,NA,NA,NA,15,SHORT,SHORT,Shrub alder and betula. Pre pre fire was black spruce. No AR takenbecause no tres pre-fire.,Tree inventory data is all cwd bc dead from 2004 fire; all birch are shrubs,0.45,8.070358828,0.7,0.837316909,Spruce,2064.3471,1032.17355,219.2737402,109.6368701,1845.07336,922.5366799,27.84909347,13.92454673,2.020188242,1.010094121,25.82890523,12.91445261,0,0,0,0,0,0,0,0,0,0,0,8.070358828,0,0,0,0,0,0,0,0.45,0,0,0,0,0,0,0,0,2064.3471,0,0,0,0,0,0,0,219.2737402,0,0,0,0,0,0,0,1845.07336,0,0,0,0,1046.098097,935.4511325,110.6469642,64.66666667,18.5,0,19.83333333,8141.613235,0,8141.613235,110.6469642,9187.711332,9077.064368
MtPrindle2,587,B,8,7/8/2021,Cripple Creek,65.30515,-146.59331,1724320.897,344905.0696,553,18,300,mesic-subhygric,5,wet,2019,2004,NA,15,NA,NA,NA,NA,15,SHORT,SHORT,Shrub alder and betula. Pre pre fire was black spruce. No AR takenbecause no tres pre-fire.,Tree inventory data is all cwd bc dead from 2004 fire; all birch are shrubs,0.75,13.2123606,0.7,2.659532405,Spruce,3385.984,1692.992,478.5017591,239.2508795,2907.482241,1453.74112,130.7673415,65.38367076,0,0,130.7673415,65.38367076,0,0,0,0,0,0,51.31124347,152.9949739,101.6837304,0,0,13.2123606,0,0,0,0,0,0,0,0.75,0,0,0,0,0,0,0,0,3385.984,0,0,0,0,0,0,0,478.5017591,0,0,0,0,0,0,0,2907.482241,0,0,0,0,1911.370645,1570.436034,340.9346099,65,20,0,23.5,8351.244081,0,8351.244081,340.9346099,10262.61473,9921.680115
MtPrindle2,587,C,8,7/8/2021,Cripple Creek,65.30515,-146.59331,1724320.897,344905.0696,553,18,300,mesic-subhygric,5,wet,2019,2004,NA,15,NA,NA,NA,NA,15,SHORT,SHORT,Shrub alder and betula. Pre pre fire was black spruce. No AR takenbecause no tres pre-fire.,Tree inventory data is all cwd bc dead from 2004 fire; all birch are shrubs,0.15,2.838036263,3.2,4.302411139,Spruce,727.106175,363.5530875,61.86412439,30.93206219,665.2420506,332.6210253,208.2261899,104.113095,17.20812118,8.604060588,191.0180688,95.50903438,0,0,0,0,0,0,0,0,0,0,0,2.838036263,0,0,0,0,0,0,0,0.15,0,0,0,0,0,0,0,0,727.106175,0,0,0,0,0,0,0,61.86412439,0,0,0,0,0,0,0,665.2420506,0,0,0,0,467.6661825,428.1300597,39.53612278,72,31.83333333,0,38.88888889,13637.45073,0,13637.45073,39.53612278,14105.11692,14065.58079
MtPrindle2,607,A,9,7/8/2021,Cripple Creek,65.30201,-146.60059,1723935.374,344606.3736,494,14,240,subxeric,2,dry,2019,2004,NA,15,NA,NA,NA,NA,15,SHORT,SHORT,Aspen some spruce,All trees are coarse. After 20 m not burned;  rocky; dry and sandy; maybe only patchy reburn,0.35,2.954667891,NA,NA,Spruce,772.0777289,386.0388644,165.0133265,82.50666327,607.0644023,303.5322012,0,0,0,0,0,0,0,0,0,0,0,0,210.4389134,617.7556536,407.3167402,0.157079633,0,2.797588258,0,0,0,0,0,0.05,0,0.3,0,0,0,0,0,32.11637886,0,0,739.96135,0,0,0,0,0.449629304,0,0,155.4186972,0,0,0,0,31.66674955,0,0,584.5426528,0,0,0,0,1003.794518,513.9711146,489.8234034,26.33333333,7.083333333,3.114283618,10.19761695,3406.938743,536.6611043,3943.599848,1026.484508,4947.394366,3920.909858
MtPrindle2,607,B,9,7/8/2021,Cripple Creek,65.30201,-146.60059,1723935.374,344606.3736,494,14,240,subxeric,2,dry,2019,2004,NA,15,NA,NA,NA,NA,15,SHORT,SHORT,Aspen some spruce,All trees are coarse. After 20 m not burned;  rocky; dry and sandy; maybe only patchy reburn,0.8,15.25321773,NA,NA,Spruce,3859.167179,1929.583589,342.984391,171.4921955,3516.182788,1758.091394,0,0,0,0,0,0,0,0,0,0,0,0,141.844767,189.126356,47.28158901,0.002356194,0,15.25086154,0,0,0,0,0,0.3,0,0.5,0,0,0,0,0,3.034828973,0,0,3856.13235,0,0,0,0,0.042487606,0,0,342.9419034,0,0,0,0,2.992341367,0,0,3513.190447,0,0,0,0,2118.709945,1899.936161,218.7737845,32.66666667,5.666666667,4.274562857,9.941229524,3016.773705,1264.172621,4280.946327,1482.946406,6399.656272,4916.709866
MtPrindle2,607,C,9,7/8/2021,Cripple Creek,65.30201,-146.60059,1723935.374,344606.3736,494,14,240,subxeric,2,dry,2019,2004,NA,15,NA,NA,NA,NA,15,SHORT,SHORT,Aspen some spruce,All trees are coarse. After 20 m not burned;  rocky; dry and sandy; maybe only patchy reburn,1.55,6.478356751,NA,NA,Spruce,1757.060273,878.5301365,128.9704043,64.48520213,1628.089869,814.0449344,0,0,0,0,0,0,0,0,0,0,0,0,449.1456863,449.1456863,0,0.830558558,0,5.647798193,0,0,0,0,0,0.15,0,1.4,0,0,0,0,0,206.477173,0,0,1550.5831,0,0,0,0,2.890680422,0,0,126.0797238,0,0,0,0,203.5864926,0,0,1424.503376,0,0,0,0,1327.675823,1263.190621,64.48520213,52,6.166666667,3.981455143,10.14812181,2897.346051,736.3853239,3633.731375,800.870526,4961.407198,4160.536672
MtPrindle2,617,B,11,7/8/2021,Cripple Creek,65.30348,-146.59381,1724133.362,344902.5931,564,10,270,subxeric,2,dry,2019,2004,NA,15,NA,NA,NA,NA,15,SHORT,SHORT,Tall salix and betula shrubs,All trees are cwd; old cwd is NA for all but coarse and decay class is in notes; rocky and sandy; unburned decid around site about 30 m away,0.1,13.82182958,1.5,6.580166428,Spruce,3464.98645,1732.493225,854.1558881,427.0779441,2610.830562,1305.415281,350.6510351,175.3255175,0,0,350.6510351,175.3255175,0,0,0,0,0,0,198.1916185,396.383237,198.1916185,0,0,13.82182958,0,0,0,0,0,0,0,0.1,0,0,0,0,0,0,0,0,3464.98645,0,0,0,0,0,0,0,706.0187881,0,0,0,0,0,0,0,2758.967662,0,0,0,0,2304.20198,1678.932417,625.2695626,32.33333333,2.166666667,7.692713284,9.859379951,945.492977,2410.59236,3356.085337,3035.861923,5660.287317,2624.425394
MtPrindle2,617,C,11,7/8/2021,Cripple Creek,65.30348,-146.59381,1724133.362,344902.5931,564,10,270,subxeric,2,dry,2019,2004,NA,15,NA,NA,NA,NA,15,SHORT,SHORT,Tall salix and betula shrubs,All trees are cwd; old cwd is NA for all but coarse and decay class is in notes; rocky and sandy; unburned decid around site about 30 m away,0.35,31.31421747,0.6,0.953473746,Spruce,7864.92485,3932.462425,1902.171544,951.0857722,5962.753306,2981.376653,44.95389259,22.4769463,0,0,44.95389259,22.4769463,0,0,0,0,0,0,21.01570334,84.06281336,63.04711002,0,0,31.31421747,0,0,0,0,0,0,0,0.35,0,0,0,0,0,0,0,0,7864.92485,0,0,0,0,0,0,0,1587.274044,0,0,0,0,0,0,0,6277.650806,0,0,0,0,4039.002185,3024.869303,1014.132882,50,4.666666667,5.519233717,10.18590038,1446.439503,1121.466737,2567.906241,2135.599619,6606.908425,4471.308806
MtPrindle2,609,C,10,7/8/2021,Cripple Creek,65.30354,-146.59595,1724128.894,344802.6038,548,10,275,mesic-subxeric,3,moist,2019,2004,NA,15,NA,NA,NA,NA,15,SHORT,SHORT,Salix and betula shrub,"All tree were cwd ; older cwd included decay class in notes for all Prindle sites; rocky; very thin organic soil, tall shrubs. Mo thaw. ; seedlings should be in the tree inventory",0.05,1.021410311,2.7,17.13796842,Spruce,264.98785,132.493925,67.16621366,33.58310683,197.8216363,98.91081817,1848.579734,924.289867,18.94222807,9.471114034,1829.637506,914.818753,0,0,0,0,0,0,72.83591144,119.5468229,46.71091144,0,0,1.021410311,0,0,0,0,0,0,0,0.05,0,0,0,0,0,0,0,0,264.98785,0,0,0,0,0,0,0,67.16621366,0,0,0,0,0,0,0,197.8216363,0,0,0,0,1176.330615,1086.565483,89.76513231,31,4.75,5.463539483,10.21353948,1530.063727,1106.912499,2636.976225,1196.677631,3813.30684,2616.629209
MtPrindle2,617,A,11,7/8/2021,Cripple Creek,65.30348,-146.59381,1724133.362,344902.5931,564,10,270,subxeric,2,dry,2019,2004,NA,15,NA,NA,NA,NA,15,SHORT,SHORT,Tall salix and betula shrubs,All trees are cwd; old cwd is NA for all but coarse and decay class is in notes; rocky and sandy; unburned decid around site about 30 m away,0.05,0.000392699,1.2,2.050492157,Spruce,0,0,0,0,0,0,99.98618967,49.99309483,0,0,99.98618967,49.99309483,0,0,0,0,0,0,0,0,0,NA,NA,NA,NA,NA,NA,NA,NA,NA,NA,NA,NA,NA,NA,NA,NA,0,0,0,0,0,0,0,0,0,0,0,0,0,0,0,0,0,0,0,0,0,0,0,0,49.99309483,49.99309483,0,34,2,10.13748394,12.13748394,537.1606101,2454.006949,2991.167559,2454.006949,3041.160654,587.153705
MtPrindle2,624,C,12,7/8/2021,Cripple Creek,65.30271,-146.59625,1724035.421,344798.9807,539,9,255,subxeric,2,dry,2019,2004,NA,15,NA,NA,NA,NA,15,SHORT,SHORT,Tall salix and betula;,spruce birch and aspen seedlings that survived 2004 fire; deciduous surrounding; all trees are cwd; rocky,0.05,0.000392699,1.3,4.238018885,Spruce,0,0,0,0,0,0,219.6828461,109.841423,0,0,219.6828461,109.841423,1077.939961,538.9699806,0,0,1077.939961,538.9699806,310.7794217,390.4154224,79.63600074,NA,NA,NA,NA,NA,NA,NA,NA,NA,NA,NA,NA,NA,NA,NA,NA,0,0,0,0,0,0,0,0,0,0,0,0,0,0,0,0,0,0,0,0,0,0,0,0,1039.226826,959.5908253,79.63600074,30,1.5,8.904151175,10.40415117,643.4977989,2076.417918,2719.915716,2156.053918,3759.142542,1603.088624
MtPrindle2,627,A,13,7/8/2021,Cripple Creek,65.30458,-146.59543,1724246.765,344813.8249,539,18,290,mesic,4,moist,2019,2004,NA,15,NA,NA,NA,NA,15,SHORT,SHORT,"Betula shrub, ","All tree inventory data is cwd ; rocky soils. Typical reborn, lnW facing slope",0.1,10.54711194,NA,NA,Spruce,2656.449343,1328.224671,492.4760949,246.2380475,2163.973248,1081.986624,0,0,0,0,0,0,0,0,0,0,0,0,57.84965297,77.13287063,19.28321766,0,0,9.679639665,0,0,0.867472271,0,0,0,0,0.05,0,0,0.05,0,0,0,0,0,2422.38465,0,234.0646926,0,0,0,0,0,363.4179227,0,24.67247224,0,0,0,0,0,2058.966727,0,209.3922204,0,0,1405.357542,1139.836277,265.5212652,45,7.75,2.550494304,11.28366287,2870.813692,414.9443672,3285.758059,680.4656324,4691.115601,4010.649969
MtPrindle2,624,A,12,7/8/2021,Cripple Creek,65.30271,-146.59625,1724035.421,344798.9807,539,9,255,subxeric,2,dry,2019,2004,NA,15,NA,NA,NA,NA,15,SHORT,SHORT,Tall salix and betula;,spruce birch and aspen seedlings that survived 2004 fire; deciduous surrounding; all trees are cwd; rocky,0.15,0.002356194,NA,NA,Spruce,3.680796491,1.840398246,0.17845077,0.089225385,3.502345721,1.751172861,0,0,0,0,0,0,0,0,0,0,0,0,210.0378117,840.1512467,630.113435,0,0.001570796,0.000785398,0,0,0,0,0,0,0.05,0.1,0,0,0,0,0,0,0.205896491,0,3.4749,0,0,0,0,0,0.002882551,0,0.175568219,0,0,0,0,0,0.20301394,0,3.299331781,0,0,0,0,841.9916449,211.7889845,630.2026604,36.66666667,2.333333333,7.874950797,10.20828413,1078.642538,1772.591261,2851.2338,2402.793922,3693.225445,1290.431523
MtPrindle2,624,B,12,7/8/2021,Cripple Creek,65.30271,-146.59625,1724035.421,344798.9807,539,9,255,subxeric,2,dry,2019,2004,NA,15,NA,NA,NA,NA,15,SHORT,SHORT,Tall salix and betula;,spruce birch and aspen seedlings that survived 2004 fire; deciduous surrounding; all trees are cwd; rocky,0.25,2.150420171,0.2,0.567057474,Spruce,547.72215,273.861075,99.74909917,49.87454959,447.9730508,223.9865254,29.00252435,14.50126217,24.5191561,12.25957805,4.483368245,2.241684123,229.7250407,114.8625203,0,0,229.7250407,114.8625203,260.0032331,1040.012932,780.0096993,0,0,2.150420171,0,0,0,0,0,0,0,0.25,0,0,0,0,0,0,0,0,547.72215,0,0,0,0,0,0,0,98.92829917,0,0,0,0,0,0,0,448.7938508,0,0,0,0,1443.23779,601.0939629,842.143827,40,4.916666667,5.479499511,10.39616618,2578.121016,1111.078889,3689.199905,1953.222716,5132.437695,3179.214979
MtPrindle2,627,B,13,7/8/2021,Cripple Creek,65.30458,-146.59543,1724246.765,344813.8249,539,18,290,mesic,4,moist,2019,2004,NA,15,NA,NA,NA,NA,15,SHORT,SHORT,"Betula shrub, ","All tree inventory data is cwd ; rocky soils. Typical reborn, lnW facing slope",0.3,11.62428552,1.8,2.481072798,Spruce,2957.3433,1478.67165,729.2062254,364.6031127,2228.137075,1114.068537,111.9049499,55.95247494,0,0,111.9049499,55.95247494,520.2242805,260.1121403,0,0,520.2242805,260.1121403,0,0,0,0,0,11.62428552,0,0,0,0,0,0,0,0.3,0,0,0,0,0,0,0,0,2957.3433,0,0,0,0,0,0,0,636.5585254,0,0,0,0,0,0,0,2320.784775,0,0,0,0,1794.736265,1430.133152,364.6031127,64.33333333,15.33333333,0,16.22222222,6374.492964,0,6374.492964,364.6031127,8169.229229,7804.626116
MtPrindle2,627,C,13,7/8/2021,Cripple Creek,65.30458,-146.59543,1724246.765,344813.8249,539,18,290,mesic,4,moist,2019,2004,NA,15,NA,NA,NA,NA,15,SHORT,SHORT,"Betula shrub, ","All tree inventory data is cwd ; rocky soils. Typical reborn, lnW facing slope",0.2,13.34705639,2.7,4.029092578,Spruce,3367.6458,1683.8229,630.9141622,315.4570811,2736.731638,1368.365819,184.878922,92.43946101,14.89586989,7.447934945,169.9830521,84.99152606,71.32077471,35.66038735,0,0,71.32077471,35.66038735,13.0625,52.25,39.1875,0,0,13.34705639,0,0,0,0,0,0,0,0.2,0,0,0,0,0,0,0,0,3367.6458,0,0,0,0,0,0,0,583.2884622,0,0,0,0,0,0,0,2784.357338,0,0,0,0,1864.172748,1502.080232,362.092516,68.33333333,9.833333333,0.580170803,10.77566942,3792.165569,61.62247003,3853.788039,423.7149861,5717.960787,5294.245801
